graph_id,graph_hash,m,n,sample_id,seed,delete_probability,probability_bucket_index,attempt_index,deleted_cross_edges,deleted_edge_count,num_edges,L,x_star_bits,x_star_index,mis_size,x_star_left_count,x_star_right_count
cklr_m3_s00_543e14c1fb9c4fc0,543e14c1fb9c4fc0,3,9,0,5795842101901549749,0.03,0,1,"[[0,1,0]]",1,23,288,"[1,1,1,0,0,0,0,0,0]",7,3,3,0
cklr_m3_s01_e2dbd8959f6b89bd,e2dbd8959f6b89bd,3,9,1,2001898137051181627,0.03,0,3,"[[0,1,1]]",1,23,288,"[1,1,1,0,0,0,0,0,0]",7,3,3,0
cklr_m3_s02_26f1184d953be106,26f1184d953be106,3,9,2,5266796739436798575,0.03,0,34,"[[0,1,0],[2,0,1]]",2,22,279,"[1,1,1,0,0,0,0,0,0]",7,3,3,0
cklr_m3_s03_f9eb02ae39174d9a,f9eb02ae39174d9a,3,9,3,8872411207113517221,0.03,0,11,"[[1,1,1]]",1,23,288,"[1,1,1,0,0,0,0,0,0]",7,3,3,0
cklr_m3_s05_076797d9321de9d9,076797d9321de9d9,3,9,5,4220269119644436256,0.03,0,14,"[[1,0,0]]",1,23,288,"[1,1,1,0,0,0,0,0,0]",7,3,3,0
cklr_m3_s06_353050acb13ed028,353050acb13ed028,3,9,6,6703737885001815866,0.03,0,17,"[[2,0,0]]",1,23,288,"[1,1,1,0,0,0,0,0,0]",7,3,3,0
cklr_m3_s07_abc5b9ecea799bd8,abc5b9ecea799bd8,3,9,7,8531886351036377610,0.03,0,29,"[[1,0,2]]",1,23,288,"[1,1,1,0,0,0,0,0,0]",7,3,3,0
cklr_m3_s08_be0995712f602aae,be0995712f602aae,3,9,8,697842740858969045,0.03,0,30,"[[2,1,1]]",1,23,288,"[1,1,1,0,0,0,0,0,0]",7,3,3,0
cklr_m3_s09_72d015b8de33b041,72d015b8de33b041,3,9,9,6615417545838800994,0.03,0,21,"[[1,0,0],[2,1,0]]",2,22,279,"[1,1,1,0,0,0,0,0,0]",7,3,3,0
cklr_m3_s10_f9561adc5b4db14e,f9561adc5b4db14e,3,9,10,8991676999248212059,0.03,0,35,"[[1,0,2],[2,1,2]]",2,22,279,"[1,1,1,0,0,0,0,0,0]",7,3,3,0
cklr_m3_s11_0705c58ae270fade,0705c58ae270fade,3,9,11,2258410574889580943,0.03,0,40,"[[0,1,0],[2,0,0]]",2,22,279,"[1,1,1,0,0,0,0,0,0]",7,3,3,0
cklr_m3_s12_bcbedf8fb959efd7,bcbedf8fb959efd7,3,9,12,1253517718323070909,0.03,0,42,"[[2,1,2]]",1,23,288,"[1,1,1,0,0,0,0,0,0]",7,3,3,0
cklr_m3_s13_198a932c0fcbcb2c,198a932c0fcbcb2c,3,9,13,3910390575111148266,0.03,0,45,"[[0,1,0],[2,1,2]]",2,22,279,"[1,1,1,0,0,0,0,0,0]",7,3,3,0
cklr_m3_s14_5abb694d76af8aef,5abb694d76af8aef,3,9,14,2295013752709288223,0.03,0,46,"[[1,0,1]]",1,23,288,"[1,1,1,0,0,0,0,0,0]",7,3,3,0
cklr_m3_s15_2118ce9772a7864e,2118ce9772a7864e,3,9,15,5417933993739570793,0.03,0,48,"[[1,1,1],[2,0,1]]",2,22,279,"[1,1,1,0,0,0,0,0,0]",7,3,3,0
cklr_m3_s17_98e0a20f1e773a18,98e0a20f1e773a18,3,9,17,8077670299179885230,0.03,0,59,"[[2,0,2]]",1,23,288,"[1,1,1,0,0,0,0,0,0]",7,3,3,0
cklr_m3_s18_b313536bb1013fd3,b313536bb1013fd3,3,9,18,6035208787707141806,0.03,0,60,"[[2,1,0]]",1,23,288,"[1,1,1,0,0,0,0,0,0]",7,3,3,0
cklr_m3_s19_29a707e0354328ca,29a707e0354328ca,3,9,19,5191300779465169152,0.03,0,73,"[[0,0,0]]",1,23,288,"[1,1,1,0,0,0,0,0,0]",7,3,3,0
cklr_m3_s20_614b2c6e2f0f7f0f,614b2c6e2f0f7f0f,3,9,20,7350743537611087512,0.05,1,10,"[[1,1,2],[2,1,0]]",2,22,279,"[1,1,1,0,0,0,0,0,0]",7,3,3,0
cklr_m3_s21_eb71366301741e6e,eb71366301741e6e,3,9,21,6054525439224775637,0.05,1,13,"[[0,1,0],[1,0,2]]",2,22,279,"[1,1,1,0,0,0,0,0,0]",7,3,3,0
cklr_m3_s22_f9571918f1e47613,f9571918f1e47613,3,9,22,6575660509030434226,0.05,1,14,"[[0,1,0],[1,1,1]]",2,22,279,"[1,1,1,0,0,0,0,0,0]",7,3,3,0
cklr_m3_s23_9648b9132b416669,9648b9132b416669,3,9,23,4212590004224949674,0.05,1,27,"[[0,0,1]]",1,23,288,"[1,1,1,0,0,0,0,0,0]",7,3,3,0
cklr_m3_s24_018ec6194b5d628a,018ec6194b5d628a,3,9,24,4170319534049489616,0.05,1,28,"[[0,0,0],[1,1,2]]",2,22,279,"[1,1,1,0,0,0,0,0,0]",7,3,3,0
cklr_m3_s25_6015e97cb7e184ba,6015e97cb7e184ba,3,9,25,800083384293754550,0.05,1,29,"[[0,0,2]]",1,23,288,"[1,1,1,0,0,0,0,0,0]",7,3,3,0
cklr_m3_s26_db571ddbc24c4ece,db571ddbc24c4ece,3,9,26,5910649804657706146,0.05,1,34,"[[1,1,0]]",1,23,288,"[1,1,1,0,0,0,0,0,0]",7,3,3,0
cklr_m3_s27_f0334b6301c690e1,f0334b6301c690e1,3,9,27,4230058788579232859,0.05,1,39,"[[1,1,2]]",1,23,288,"[1,1,1,0,0,0,0,0,0]",7,3,3,0
cklr_m3_s28_0401d902cf980057,0401d902cf980057,3,9,28,5529320639870506422,0.03,0,63,"[[0,1,1],[1,1,2]]",2,22,279,"[1,1,1,0,0,0,0,0,0]",7,3,3,0
cklr_m3_s29_19e1e5b079e52a74,19e1e5b079e52a74,3,9,29,582727656478056765,0.05,1,49,"[[2,0,1]]",1,23,288,"[1,1,1,0,0,0,0,0,0]",7,3,3,0
cklr_m3_s30_a167c8c9e09395ac,a167c8c9e09395ac,3,9,30,4880988683069686344,0.03,0,79,"[[0,1,2],[1,0,1]]",2,22,279,"[1,1,1,0,0,0,0,0,0]",7,3,3,0
cklr_m3_s31_73925ee11ddc5dc5,73925ee11ddc5dc5,3,9,31,4730959470120351323,0.03,0,86,"[[0,1,1],[1,1,2],[2,0,1]]",3,21,270,"[1,1,1,0,0,0,0,0,0]",7,3,3,0
cklr_m3_s32_a08bd02b60d8fc49,a08bd02b60d8fc49,3,9,32,5918027568631525547,0.05,1,57,"[[0,1,2],[1,0,2]]",2,22,279,"[1,1,1,0,0,0,0,0,0]",7,3,3,0
cklr_m3_s34_548d61d5aa346e07,548d61d5aa346e07,3,9,34,4276259969809057772,0.05,1,62,"[[1,1,1],[1,1,2]]",2,22,279,"[1,1,1,0,0,0,0,0,0]",7,3,3,0
cklr_m3_s35_66ef475e78d4cc5c,66ef475e78d4cc5c,3,9,35,1524370229821964174,0.05,1,64,"[[0,1,1],[1,0,2]]",2,22,279,"[1,1,1,0,0,0,0,0,0]",7,3,3,0
cklr_m3_s36_7aa085d179f11036,7aa085d179f11036,3,9,36,6646281512556041818,0.03,0,149,"[[0,1,1],[0,1,2]]",2,22,279,"[1,1,1,0,0,0,0,0,0]",7,3,3,0
cklr_m3_s37_26f6344a9ed63d7c,26f6344a9ed63d7c,3,9,37,6827916607056466125,0.05,1,69,"[[0,1,1],[1,1,2],[2,1,0]]",3,21,270,"[1,1,1,0,0,0,0,0,0]",7,3,3,0
cklr_m3_s38_0f24be9e0ebb6b18,0f24be9e0ebb6b18,3,9,38,2563494197057785625,0.05,1,81,"[[0,0,2],[2,0,1]]",2,22,279,"[1,1,1,0,0,0,0,0,0]",7,3,3,0
cklr_m3_s39_928ce6228d019f4b,928ce6228d019f4b,3,9,39,5140011730318378197,0.05,1,82,"[[0,1,0],[1,1,1],[2,0,0]]",3,21,270,"[1,1,1,0,0,0,0,0,0]",7,3,3,0
cklr_m3_s40_901151eb0e311dd5,901151eb0e311dd5,3,9,40,7872731804584643019,0.03,0,102,"[[0,1,0],[1,0,1]]",2,22,279,"[1,1,1,0,0,0,0,0,0]",7,3,3,0
cklr_m3_s41_b8bfeeda5e4873e6,b8bfeeda5e4873e6,3,9,41,208797976902849814,0.03,0,157,"[[1,0,0],[2,0,1]]",2,22,279,"[1,1,1,0,0,0,0,0,0]",7,3,3,0
cklr_m3_s42_4664d9986963152f,4664d9986963152f,3,9,42,5822592977001533761,0.05,1,96,"[[0,1,1],[2,0,0]]",2,22,279,"[1,1,1,0,0,0,0,0,0]",7,3,3,0
cklr_m3_s43_f6fff9ee64e28210,f6fff9ee64e28210,3,9,43,5690495085980298533,0.03,0,180,"[[2,1,0],[2,1,2]]",2,22,279,"[1,1,1,0,0,0,0,0,0]",7,3,3,0
cklr_m3_s44_537b11ddbc56fc0d,537b11ddbc56fc0d,3,9,44,1274985695481950377,0.05,1,4,"[[0,0,0],[1,1,2],[2,1,1]]",3,21,270,"[1,1,1,0,0,0,0,0,0]",7,3,3,0
cklr_m3_s45_dcac022da38e2c98,dcac022da38e2c98,3,9,45,3187178570674813972,0.07,2,6,"[[0,0,0],[2,1,1]]",2,22,279,"[1,1,1,0,0,0,0,0,0]",7,3,3,0
cklr_m3_s46_8662bdfb3eaa9c2c,8662bdfb3eaa9c2c,3,9,46,5150385778178975247,0.05,1,10,"[[2,0,0],[2,0,2]]",2,22,279,"[1,1,1,0,0,0,0,0,0]",7,3,3,0
cklr_m3_s47_e935285ae0d46423,e935285ae0d46423,3,9,47,2678369069045424552,0.07,2,9,"[[1,1,0],[2,0,2]]",2,22,279,"[1,1,1,0,0,0,0,0,0]",7,3,3,0
cklr_m3_s48_bea0d1a409cd4322,bea0d1a409cd4322,3,9,48,1923048142549652179,0.07,2,12,"[[0,1,2]]",1,23,288,"[1,1,1,0,0,0,0,0,0]",7,3,3,0
cklr_m3_s49_790b1ff69e66ad44,790b1ff69e66ad44,3,9,49,7594233306507828882,0.05,1,12,"[[1,0,2],[2,1,1]]",2,22,279,"[1,1,1,0,0,0,0,0,0]",7,3,3,0
cklr_m3_s50_ca192fc49275011d,ca192fc49275011d,3,9,50,264964453820758893,0.05,1,16,"[[0,0,1],[2,1,1]]",2,22,279,"[1,1,1,0,0,0,0,0,0]",7,3,3,0
cklr_m3_s51_442cd3b1e63c35c6,442cd3b1e63c35c6,3,9,51,5413535096679172635,0.07,2,19,"[[1,0,1],[2,1,0]]",2,22,279,"[1,1,1,0,0,0,0,0,0]",7,3,3,0
cklr_m3_s52_5b4225ae6316c524,5b4225ae6316c524,3,9,52,5711039986143013941,0.07,2,20,"[[0,0,0],[2,1,2]]",2,22,279,"[1,1,1,0,0,0,0,0,0]",7,3,3,0
cklr_m3_s53_fd7cf252d857bd89,fd7cf252d857bd89,3,9,53,5229037885876872367,0.07,2,21,"[[0,1,2],[1,0,1],[2,1,0]]",3,21,270,"[1,1,1,0,0,0,0,0,0]",7,3,3,0
cklr_m3_s55_b18fb8539949ab91,b18fb8539949ab91,3,9,55,6735300540126293264,0.07,2,36,"[[1,1,2],[2,0,2]]",2,22,279,"[1,1,1,0,0,0,0,0,0]",7,3,3,0
cklr_m3_s57_db53dc1ffc36791d,db53dc1ffc36791d,3,9,57,6252937660767957061,0.07,2,41,"[[0,0,1],[1,0,2]]",2,22,279,"[1,1,1,0,0,0,0,0,0]",7,3,3,0
cklr_m3_s58_561497856ee06628,561497856ee06628,3,9,58,7417722620547943573,0.07,2,43,"[[0,1,2],[1,0,0],[2,0,2]]",3,21,270,"[1,1,1,0,0,0,0,0,0]",7,3,3,0
cklr_m3_s59_ce978e7a6447ecff,ce978e7a6447ecff,3,9,59,6788912246420480380,0.07,2,7,"[[0,0,0],[1,0,2],[2,0,1]]",3,21,270,"[1,1,1,0,0,0,0,0,0]",7,3,3,0
cklr_m3_s60_4e5de30f7d1ab6bb,4e5de30f7d1ab6bb,3,9,60,2520343485711471120,0.07,2,50,"[[1,0,1],[2,1,1]]",2,22,279,"[1,1,1,0,0,0,0,0,0]",7,3,3,0
cklr_m3_s61_5e61e83f9d31d5b5,5e61e83f9d31d5b5,3,9,61,1624584575165592309,0.07,2,51,"[[1,1,0],[1,1,1],[2,0,0]]",3,21,270,"[1,1,1,0,0,0,0,0,0]",7,3,3,0
cklr_m3_s62_6190cb14ad721650,6190cb14ad721650,3,9,62,4150982853015701194,0.07,2,58,"[[0,1,1],[1,0,0]]",2,22,279,"[1,1,1,0,0,0,0,0,0]",7,3,3,0
cklr_m3_s63_97aeda28cba6fd12,97aeda28cba6fd12,3,9,63,8464372433953650691,0.07,2,8,"[[0,1,1],[1,0,0],[2,0,1]]",3,21,270,"[1,1,1,0,0,0,0,0,0]",7,3,3,0
cklr_m3_s64_b576c55e3ddc46e3,b576c55e3ddc46e3,3,9,64,8866618483901394445,0.07,2,61,"[[0,1,0],[1,0,2],[2,0,0]]",3,21,270,"[1,1,1,0,0,0,0,0,0]",7,3,3,0
cklr_m3_s65_0d4d3ff6bb58ffcd,0d4d3ff6bb58ffcd,3,9,65,8224230638319967241,0.03,0,144,"[[0,1,2],[2,1,0]]",2,22,279,"[1,1,1,0,0,0,0,0,0]",7,3,3,0
cklr_m3_s66_b5a8a8142a513996,b5a8a8142a513996,3,9,66,5090624312308891740,0.03,0,162,"[[1,1,2],[2,1,1]]",2,22,279,"[1,1,1,0,0,0,0,0,0]",7,3,3,0
cklr_m3_s67_dc5c342821cd63da,dc5c342821cd63da,3,9,67,745753676819119903,0.07,2,69,"[[0,1,1],[1,1,0]]",2,22,279,"[1,1,1,0,0,0,0,0,0]",7,3,3,0
cklr_m3_s68_f17bb890dbeb5015,f17bb890dbeb5015,3,9,68,1500895030783068030,0.07,2,70,"[[0,1,0],[1,1,2]]",2,22,279,"[1,1,1,0,0,0,0,0,0]",7,3,3,0
cklr_m3_s69_0d21de78c955f1e3,0d21de78c955f1e3,3,9,69,1985297699215775156,0.03,0,165,"[[0,0,1],[1,1,0],[1,1,1]]",3,21,270,"[1,1,1,0,0,0,0,0,0]",7,3,3,0
cklr_m3_s70_9151a5d4dcc133b7,9151a5d4dcc133b7,3,9,70,2273653643454064723,0.03,0,172,"[[0,1,1],[2,1,0]]",2,22,279,"[1,1,1,0,0,0,0,0,0]",7,3,3,0
cklr_m3_s71_d7a279ff9849210b,d7a279ff9849210b,3,9,71,6701067134000120756,0.07,2,20,"[[1,0,0],[2,0,2]]",2,22,279,"[1,1,1,0,0,0,0,0,0]",7,3,3,0
cklr_m3_s72_a588d4fd40e02902,a588d4fd40e02902,3,9,72,1265218897847220291,0.03,0,192,"[[2,0,1],[2,0,2]]",2,22,279,"[1,1,1,0,0,0,0,0,0]",7,3,3,0
cklr_m3_s73_39b14ad9618f9dd1,39b14ad9618f9dd1,3,9,73,4615884754114119450,0.07,2,27,"[[0,0,1],[2,0,0]]",2,22,279,"[1,1,1,0,0,0,0,0,0]",7,3,3,0
cklr_m3_s74_7d9001050ad43695,7d9001050ad43695,3,9,74,3556028845014502232,0.07,2,79,"[[0,1,0],[2,0,2]]",2,22,279,"[1,1,1,0,0,0,0,0,0]",7,3,3,0
cklr_m3_s75_e75aa6af92f1ac5a,e75aa6af92f1ac5a,3,9,75,6907188616136649943,0.09,3,1,"[[1,0,0],[1,0,2]]",2,22,279,"[1,1,1,0,0,0,0,0,0]",7,3,3,0
cklr_m3_s76_ff0cd78129a5345d,ff0cd78129a5345d,3,9,76,5763566612024779477,0.09,3,2,"[[0,0,2],[1,0,0]]",2,22,279,"[1,1,1,0,0,0,0,0,0]",7,3,3,0
cklr_m3_s78_047c073c21856f9a,047c073c21856f9a,3,9,78,4198078210879085471,0.09,3,4,"[[0,0,1],[2,1,2]]",2,22,279,"[1,1,1,0,0,0,0,0,0]",7,3,3,0
cklr_m3_s79_40a8a8809b70ec29,40a8a8809b70ec29,3,9,79,3148449138601025921,0.09,3,3,"[[0,1,2],[1,1,0],[2,0,2]]",3,21,270,"[1,1,1,0,0,0,0,0,0]",7,3,3,0
cklr_m3_s80_bd6eacbeb40db5b3,bd6eacbeb40db5b3,3,9,80,8281592274122432514,0.09,3,16,"[[2,1,1],[2,1,2]]",2,22,279,"[1,1,1,0,0,0,0,0,0]",7,3,3,0
cklr_m3_s81_6504518010603d3d,6504518010603d3d,3,9,81,6187481021137573073,0.03,0,218,"[[0,0,2],[2,1,2]]",2,22,279,"[1,1,1,0,0,0,0,0,0]",7,3,3,0
cklr_m3_s82_10b8c6330d3875a3,10b8c6330d3875a3,3,9,82,8153580180947665620,0.09,3,20,"[[0,0,1],[2,0,2]]",2,22,279,"[1,1,1,0,0,0,0,0,0]",7,3,3,0
cklr_m3_s84_e664583e08cc7346,e664583e08cc7346,3,9,84,7754449582049608921,0.09,3,9,"[[0,0,0],[0,0,2]]",2,22,279,"[1,1,1,0,0,0,0,0,0]",7,3,3,0
cklr_m3_s85_2999892e526ead39,2999892e526ead39,3,9,85,3347069064896443579,0.03,0,268,"[[1,1,0],[2,1,2]]",2,22,279,"[1,1,1,0,0,0,0,0,0]",7,3,3,0
cklr_m3_s86_beba379d829e8a76,beba379d829e8a76,3,9,86,4868739853437458745,0.09,3,31,"[[0,0,0],[1,1,1]]",2,22,279,"[1,1,1,0,0,0,0,0,0]",7,3,3,0
cklr_m3_s87_a71e0abd02cff8be,a71e0abd02cff8be,3,9,87,1018958813094254052,0.09,3,32,"[[0,0,1],[1,1,1]]",2,22,279,"[1,1,1,0,0,0,0,0,0]",7,3,3,0
cklr_m3_s89_bf73e209254c2666,bf73e209254c2666,3,9,89,7320478715643625163,0.09,3,34,"[[0,0,0],[0,0,2],[2,0,1]]",3,21,270,"[1,1,1,0,0,0,0,0,0]",7,3,3,0
cklr_m3_s91_89a78314ef34711f,89a78314ef34711f,3,9,91,4784220423282441753,0.09,3,41,"[[0,0,1],[2,1,0]]",2,22,279,"[1,1,1,0,0,0,0,0,0]",7,3,3,0
cklr_m3_s92_fb77de051f2659ca,fb77de051f2659ca,3,9,92,5569209056359324247,0.09,3,42,"[[0,0,0],[2,0,1]]",2,22,279,"[1,1,1,0,0,0,0,0,0]",7,3,3,0
cklr_m3_s93_6706d66d89211af3,6706d66d89211af3,3,9,93,1620801202008753894,0.09,3,43,"[[0,1,2],[2,1,1]]",2,22,279,"[1,1,1,0,0,0,0,0,0]",7,3,3,0
cklr_m3_s94_92af32637822c519,92af32637822c519,3,9,94,5120570843581859046,0.09,3,46,"[[1,1,2],[2,0,1]]",2,22,279,"[1,1,1,0,0,0,0,0,0]",7,3,3,0
cklr_m3_s96_dcdb0abaa88ae55a,dcdb0abaa88ae55a,3,9,96,2961037638215792621,0.03,0,303,"[[0,1,1],[2,0,2]]",2,22,279,"[1,1,1,0,0,0,0,0,0]",7,3,3,0
cklr_m3_s97_a4dc361fd5a6f64e,a4dc361fd5a6f64e,3,9,97,3658559075079291320,0.09,3,50,"[[1,0,2],[2,0,0]]",2,22,279,"[1,1,1,0,0,0,0,0,0]",7,3,3,0
cklr_m3_s98_b86de17139fe93af,b86de17139fe93af,3,9,98,3002730171509472312,0.09,3,53,"[[2,0,0],[2,0,1]]",2,22,279,"[1,1,1,0,0,0,0,0,0]",7,3,3,0
cklr_m3_s99_9d3d22197f4f887a,9d3d22197f4f887a,3,9,99,815414000421290063,0.03,0,306,"[[0,0,0],[1,0,2],[2,1,1]]",3,21,270,"[1,1,1,0,0,0,0,0,0]",7,3,3,0
cklr_m3_s100_4e17e46717dd9553,4e17e46717dd9553,3,9,100,8699417691484084220,0.09,3,23,"[[0,0,0],[1,0,2]]",2,22,279,"[1,1,1,0,0,0,0,0,0]",7,3,3,0
cklr_m3_s101_5166b73f06cec3a2,5166b73f06cec3a2,3,9,101,1733512326360205750,0.03,0,311,"[[0,1,0],[0,1,2],[1,0,0]]",3,21,270,"[1,1,1,0,0,0,0,0,0]",7,3,3,0
cklr_m3_s102_3dbe06be7816b0cd,3dbe06be7816b0cd,3,9,102,312328894756297034,0.09,3,27,"[[0,1,0],[0,1,1],[1,1,2]]",3,21,270,"[1,1,1,0,0,0,0,0,0]",7,3,3,0
cklr_m3_s104_ff1eab9dfc363a71,ff1eab9dfc363a71,3,9,104,1390597310256655222,0.09,3,73,"[[0,1,0],[0,1,1]]",2,22,279,"[1,1,1,0,0,0,0,0,0]",7,3,3,0
cklr_m3_s105_29847faf353304b8,29847faf353304b8,3,9,105,4593703572293671384,0.11,4,3,"[[1,0,1],[1,0,2],[2,0,0]]",3,21,270,"[1,1,1,0,0,0,0,0,0]",7,3,3,0
cklr_m3_s106_85cae029d6166664,85cae029d6166664,3,9,106,7573469753041383889,0.09,3,78,"[[0,1,1],[1,0,1]]",2,22,279,"[1,1,1,0,0,0,0,0,0]",7,3,3,0
cklr_m3_s107_29bbb755968e311a,29bbb755968e311a,3,9,107,1443646110151674184,0.11,4,5,"[[1,1,1],[2,0,0]]",2,22,279,"[1,1,1,0,0,0,0,0,0]",7,3,3,0
cklr_m3_s108_49c0dcbe786147b4,49c0dcbe786147b4,3,9,108,5093012004586628589,0.03,0,338,"[[1,1,1],[2,1,2]]",2,22,279,"[1,1,1,0,0,0,0,0,0]",7,3,3,0
cklr_m3_s109_276d23327993a29f,276d23327993a29f,3,9,109,4493349725130074845,0.11,4,6,"[[1,0,1],[2,1,2]]",2,22,279,"[1,1,1,0,0,0,0,0,0]",7,3,3,0
cklr_m3_s110_f09a41f8489981f2,f09a41f8489981f2,3,9,110,6964617147666441946,0.11,4,7,"[[0,0,2],[1,0,0],[2,0,1]]",3,21,270,"[1,1,1,0,0,0,0,0,0]",7,3,3,0
cklr_m3_s111_f85bf04589dbce45,f85bf04589dbce45,3,9,111,7831099796205229271,0.11,4,9,"[[0,0,0],[1,0,0],[1,1,1],[2,0,0],[2,0,2]]",5,19,252,"[1,1,1,1,0,0,0,0,0]",15,4,3,1
cklr_m3_s113_6d0ad440d28e936f,6d0ad440d28e936f,3,9,113,8752828373238667644,0.03,0,406,"[[1,1,0],[2,0,1]]",2,22,279,"[1,1,1,0,0,0,0,0,0]",7,3,3,0
cklr_m3_s114_589f4df0cb76bc1f,589f4df0cb76bc1f,3,9,114,6427385605339850017,0.11,4,13,"[[1,1,2],[2,0,1],[2,0,2]]",3,21,270,"[1,1,1,0,0,0,0,0,0]",7,3,3,0
cklr_m3_s115_c12d869b6b7ea230,c12d869b6b7ea230,3,9,115,4690512702360691109,0.11,4,14,"[[0,0,1],[0,0,2]]",2,22,279,"[1,1,1,0,0,0,0,0,0]",7,3,3,0
cklr_m3_s116_52a83d3d3b59203a,52a83d3d3b59203a,3,9,116,518410823523314429,0.11,4,15,"[[0,0,0],[0,0,1],[1,1,2]]",3,21,270,"[1,1,1,0,0,0,0,0,0]",7,3,3,0
cklr_m3_s117_16e25e853b3c855d,16e25e853b3c855d,3,9,117,7587157105608371397,0.03,0,413,"[[1,1,1],[2,1,0]]",2,22,279,"[1,1,1,0,0,0,0,0,0]",7,3,3,0
cklr_m3_s119_61097785d2d7ebf9,61097785d2d7ebf9,3,9,119,2455227232164179241,0.03,0,443,"[[0,1,2],[2,0,2]]",2,22,279,"[1,1,1,0,0,0,0,0,0]",7,3,3,0
cklr_m3_s121_6b664adea672d818,6b664adea672d818,3,9,121,374609077841075385,0.03,0,529,"[[0,1,0],[0,1,2]]",2,22,279,"[1,1,1,0,0,0,0,0,0]",7,3,3,0
cklr_m3_s122_27f0f12761b81942,27f0f12761b81942,3,9,122,1738320821072717962,0.05,1,5,"[[0,1,2],[1,0,0],[2,1,1]]",3,21,270,"[1,1,1,0,0,0,0,0,0]",7,3,3,0
cklr_m3_s124_7ce99201b8ffb7e9,7ce99201b8ffb7e9,3,9,124,8439109509075659340,0.05,1,8,"[[1,1,0],[2,1,1]]",2,22,279,"[1,1,1,0,0,0,0,0,0]",7,3,3,0
cklr_m3_s125_6764741c1b3b228c,6764741c1b3b228c,3,9,125,8806097157257527812,0.05,1,12,"[[1,1,0],[1,1,2]]",2,22,279,"[1,1,1,0,0,0,0,0,0]",7,3,3,0
cklr_m3_s126_dad10a732b123627,dad10a732b123627,3,9,126,7444603458186855162,0.11,4,35,"[[0,0,0],[0,0,1],[0,0,2]]",3,21,270,"[1,1,1,0,0,0,0,0,0]",7,3,3,0
cklr_m3_s127_7e5cb7e1020b5619,7e5cb7e1020b5619,3,9,127,3881065958876360781,0.11,4,36,"[[0,1,2],[1,0,0]]",2,22,279,"[1,1,1,0,0,0,0,0,0]",7,3,3,0
cklr_m3_s130_f5ca87d0d3cf191f,f5ca87d0d3cf191f,3,9,130,5948623513889698095,0.05,1,26,"[[0,0,2],[1,1,0]]",2,22,279,"[1,1,1,0,0,0,0,0,0]",7,3,3,0
cklr_m3_s132_25f00eebe0f95ee6,25f00eebe0f95ee6,3,9,132,1179195502937485832,0.05,1,34,"[[0,1,1],[1,0,1],[2,1,2]]",3,21,270,"[1,1,1,0,0,0,0,0,0]",7,3,3,0
cklr_m3_s133_60c63000bad08d88,60c63000bad08d88,3,9,133,2593335787865504767,0.11,4,42,"[[0,1,1],[2,1,2]]",2,22,279,"[1,1,1,0,0,0,0,0,0]",7,3,3,0
cklr_m3_s135_f4e6a3b3d8d5929f,f4e6a3b3d8d5929f,3,9,135,6426614138400206426,0.05,1,45,"[[0,0,2],[1,1,0],[2,1,2]]",3,21,270,"[1,1,1,0,0,0,0,0,0]",7,3,3,0
cklr_m3_s138_efd923146fd05208,efd923146fd05208,3,9,138,1415981435787608790,0.11,4,52,"[[1,0,2],[2,1,1],[2,1,2]]",3,21,270,"[1,1,1,0,0,0,0,0,0]",7,3,3,0
cklr_m3_s139_3df3b2c650389c56,3df3b2c650389c56,3,9,139,1416005515280467893,0.05,1,63,"[[0,1,0],[2,1,1]]",2,22,279,"[1,1,1,0,0,0,0,0,0]",7,3,3,0
cklr_m3_s142_871afeedf166ea2d,871afeedf166ea2d,3,9,142,1060191063355130700,0.11,4,58,"[[1,1,0],[1,1,2],[2,0,1]]",3,21,270,"[1,1,1,0,0,0,0,0,0]",7,3,3,0
cklr_m3_s144_d328ce2e70d915a0,d328ce2e70d915a0,3,9,144,9009690022110135194,0.11,4,61,"[[0,1,0],[2,0,0],[2,0,2]]",3,21,270,"[1,1,1,0,0,0,0,0,0]",7,3,3,0
cklr_m3_s146_5484a374b874f1ec,5484a374b874f1ec,3,9,146,3111990119330127995,0.05,1,75,"[[0,0,1],[1,0,2],[2,0,0]]",3,21,270,"[1,1,1,0,0,0,0,0,0]",7,3,3,0
cklr_m3_s147_ea1e438183ea2969,ea1e438183ea2969,3,9,147,5339052515106176711,0.05,1,76,"[[0,0,0],[1,1,0]]",2,22,279,"[1,1,1,0,0,0,0,0,0]",7,3,3,0
cklr_m3_s150_dfea1762072bfa6a,dfea1762072bfa6a,3,9,150,3867419701816738196,0.11,4,72,"[[0,1,2],[2,0,1],[2,0,2]]",3,21,270,"[1,1,1,0,0,0,0,0,0]",7,3,3,0
cklr_m3_s151_50d61d06b2f50e93,50d61d06b2f50e93,3,9,151,1727970920820545936,0.11,4,77,"[[0,0,0],[2,0,2]]",2,22,279,"[1,1,1,0,0,0,0,0,0]",7,3,3,0
cklr_m3_s152_2cf3a5d267586744,2cf3a5d267586744,3,9,152,4769017249272792178,0.11,4,78,"[[1,0,1],[1,0,2],[2,1,0],[2,1,2]]",4,20,261,"[1,1,1,0,0,0,0,0,0]",7,3,3,0
cklr_m3_s154_a31fbda90e9a26ca,a31fbda90e9a26ca,3,9,154,4329863756529732985,0.11,4,80,"[[0,0,1],[1,1,0]]",2,22,279,"[1,1,1,0,0,0,0,0,0]",7,3,3,0
cklr_m3_s155_84cfd4440c218f2b,84cfd4440c218f2b,3,9,155,4052284647437188743,0.05,1,124,"[[0,0,2],[1,0,1]]",2,22,279,"[1,1,1,0,0,0,0,0,0]",7,3,3,0
cklr_m3_s156_9ecb1e5521eb7b80,9ecb1e5521eb7b80,3,9,156,211551839042742410,0.11,4,82,"[[0,0,2],[2,0,0]]",2,22,279,"[1,1,1,0,0,0,0,0,0]",7,3,3,0
cklr_m3_s157_f3c8aac61c0635b6,f3c8aac61c0635b6,3,9,157,7766494602264175031,0.05,1,128,"[[0,1,0],[1,0,0]]",2,22,279,"[1,1,1,0,0,0,0,0,0]",7,3,3,0
cklr_m3_s158_688e47204b0fab02,688e47204b0fab02,3,9,158,7935615053320646773,0.05,1,131,"[[1,0,1],[2,0,0]]",2,22,279,"[1,1,1,0,0,0,0,0,0]",7,3,3,0
cklr_m3_s159_976e88c9e8893960,976e88c9e8893960,3,9,159,2301789602370972814,0.11,4,86,"[[0,1,0],[1,0,1],[2,1,2]]",3,21,270,"[1,1,1,0,0,0,0,0,0]",7,3,3,0
cklr_m3_s160_61bf2cc1efba0de5,61bf2cc1efba0de5,3,9,160,1472509290405099502,0.05,1,132,"[[0,0,2],[1,1,2]]",2,22,279,"[1,1,1,0,0,0,0,0,0]",7,3,3,0
cklr_m3_s163_7db1ce57de2b0f11,7db1ce57de2b0f11,3,9,163,4116543301881447544,0.05,1,140,"[[0,1,1],[2,0,1]]",2,22,279,"[1,1,1,0,0,0,0,0,0]",7,3,3,0
cklr_m3_s164_1e36dbb9930a9c01,1e36dbb9930a9c01,3,9,164,1859976114223798006,0.05,1,146,"[[0,0,1],[1,1,0],[2,0,0]]",3,21,270,"[1,1,1,0,0,0,0,0,0]",7,3,3,0
cklr_m3_s166_30feaea60e7db8d3,30feaea60e7db8d3,3,9,166,2892241580865322867,0.05,1,158,"[[0,0,1],[1,1,2]]",2,22,279,"[1,1,1,0,0,0,0,0,0]",7,3,3,0
cklr_m3_s169_375192e21ba014d9,375192e21ba014d9,3,9,169,8795334480721211965,0.05,1,207,"[[0,0,0],[2,1,0]]",2,22,279,"[1,1,1,0,0,0,0,0,0]",7,3,3,0
cklr_m3_s170_c425a8148109d86a,c425a8148109d86a,3,9,170,3895772065889999036,0.05,1,225,"[[0,0,0],[1,0,1]]",2,22,279,"[1,1,1,0,0,0,0,0,0]",7,3,3,0
cklr_m3_s171_905b8a35c3730c16,905b8a35c3730c16,3,9,171,5310020739384756415,0.05,1,227,"[[1,0,1],[2,0,2]]",2,22,279,"[1,1,1,0,0,0,0,0,0]",7,3,3,0
cklr_m3_s172_93a95d516605f710,93a95d516605f710,3,9,172,7201150602421994779,0.05,1,228,"[[1,1,1],[2,0,2]]",2,22,279,"[1,1,1,0,0,0,0,0,0]",7,3,3,0
cklr_m3_s173_12abf89abb8b6376,12abf89abb8b6376,3,9,173,2812585791879379459,0.07,2,4,"[[0,0,0],[1,1,2],[2,1,0]]",3,21,270,"[1,1,1,0,0,0,0,0,0]",7,3,3,0
cklr_m3_s181_d2c03ba9f83b250b,d2c03ba9f83b250b,3,9,181,5748754979785358194,0.07,2,29,"[[1,1,0],[2,0,0]]",2,22,279,"[1,1,1,0,0,0,0,0,0]",7,3,3,0
cklr_m3_s188_d735114fd9e1b41e,d735114fd9e1b41e,3,9,188,8591223117797515144,0.07,2,64,"[[0,0,2],[2,1,0]]",2,22,279,"[1,1,1,0,0,0,0,0,0]",7,3,3,0
cklr_m3_s194_ad9780f97c17dc9f,ad9780f97c17dc9f,3,9,194,2220770979522073481,0.07,2,73,"[[0,1,1],[1,1,0],[1,1,1],[2,1,1]]",4,20,261,"[1,1,1,0,0,0,0,1,0]",135,4,3,1
cklr_m3_s196_73e3319b70de042d,73e3319b70de042d,3,9,196,4085254920685970400,0.07,2,80,"[[0,0,2],[2,1,1]]",2,22,279,"[1,1,1,0,0,0,0,0,0]",7,3,3,0
cklr_m3_s202_91142ac69b6ae1d5,91142ac69b6ae1d5,3,9,202,8984199073132374085,0.07,2,108,"[[0,1,2],[1,0,2],[2,1,1]]",3,21,270,"[1,1,1,0,0,0,0,0,0]",7,3,3,0
cklr_m3_s203_046665483dbbb8c5,046665483dbbb8c5,3,9,203,7273876638575614449,0.07,2,109,"[[1,0,2],[2,1,0]]",2,22,279,"[1,1,1,0,0,0,0,0,0]",7,3,3,0
cklr_m3_s220_c114a710db1d7129,c114a710db1d7129,3,9,220,5042518942657369232,0.07,2,176,"[[0,1,2],[1,0,0],[1,0,1],[2,1,0]]",4,20,261,"[1,1,1,0,0,0,0,0,0]",7,3,3,0
cklr_m3_s222_05edd76d5a99023f,05edd76d5a99023f,3,9,222,4642911467699889363,0.07,2,179,"[[0,0,2],[2,1,1],[2,1,2]]",3,21,270,"[1,1,1,0,0,0,0,0,0]",7,3,3,0
cklr_m3_s224_f6dfb68e0ec689f0,f6dfb68e0ec689f0,3,9,224,1481110787940395095,0.07,2,182,"[[1,0,2],[2,0,1]]",2,22,279,"[1,1,1,0,0,0,0,0,0]",7,3,3,0
cklr_m3_s225_cb252359459dad3c,cb252359459dad3c,3,9,225,5983920519654336499,0.07,2,185,"[[2,1,0],[2,1,1]]",2,22,279,"[1,1,1,0,0,0,0,0,0]",7,3,3,0
cklr_m3_s226_28bba4a59af657c5,28bba4a59af657c5,3,9,226,4568609144319143562,0.07,2,187,"[[0,1,0],[1,0,0],[1,0,2]]",3,21,270,"[1,1,1,0,0,0,0,0,0]",7,3,3,0
cklr_m3_s246_d83ede48b629e625,d83ede48b629e625,3,9,246,5971954532791492871,0.07,2,249,"[[0,0,1],[1,1,1],[2,1,0]]",3,21,270,"[1,1,1,0,0,0,0,0,0]",7,3,3,0
cklr_m3_s248_f02ade31d564d326,f02ade31d564d326,3,9,248,2529589831809635259,0.07,2,264,"[[0,0,2],[1,1,1]]",2,22,279,"[1,1,1,0,0,0,0,0,0]",7,3,3,0
cklr_m3_s250_3de88cd7e2039fb2,3de88cd7e2039fb2,3,9,250,3770331805423851972,0.07,2,269,"[[0,0,2],[1,1,1],[1,1,2],[2,1,0]]",4,20,261,"[1,1,1,0,0,0,0,0,0]",7,3,3,0
cklr_m3_s251_5a1699e28f59300d,5a1699e28f59300d,3,9,251,2856142221888425451,0.07,2,271,"[[0,1,2],[1,1,1],[2,1,0]]",3,21,270,"[1,1,1,0,0,0,0,0,0]",7,3,3,0
cklr_m3_s264_5d1356f381d87cc3,5d1356f381d87cc3,3,9,264,7269256814628924064,0.07,2,319,"[[0,0,0],[1,0,1],[2,1,2]]",3,21,270,"[1,1,1,0,0,0,0,0,0]",7,3,3,0
cklr_m3_s267_1767915e5bc52589,1767915e5bc52589,3,9,267,2139206785660685789,0.07,2,325,"[[0,0,1],[1,1,1],[2,1,2]]",3,21,270,"[1,1,1,0,0,0,0,0,0]",7,3,3,0
cklr_m3_s270_8c01182576a0ff6d,8c01182576a0ff6d,3,9,270,5990226651285154472,0.07,2,340,"[[0,1,2],[2,0,0],[2,0,2]]",3,21,270,"[1,1,1,0,0,0,0,0,0]",7,3,3,0
cklr_m3_s271_4e3529d78c37b7ad,4e3529d78c37b7ad,3,9,271,7187848364837827096,0.07,2,342,"[[1,0,0],[2,1,2]]",2,22,279,"[1,1,1,0,0,0,0,0,0]",7,3,3,0
cklr_m3_s279_4682aa98f714bd8a,4682aa98f714bd8a,3,9,279,785219076258016250,0.09,3,33,"[[0,0,2],[1,1,2],[2,1,0]]",3,21,270,"[1,1,1,0,0,0,0,0,0]",7,3,3,0
cklr_m3_s283_bdb356a2e5adc9d9,bdb356a2e5adc9d9,3,9,283,2100574399570804618,0.09,3,51,"[[0,1,0],[1,1,2],[2,0,0],[2,0,1]]",4,20,261,"[1,1,1,0,0,0,0,0,0]",7,3,3,0
cklr_m3_s288_6539972e12686942,6539972e12686942,3,9,288,5376829431880466026,0.09,3,57,"[[1,1,1],[2,0,0],[2,0,2]]",3,21,270,"[1,1,1,0,0,0,0,0,0]",7,3,3,0
cklr_m3_s295_fd09244fb7c78c50,fd09244fb7c78c50,3,9,295,7778435819082271207,0.09,3,77,"[[0,1,1],[2,0,0],[2,0,1]]",3,21,270,"[1,1,1,0,0,0,0,0,0]",7,3,3,0
cklr_m3_s297_0d0246977a3319e4,0d0246977a3319e4,3,9,297,8638095876830302108,0.09,3,80,"[[0,1,2],[1,0,2],[2,0,1]]",3,21,270,"[1,1,1,0,0,0,0,0,0]",7,3,3,0
cklr_m3_s300_37e0927b7310dc88,37e0927b7310dc88,3,9,300,354129749468886917,0.09,3,91,"[[0,1,0],[1,1,0],[2,1,0]]",3,21,270,"[1,1,1,0,0,0,1,0,0]",71,4,3,1
cklr_m3_s305_a99941640c0d893b,a99941640c0d893b,3,9,305,3680979985485294952,0.09,3,108,"[[0,0,0],[1,0,1],[1,0,2]]",3,21,270,"[1,1,1,0,0,0,0,0,0]",7,3,3,0
cklr_m3_s308_3bb6e7a154d0e5c6,3bb6e7a154d0e5c6,3,9,308,6387932014547449097,0.09,3,115,"[[1,0,2],[2,1,0],[2,1,1]]",3,21,270,"[1,1,1,0,0,0,0,0,0]",7,3,3,0
cklr_m3_s314_59b3c15f65753911,59b3c15f65753911,3,9,314,2054220820219160328,0.09,3,133,"[[0,1,2],[1,1,0],[2,0,0]]",3,21,270,"[1,1,1,0,0,0,0,0,0]",7,3,3,0
cklr_m3_s319_eea48e9fbd015387,eea48e9fbd015387,3,9,319,3178612980574603891,0.09,3,144,"[[0,0,0],[0,0,1]]",2,22,279,"[1,1,1,0,0,0,0,0,0]",7,3,3,0
cklr_m3_s323_ed57446e81a55686,ed57446e81a55686,3,9,323,1879820811626599841,0.09,3,152,"[[1,0,1],[1,0,2]]",2,22,279,"[1,1,1,0,0,0,0,0,0]",7,3,3,0
cklr_m3_s326_90a93d690a337d31,90a93d690a337d31,3,9,326,7509051388557685550,0.09,3,166,"[[1,0,2],[2,1,0],[2,1,2]]",3,21,270,"[1,1,1,0,0,0,0,0,0]",7,3,3,0
cklr_m3_s328_a7cc71953f6ae56d,a7cc71953f6ae56d,3,9,328,9188246368354275151,0.09,3,168,"[[1,0,0],[1,0,2],[2,0,1]]",3,21,270,"[1,1,1,0,0,0,0,0,0]",7,3,3,0
cklr_m3_s330_96f91b64c16f9b7c,96f91b64c16f9b7c,3,9,330,2819218746361323167,0.09,3,172,"[[1,0,0],[2,1,1]]",2,22,279,"[1,1,1,0,0,0,0,0,0]",7,3,3,0
cklr_m3_s331_f9ba1d0808826a84,f9ba1d0808826a84,3,9,331,2127912321755383836,0.09,3,173,"[[1,1,1],[1,1,2],[2,0,0],[2,0,1],[2,0,2]]",5,19,252,"[1,1,1,0,0,0,0,0,0]",7,3,3,0
cklr_m3_s339_301beaf2060cd601,301beaf2060cd601,3,9,339,2489340841759044684,0.09,3,222,"[[0,0,0],[0,0,1],[2,1,0]]",3,21,270,"[1,1,1,0,0,0,0,0,0]",7,3,3,0
cklr_m3_s341_3b6a4b147575a933,3b6a4b147575a933,3,9,341,1508360252357363423,0.09,3,226,"[[0,0,2],[1,0,1],[2,1,0]]",3,21,270,"[1,1,1,0,0,0,0,0,0]",7,3,3,0
cklr_m3_s342_2868a5a766629a2c,2868a5a766629a2c,3,9,342,8182452324442648208,0.09,3,227,"[[0,0,1],[1,0,2],[2,1,2]]",3,21,270,"[1,1,1,0,0,0,0,0,0]",7,3,3,0
cklr_m3_s351_cf5b14605b6a0e77,cf5b14605b6a0e77,3,9,351,8917400936015262952,0.09,3,242,"[[0,1,1],[1,0,2],[2,0,1]]",3,21,270,"[1,1,1,0,0,0,0,0,0]",7,3,3,0
cklr_m3_s358_7b1494179769e3c2,7b1494179769e3c2,3,9,358,6578077191464425403,0.09,3,268,"[[0,1,2],[1,1,0]]",2,22,279,"[1,1,1,0,0,0,0,0,0]",7,3,3,0
cklr_m3_s359_cc469ed5e840f404,cc469ed5e840f404,3,9,359,2914452945489752394,0.11,4,5,"[[0,0,0],[0,1,0],[1,1,1],[2,0,0],[2,1,0]]",5,19,252,"[1,0,1,1,0,0,1,0,0]",77,4,2,2
cklr_m3_s365_06f48787be58ab12,06f48787be58ab12,3,9,365,4042188386397111867,0.11,4,14,"[[1,1,0],[1,1,1],[1,1,2]]",3,21,270,"[1,1,1,0,0,0,0,0,0]",7,3,3,0
cklr_m3_s366_a7da3595a1ddf9a5,a7da3595a1ddf9a5,3,9,366,4113732513066743645,0.11,4,15,"[[1,1,2],[2,0,0],[2,0,1]]",3,21,270,"[1,1,1,0,0,0,0,0,0]",7,3,3,0
cklr_m3_s370_468fc80f01b91cb3,468fc80f01b91cb3,3,9,370,834857835325330229,0.11,4,25,"[[0,1,1],[1,0,1],[1,0,2]]",3,21,270,"[1,1,1,0,0,0,0,0,0]",7,3,3,0
cklr_m3_s372_9ea35625ef3690a3,9ea35625ef3690a3,3,9,372,6608182458011061328,0.11,4,28,"[[0,0,1],[1,1,2],[2,0,2]]",3,21,270,"[1,1,1,0,0,0,0,0,0]",7,3,3,0
cklr_m3_s375_4f16f1b49f36dc9f,4f16f1b49f36dc9f,3,9,375,934629899852119670,0.11,4,31,"[[0,0,1],[2,1,1],[2,1,2]]",3,21,270,"[1,1,1,0,0,0,0,0,0]",7,3,3,0
cklr_m3_s376_341fcb1464ab8e09,341fcb1464ab8e09,3,9,376,5201041730094580938,0.11,4,33,"[[0,0,1],[1,0,0]]",2,22,279,"[1,1,1,0,0,0,0,0,0]",7,3,3,0
cklr_m3_s387_27cb69951771858b,27cb69951771858b,3,9,387,1791297975338537932,0.11,4,55,"[[0,0,1],[1,1,2],[2,1,1]]",3,21,270,"[1,1,1,0,0,0,0,0,0]",7,3,3,0
cklr_m3_s390_c272103dbad0248f,c272103dbad0248f,3,9,390,1621698690760322580,0.11,4,61,"[[0,0,1],[0,1,0],[1,0,1],[1,1,0],[2,0,1],[2,1,0]]",6,18,243,"[1,1,1,0,1,0,1,0,0]",87,5,3,2
cklr_m3_s391_b86cf1ced976f36c,b86cf1ced976f36c,3,9,391,2421655909343055633,0.11,4,63,"[[0,0,0],[1,1,0],[2,1,1]]",3,21,270,"[1,1,1,0,0,0,0,0,0]",7,3,3,0
cklr_m3_s399_0f4534925d682e68,0f4534925d682e68,3,9,399,1442099205726794661,0.11,4,75,"[[0,1,0],[0,1,1],[2,0,1]]",3,21,270,"[1,1,1,0,0,0,0,0,0]",7,3,3,0
cklr_m3_s404_c4e30573b1a6f01c,c4e30573b1a6f01c,3,9,404,699327544895424026,0.11,4,87,"[[0,1,2],[1,1,1]]",2,22,279,"[1,1,1,0,0,0,0,0,0]",7,3,3,0
cklr_m3_s406_9e0947359ec0487c,9e0947359ec0487c,3,9,406,926354374099586982,0.11,4,92,"[[0,1,0],[1,1,1],[1,1,2],[2,0,1]]",4,20,261,"[1,1,1,0,0,0,0,0,0]",7,3,3,0
cklr_m3_s410_2ec182911a423b80,2ec182911a423b80,3,9,410,4110037051650104009,0.11,4,104,"[[0,1,0],[1,0,1],[2,0,2]]",3,21,270,"[1,1,1,0,0,0,0,0,0]",7,3,3,0
cklr_m3_s415_6477c9c42549a50f,6477c9c42549a50f,3,9,415,2774461675401810620,0.11,4,116,"[[0,0,2],[1,0,0],[2,1,1]]",3,21,270,"[1,1,1,0,0,0,0,0,0]",7,3,3,0
cklr_m3_s416_02719d595a71e7c6,02719d595a71e7c6,3,9,416,7646720003322378259,0.11,4,119,"[[0,0,2],[1,0,0],[1,0,1],[2,1,0],[2,1,2]]",5,19,252,"[1,1,1,0,0,0,0,0,0]",7,3,3,0
cklr_m3_s417_636d4b612d50f0ba,636d4b612d50f0ba,3,9,417,8389727322907884939,0.11,4,120,"[[0,0,1],[0,1,1],[1,0,2],[2,0,1],[2,1,1]]",5,19,252,"[1,0,1,0,1,0,0,1,0]",149,4,2,2
cklr_m3_s421_220cd9a9e27a9fef,220cd9a9e27a9fef,3,9,421,3524224385167712773,0.11,4,127,"[[0,0,2],[1,0,1],[1,0,2],[2,0,2]]",4,20,261,"[1,1,1,0,0,1,0,0,0]",39,4,3,1
cklr_m3_s427_cbd8d6549c920479,cbd8d6549c920479,3,9,427,3734969853688476967,0.11,4,137,"[[0,0,1],[1,0,0],[2,1,2]]",3,21,270,"[1,1,1,0,0,0,0,0,0]",7,3,3,0
cklr_m3_s429_9a63b25c6b8366e3,9a63b25c6b8366e3,3,9,429,299082279692097496,0.11,4,142,"[[0,1,2],[2,0,1]]",2,22,279,"[1,1,1,0,0,0,0,0,0]",7,3,3,0
cklr_m4_s00_11114d98629ee538,11114d98629ee538,4,13,0,8772526418923903243,0.03,0,1,"[[3,0,1]]",1,44,741,"[1,1,1,1,0,0,0,0,0,0,0,0,0]",15,4,4,0
cklr_m4_s01_cd55346992b18745,cd55346992b18745,4,13,1,6000944236440503477,0.03,0,3,"[[1,2,0]]",1,44,741,"[1,1,1,1,0,0,0,0,0,0,0,0,0]",15,4,4,0
cklr_m4_s02_83f560079e9afce0,83f560079e9afce0,4,13,2,2090743040554807848,0.03,0,4,"[[1,1,1],[1,2,1],[2,2,2]]",3,42,715,"[1,1,1,1,0,0,0,0,0,0,0,0,0]",15,4,4,0
cklr_m4_s03_896a5fbefe2c8378,896a5fbefe2c8378,4,13,3,3245664574519177778,0.03,0,8,"[[2,1,0]]",1,44,741,"[1,1,1,1,0,0,0,0,0,0,0,0,0]",15,4,4,0
cklr_m4_s04_cab4b2616d80583e,cab4b2616d80583e,4,13,4,1201331505058437711,0.05,1,1,"[[1,1,2],[1,2,1],[1,2,2],[2,2,2]]",4,41,702,"[1,1,1,1,0,0,0,0,0,0,0,0,0]",15,4,4,0
cklr_m4_s05_3aa49806cc1b3963,3aa49806cc1b3963,4,13,5,1857594716715241546,0.05,1,2,"[[1,1,1]]",1,44,741,"[1,1,1,1,0,0,0,0,0,0,0,0,0]",15,4,4,0
cklr_m4_s06_8e7af2cdf50bb0c7,8e7af2cdf50bb0c7,4,13,6,8719962836897695065,0.05,1,3,"[[0,1,2],[2,0,1]]",2,43,728,"[1,1,1,1,0,0,0,0,0,0,0,0,0]",15,4,4,0
cklr_m4_s07_2cef2e3c52729484,2cef2e3c52729484,4,13,7,1278188893167950740,0.05,1,5,"[[1,1,2]]",1,44,741,"[1,1,1,1,0,0,0,0,0,0,0,0,0]",15,4,4,0
cklr_m4_s08_7f28040993933bd5,7f28040993933bd5,4,13,8,5333394421908251311,0.07,2,1,"[[0,1,2],[1,1,0]]",2,43,728,"[1,1,1,1,0,0,0,0,0,0,0,0,0]",15,4,4,0
cklr_m4_s09_9ce13dafb5663188,9ce13dafb5663188,4,13,9,1688706592466653603,0.07,2,2,"[[0,2,0],[2,1,0]]",2,43,728,"[1,1,1,1,0,0,0,0,0,0,0,0,0]",15,4,4,0
cklr_m4_s10_bb6af34489887c45,bb6af34489887c45,4,13,10,3865422147709834241,0.07,2,3,"[[0,0,1],[1,2,0],[2,1,1],[3,1,2],[3,2,2]]",5,40,689,"[1,1,1,1,0,0,0,0,0,0,0,0,0]",15,4,4,0
cklr_m4_s11_a74cdf9e960b216a,a74cdf9e960b216a,4,13,11,3608065954858741264,0.07,2,4,"[[3,0,0],[3,2,1]]",2,43,728,"[1,1,1,1,0,0,0,0,0,0,0,0,0]",15,4,4,0
cklr_m4_s12_b6a4bd73b70e05e1,b6a4bd73b70e05e1,4,13,12,4483576781008998014,0.09,3,2,"[[0,1,0],[0,1,2],[3,2,2]]",3,42,715,"[1,1,1,1,0,0,0,0,0,0,0,0,0]",15,4,4,0
cklr_m4_s13_fa5b368991cc9f3f,fa5b368991cc9f3f,4,13,13,8396042630652244151,0.09,3,3,"[[0,2,1],[2,0,2]]",2,43,728,"[1,1,1,1,0,0,0,0,0,0,0,0,0]",15,4,4,0
cklr_m4_s14_4bf014764ff92cdc,4bf014764ff92cdc,4,13,14,4925742774039405500,0.09,3,4,"[[0,0,1],[0,2,2],[2,2,0],[2,2,2]]",4,41,702,"[1,1,1,1,0,0,0,0,0,0,0,0,0]",15,4,4,0
cklr_m4_s15_53a82785e677496f,53a82785e677496f,4,13,15,1758435016433764025,0.09,3,5,"[[1,0,2],[1,2,1]]",2,43,728,"[1,1,1,1,0,0,0,0,0,0,0,0,0]",15,4,4,0
cklr_m4_s16_062c3544abe014be,062c3544abe014be,4,13,16,3726149405464036517,0.11,4,1,"[[2,1,0],[2,1,1]]",2,43,728,"[1,1,1,1,0,0,0,0,0,0,0,0,0]",15,4,4,0
cklr_m4_s17_bc7e55b7d1657083,bc7e55b7d1657083,4,13,17,6826459306292113342,0.11,4,2,"[[0,0,0],[0,1,0],[0,1,1],[2,1,2],[3,0,0]]",5,40,689,"[1,1,1,1,0,0,0,0,0,0,0,0,0]",15,4,4,0
cklr_m4_s18_33b0f5ee319faf60,33b0f5ee319faf60,4,13,18,6533843983383432326,0.11,4,3,"[[0,2,1],[2,1,0],[2,2,2],[3,1,1]]",4,41,702,"[1,1,1,1,0,0,0,0,0,0,0,0,0]",15,4,4,0
cklr_m4_s19_3bf7ee16a2ae6f1f,3bf7ee16a2ae6f1f,4,13,19,997091065982931378,0.11,4,4,"[[1,1,0],[1,2,1],[3,0,0],[3,0,1],[3,2,1]]",5,40,689,"[1,1,1,1,0,0,0,0,0,0,0,0,0]",15,4,4,0
cklr_m4_s20_95745cf2e82d316e,95745cf2e82d316e,4,13,20,9115863265380465527,0.03,0,2,"[[0,0,0]]",1,44,741,"[1,1,1,1,0,0,0,0,0,0,0,0,0]",15,4,4,0
cklr_m4_s21_f13ab858d9c9ce10,f13ab858d9c9ce10,4,13,21,6201762600796281420,0.03,0,4,"[[2,1,1]]",1,44,741,"[1,1,1,1,0,0,0,0,0,0,0,0,0]",15,4,4,0
cklr_m4_s22_673ea69aa4423e36,673ea69aa4423e36,4,13,22,4048033133701642219,0.03,0,5,"[[3,1,2],[3,2,0]]",2,43,728,"[1,1,1,1,0,0,0,0,0,0,0,0,0]",15,4,4,0
cklr_m4_s23_efddff76eb02f7b3,efddff76eb02f7b3,4,13,23,827216317397197073,0.03,0,6,"[[3,2,2]]",1,44,741,"[1,1,1,1,0,0,0,0,0,0,0,0,0]",15,4,4,0
cklr_m4_s24_4e8b5c3c04eaca7e,4e8b5c3c04eaca7e,4,13,24,154959872804275551,0.03,0,11,"[[1,0,1]]",1,44,741,"[1,1,1,1,0,0,0,0,0,0,0,0,0]",15,4,4,0
cklr_m4_s25_c7b73f82097b87c2,c7b73f82097b87c2,4,13,25,6679446689182026902,0.03,0,12,"[[2,1,2]]",1,44,741,"[1,1,1,1,0,0,0,0,0,0,0,0,0]",15,4,4,0
cklr_m4_s26_086a0ba2cc944e92,086a0ba2cc944e92,4,13,26,6786531919061636376,0.03,0,15,"[[1,0,2],[3,2,1]]",2,43,728,"[1,1,1,1,0,0,0,0,0,0,0,0,0]",15,4,4,0
cklr_m4_s27_f417008791a22ee3,f417008791a22ee3,4,13,27,4771531901033428195,0.03,0,16,"[[0,1,1]]",1,44,741,"[1,1,1,1,0,0,0,0,0,0,0,0,0]",15,4,4,0
cklr_m4_s28_60e242c28fb25b91,60e242c28fb25b91,4,13,28,4292831083487519812,0.03,0,18,"[[2,2,0]]",1,44,741,"[1,1,1,1,0,0,0,0,0,0,0,0,0]",15,4,4,0
cklr_m4_s29_dd470a2e744d1721,dd470a2e744d1721,4,13,29,7698894861086415221,0.03,0,24,"[[3,1,0]]",1,44,741,"[1,1,1,1,0,0,0,0,0,0,0,0,0]",15,4,4,0
cklr_m4_s30_9a56d9b2222d549e,9a56d9b2222d549e,4,13,30,7942324138664706266,0.03,0,25,"[[0,0,2]]",1,44,741,"[1,1,1,1,0,0,0,0,0,0,0,0,0]",15,4,4,0
cklr_m4_s31_8ed7ac5d14ced8c6,8ed7ac5d14ced8c6,4,13,31,2188862336449306996,0.03,0,26,"[[1,0,0],[3,1,0]]",2,43,728,"[1,1,1,1,0,0,0,0,0,0,0,0,0]",15,4,4,0
cklr_m4_s32_c17c42c60334aaca,c17c42c60334aaca,4,13,32,5222348109834951306,0.03,0,29,"[[0,2,1],[2,0,1],[3,1,0]]",3,42,715,"[1,1,1,1,0,0,0,0,0,0,0,0,0]",15,4,4,0
cklr_m4_s33_ff32fede4188a0ba,ff32fede4188a0ba,4,13,33,7770899495916643650,0.03,0,31,"[[2,2,1]]",1,44,741,"[1,1,1,1,0,0,0,0,0,0,0,0,0]",15,4,4,0
cklr_m4_s34_5588d88175aee7ff,5588d88175aee7ff,4,13,34,3404838659905703248,0.03,0,32,"[[3,0,2]]",1,44,741,"[1,1,1,1,0,0,0,0,0,0,0,0,0]",15,4,4,0
cklr_m4_s35_b9e0a7742c2dda0f,b9e0a7742c2dda0f,4,13,35,7440283813667836334,0.03,0,33,"[[2,2,2]]",1,44,741,"[1,1,1,1,0,0,0,0,0,0,0,0,0]",15,4,4,0
cklr_m4_s36_902e477bc05e85fc,902e477bc05e85fc,4,13,36,4818562122056525857,0.05,1,1,"[[0,1,0],[1,0,2],[2,1,0]]",3,42,715,"[1,1,1,1,0,0,0,0,0,0,0,0,0]",15,4,4,0
cklr_m4_s37_187b2d8cd84b0aa6,187b2d8cd84b0aa6,4,13,37,6442307512522820720,0.05,1,3,"[[1,2,2]]",1,44,741,"[1,1,1,1,0,0,0,0,0,0,0,0,0]",15,4,4,0
cklr_m4_s38_51881138d4bcd359,51881138d4bcd359,4,13,38,4847941444090183759,0.05,1,5,"[[2,0,0],[2,2,0],[3,1,2]]",3,42,715,"[1,1,1,1,0,0,0,0,0,0,0,0,0]",15,4,4,0
cklr_m4_s39_60d69f03ab3079c6,60d69f03ab3079c6,4,13,39,2252553953879071015,0.05,1,6,"[[2,1,1],[2,2,0]]",2,43,728,"[1,1,1,1,0,0,0,0,0,0,0,0,0]",15,4,4,0
cklr_m4_s40_7ab67aa9a954bc2f,7ab67aa9a954bc2f,4,13,40,1635432486697891527,0.05,1,7,"[[0,0,0],[0,1,2],[1,1,1]]",3,42,715,"[1,1,1,1,0,0,0,0,0,0,0,0,0]",15,4,4,0
cklr_m4_s41_12bdafb35488bddf,12bdafb35488bddf,4,13,41,6149256580931535268,0.05,1,8,"[[0,1,0]]",1,44,741,"[1,1,1,1,0,0,0,0,0,0,0,0,0]",15,4,4,0
cklr_m4_s42_6fa3f698c377bd98,6fa3f698c377bd98,4,13,42,7508652069014515319,0.05,1,10,"[[2,1,1],[3,0,0],[3,2,0]]",3,42,715,"[1,1,1,1,0,0,0,0,0,0,0,0,0]",15,4,4,0
cklr_m4_s43_946af64e6ba67b0b,946af64e6ba67b0b,4,13,43,2009513056142237995,0.05,1,11,"[[0,2,2]]",1,44,741,"[1,1,1,1,0,0,0,0,0,0,0,0,0]",15,4,4,0
cklr_m4_s44_6171c6ef4d2e370a,6171c6ef4d2e370a,4,13,44,4290244892511170309,0.05,1,12,"[[3,2,1]]",1,44,741,"[1,1,1,1,0,0,0,0,0,0,0,0,0]",15,4,4,0
cklr_m4_s45_f8a56f10d631f6ec,f8a56f10d631f6ec,4,13,45,8142097281398414951,0.05,1,14,"[[2,1,1],[3,1,1]]",2,43,728,"[1,1,1,1,0,0,0,0,0,0,0,0,0]",15,4,4,0
cklr_m4_s46_ff6ffe59585a9c28,ff6ffe59585a9c28,4,13,46,2643833365874865293,0.05,1,15,"[[3,1,0],[3,2,2]]",2,43,728,"[1,1,1,1,0,0,0,0,0,0,0,0,0]",15,4,4,0
cklr_m4_s47_c4042e82811110ab,c4042e82811110ab,4,13,47,1922312039065069304,0.05,1,16,"[[0,2,0],[1,1,0],[2,2,1]]",3,42,715,"[1,1,1,1,0,0,0,0,0,0,0,0,0]",15,4,4,0
cklr_m4_s48_7d403e76628f0ae7,7d403e76628f0ae7,4,13,48,6709171211036970229,0.05,1,18,"[[1,1,0],[1,1,2]]",2,43,728,"[1,1,1,1,0,0,0,0,0,0,0,0,0]",15,4,4,0
cklr_m4_s49_8742ce8b4406a501,8742ce8b4406a501,4,13,49,7924598945023580401,0.05,1,19,"[[2,0,1]]",1,44,741,"[1,1,1,1,0,0,0,0,0,0,0,0,0]",15,4,4,0
cklr_m4_s50_5a3ae2a68a12ce2c,5a3ae2a68a12ce2c,4,13,50,8253504797239154312,0.05,1,20,"[[1,2,0],[3,1,0]]",2,43,728,"[1,1,1,1,0,0,0,0,0,0,0,0,0]",15,4,4,0
cklr_m4_s51_7d53e2ac05791470,7d53e2ac05791470,4,13,51,6767144620299224110,0.05,1,21,"[[1,1,1],[2,1,1],[3,1,2]]",3,42,715,"[1,1,1,1,0,0,0,0,0,0,0,0,0]",15,4,4,0
cklr_m4_s52_3fc10d1b809e1b37,3fc10d1b809e1b37,4,13,52,8980334901714127710,0.03,0,2,"[[0,1,0],[0,2,1]]",2,43,728,"[1,1,1,1,0,0,0,0,0,0,0,0,0]",15,4,4,0
cklr_m4_s53_5fed00bc449a0473,5fed00bc449a0473,4,13,53,6038017673288277275,0.07,2,2,"[[3,0,0],[3,1,1]]",2,43,728,"[1,1,1,1,0,0,0,0,0,0,0,0,0]",15,4,4,0
cklr_m4_s54_d22880864623dc96,d22880864623dc96,4,13,54,8034703038639538819,0.07,2,3,"[[0,1,2],[2,1,0],[2,1,1],[3,2,2]]",4,41,702,"[1,1,1,1,0,0,0,0,0,0,0,0,0]",15,4,4,0
cklr_m4_s55_311af1970d46fa45,311af1970d46fa45,4,13,55,9212477790944863357,0.07,2,4,"[[0,2,1],[1,2,0]]",2,43,728,"[1,1,1,1,0,0,0,0,0,0,0,0,0]",15,4,4,0
cklr_m4_s56_704b4d83030c4fb3,704b4d83030c4fb3,4,13,56,4522036581938288073,0.07,2,6,"[[1,0,0],[1,2,0],[2,0,2]]",3,42,715,"[1,1,1,1,0,0,0,0,0,0,0,0,0]",15,4,4,0
cklr_m4_s57_52b68105f97e9a14,52b68105f97e9a14,4,13,57,7983703262543757041,0.07,2,7,"[[1,2,1],[3,0,2],[3,1,1]]",3,42,715,"[1,1,1,1,0,0,0,0,0,0,0,0,0]",15,4,4,0
cklr_m4_s58_b6643f0893935fd2,b6643f0893935fd2,4,13,58,2328138403248108291,0.07,2,8,"[[0,2,1],[3,0,1]]",2,43,728,"[1,1,1,1,0,0,0,0,0,0,0,0,0]",15,4,4,0
cklr_m4_s59_8122854960490f82,8122854960490f82,4,13,59,8445682393913637340,0.07,2,9,"[[3,0,0],[3,0,1],[3,1,2]]",3,42,715,"[1,1,1,1,0,0,0,0,0,0,0,0,0]",15,4,4,0
cklr_m4_s60_31c4d6934aa3e8b0,31c4d6934aa3e8b0,4,13,60,3601515800357144038,0.07,2,10,"[[1,0,0],[3,2,2]]",2,43,728,"[1,1,1,1,0,0,0,0,0,0,0,0,0]",15,4,4,0
cklr_m4_s61_04fe83203a95586b,04fe83203a95586b,4,13,61,7697711719754433183,0.07,2,11,"[[0,0,0],[0,2,1],[2,1,1],[3,0,1],[3,2,0],[3,2,2]]",6,39,676,"[1,1,1,1,0,0,0,0,0,0,0,0,0]",15,4,4,0
cklr_m4_s62_83ec27a50cd261ea,83ec27a50cd261ea,4,13,62,7707107853031607879,0.07,2,13,"[[1,1,1],[2,1,1]]",2,43,728,"[1,1,1,1,0,0,0,0,0,0,0,0,0]",15,4,4,0
cklr_m4_s63_5bad0b0c855a678a,5bad0b0c855a678a,4,13,63,5626314686614899976,0.03,0,3,"[[1,1,0],[3,2,0]]",2,43,728,"[1,1,1,1,0,0,0,0,0,0,0,0,0]",15,4,4,0
cklr_m4_s64_fb42772cb068dbec,fb42772cb068dbec,4,13,64,553064305225484852,0.07,2,15,"[[0,1,2],[1,1,1],[1,1,2],[2,2,0]]",4,41,702,"[1,1,1,1,0,0,0,0,0,0,0,0,0]",15,4,4,0
cklr_m4_s65_c6d9f853453e37a2,c6d9f853453e37a2,4,13,65,6572718881454038914,0.07,2,16,"[[1,0,0]]",1,44,741,"[1,1,1,1,0,0,0,0,0,0,0,0,0]",15,4,4,0
cklr_m4_s66_ed7310e3d45869f5,ed7310e3d45869f5,4,13,66,2447043565195455309,0.03,0,5,"[[0,2,1]]",1,44,741,"[1,1,1,1,0,0,0,0,0,0,0,0,0]",15,4,4,0
cklr_m4_s67_bff1224a98243b2e,bff1224a98243b2e,4,13,67,3088788863261787559,0.07,2,18,"[[1,0,1],[1,0,2],[3,0,2]]",3,42,715,"[1,1,1,1,0,0,0,0,0,0,0,0,0]",15,4,4,0
cklr_m4_s68_69774ea31e1d7a27,69774ea31e1d7a27,4,13,68,2370529295654058389,0.07,2,19,"[[1,1,0]]",1,44,741,"[1,1,1,1,0,0,0,0,0,0,0,0,0]",15,4,4,0
cklr_m4_s69_c104c9e0bb520a08,c104c9e0bb520a08,4,13,69,4155644951674005097,0.07,2,22,"[[0,0,1],[0,1,1],[2,0,1],[3,2,0]]",4,41,702,"[1,1,1,1,0,0,0,0,0,0,0,0,0]",15,4,4,0
cklr_m4_s70_66ac026adf42c51d,66ac026adf42c51d,4,13,70,330760727305554848,0.07,2,23,"[[0,0,0],[1,0,2]]",2,43,728,"[1,1,1,1,0,0,0,0,0,0,0,0,0]",15,4,4,0
cklr_m4_s71_58009657d3a8bc1d,58009657d3a8bc1d,4,13,71,679101622861291465,0.03,0,6,"[[3,0,2],[3,2,2]]",2,43,728,"[1,1,1,1,0,0,0,0,0,0,0,0,0]",15,4,4,0
cklr_m4_s72_2e2b03352751f7d4,2e2b03352751f7d4,4,13,72,7294829509524967560,0.03,0,7,"[[1,2,0],[3,2,0]]",2,43,728,"[1,1,1,1,0,0,0,0,0,0,0,0,0]",15,4,4,0
cklr_m4_s73_16a9fdd7661c50dd,16a9fdd7661c50dd,4,13,73,4129491202815610779,0.09,3,4,"[[3,0,0]]",1,44,741,"[1,1,1,1,0,0,0,0,0,0,0,0,0]",15,4,4,0
cklr_m4_s74_74b9e910b7e881fc,74b9e910b7e881fc,4,13,74,4296257301635788579,0.09,3,5,"[[0,0,2],[0,2,2],[1,1,1],[3,2,2]]",4,41,702,"[1,1,1,1,0,0,0,0,0,0,0,0,0]",15,4,4,0
cklr_m4_s75_bc3a16b34650a3d4,bc3a16b34650a3d4,4,13,75,5889168700142258864,0.09,3,7,"[[0,2,0],[1,0,1],[1,2,0],[3,0,1]]",4,41,702,"[1,1,1,1,0,0,0,0,0,0,0,0,0]",15,4,4,0
cklr_m4_s76_f3dc431b1ecf9618,f3dc431b1ecf9618,4,13,76,7158445037926247762,0.09,3,8,"[[0,0,1],[0,2,2],[1,0,0],[1,1,2],[2,0,1]]",5,40,689,"[1,1,1,1,0,0,0,0,0,0,0,0,0]",15,4,4,0
cklr_m4_s77_79591cbd9cd41857,79591cbd9cd41857,4,13,77,6708936876575983257,0.09,3,10,"[[0,2,2],[2,0,1]]",2,43,728,"[1,1,1,1,0,0,0,0,0,0,0,0,0]",15,4,4,0
cklr_m4_s78_e235693b5c9a5109,e235693b5c9a5109,4,13,78,7969804247082583256,0.09,3,13,"[[1,1,2],[2,2,2],[3,0,2],[3,2,1]]",4,41,702,"[1,1,1,1,0,0,0,0,0,0,0,0,0]",15,4,4,0
cklr_m4_s79_8a9c70cb8ed39f13,8a9c70cb8ed39f13,4,13,79,285632536841872276,0.09,3,14,"[[0,2,0],[0,2,2],[1,1,1],[2,2,2]]",4,41,702,"[1,1,1,1,0,0,0,0,0,0,0,0,0]",15,4,4,0
cklr_m4_s80_ccb679ea6a293dac,ccb679ea6a293dac,4,13,80,640230475641518872,0.09,3,15,"[[0,0,0],[0,2,2],[2,1,1],[2,1,2],[3,0,1],[3,1,0],[3,1,2]]",7,38,663,"[1,1,1,1,0,0,0,0,0,0,0,0,0]",15,4,4,0
cklr_m4_s81_fa0231113de2b346,fa0231113de2b346,4,13,81,7270917847539779197,0.09,3,16,"[[0,0,1],[0,2,2],[1,0,2],[1,2,1],[2,1,0],[3,2,0]]",6,39,676,"[1,1,1,1,0,0,0,0,0,0,0,0,0]",15,4,4,0
cklr_m4_s82_3bfa18c6ac4a1587,3bfa18c6ac4a1587,4,13,82,739703367808049152,0.09,3,17,"[[2,1,0],[2,1,2]]",2,43,728,"[1,1,1,1,0,0,0,0,0,0,0,0,0]",15,4,4,0
cklr_m4_s83_8bebc97f49e78843,8bebc97f49e78843,4,13,83,8510607296834272494,0.09,3,18,"[[0,0,0],[1,2,1],[3,2,1],[3,2,2]]",4,41,702,"[1,1,1,1,0,0,0,0,0,0,0,0,0]",15,4,4,0
cklr_m4_s84_b52d359ffd6866b0,b52d359ffd6866b0,4,13,84,931862117806956781,0.09,3,19,"[[1,0,0],[3,0,2],[3,2,1],[3,2,2]]",4,41,702,"[1,1,1,1,0,0,0,0,0,0,0,0,0]",15,4,4,0
cklr_m4_s85_c5261ac99f526d34,c5261ac99f526d34,4,13,85,6961809414719133155,0.09,3,20,"[[1,2,1],[2,1,1],[2,1,2]]",3,42,715,"[1,1,1,1,0,0,0,0,0,0,0,0,0]",15,4,4,0
cklr_m4_s86_ebee7c9551bec87f,ebee7c9551bec87f,4,13,86,7475296713558469280,0.09,3,21,"[[1,1,1],[2,0,2]]",2,43,728,"[1,1,1,1,0,0,0,0,0,0,0,0,0]",15,4,4,0
cklr_m4_s87_d0edffda32ef4791,d0edffda32ef4791,4,13,87,2687455252663515473,0.09,3,22,"[[1,1,1],[2,0,0],[3,0,0],[3,0,1]]",4,41,702,"[1,1,1,1,0,0,0,0,0,0,0,0,0]",15,4,4,0
cklr_m4_s88_168d5285368bf8aa,168d5285368bf8aa,4,13,88,5419394170802369806,0.09,3,23,"[[1,0,2],[2,1,2]]",2,43,728,"[1,1,1,1,0,0,0,0,0,0,0,0,0]",15,4,4,0
cklr_m4_s89_de5d5a8c2bf7d3a0,de5d5a8c2bf7d3a0,4,13,89,1317157217115009613,0.11,4,2,"[[0,1,0],[0,1,2],[1,1,1],[2,2,1],[3,2,1]]",5,40,689,"[1,1,1,1,0,0,0,0,0,0,0,0,0]",15,4,4,0
cklr_m4_s90_ce668bf5be13b997,ce668bf5be13b997,4,13,90,5025802729717622698,0.03,0,19,"[[0,0,2],[1,2,0],[2,2,2]]",3,42,715,"[1,1,1,1,0,0,0,0,0,0,0,0,0]",15,4,4,0
cklr_m4_s91_248aea9ca0686386,248aea9ca0686386,4,13,91,661626301716574852,0.11,4,4,"[[2,2,2],[3,1,1],[3,1,2]]",3,42,715,"[1,1,1,1,0,0,0,0,0,0,0,0,0]",15,4,4,0
cklr_m4_s92_cc45989f19745154,cc45989f19745154,4,13,92,509197499872800564,0.11,4,5,"[[1,1,1],[1,2,0],[2,1,0],[2,1,2],[3,0,1]]",5,40,689,"[1,1,1,1,0,0,0,0,0,0,0,0,0]",15,4,4,0
cklr_m4_s93_be935d6bd41db773,be935d6bd41db773,4,13,93,6869004147384903075,0.11,4,6,"[[0,2,2],[2,1,0],[2,2,1]]",3,42,715,"[1,1,1,1,0,0,0,0,0,0,0,0,0]",15,4,4,0
cklr_m4_s94_695597254743c138,695597254743c138,4,13,94,1831577282278865660,0.11,4,7,"[[0,1,2],[0,2,2],[1,0,1],[1,1,1],[2,0,0]]",5,40,689,"[1,1,1,1,0,0,0,0,0,0,0,0,0]",15,4,4,0
cklr_m4_s95_0b10a1f6761f578c,0b10a1f6761f578c,4,13,95,1040618501681480119,0.03,0,22,"[[1,2,1],[2,0,1]]",2,43,728,"[1,1,1,1,0,0,0,0,0,0,0,0,0]",15,4,4,0
cklr_m4_s96_325b506d239af896,325b506d239af896,4,13,96,3579889307972351103,0.11,4,9,"[[0,2,2],[3,0,0]]",2,43,728,"[1,1,1,1,0,0,0,0,0,0,0,0,0]",15,4,4,0
cklr_m4_s97_03aa5f05a3f66787,03aa5f05a3f66787,4,13,97,834919308357361122,0.11,4,10,"[[0,0,0],[0,2,0],[0,2,2],[1,0,0],[1,2,1],[2,1,2]]",6,39,676,"[1,1,1,1,0,0,0,0,0,0,0,0,0]",15,4,4,0
cklr_m4_s98_744983c00827e6a5,744983c00827e6a5,4,13,98,7469652504773495887,0.11,4,11,"[[2,2,1],[3,0,2],[3,1,2]]",3,42,715,"[1,1,1,1,0,0,0,0,0,0,0,0,0]",15,4,4,0
cklr_m4_s99_8d36cc8b02cbf8a4,8d36cc8b02cbf8a4,4,13,99,2898864728115322045,0.11,4,12,"[[0,1,0],[2,0,2],[3,0,1]]",3,42,715,"[1,1,1,1,0,0,0,0,0,0,0,0,0]",15,4,4,0
cklr_m4_s100_718600a4fb7725a0,718600a4fb7725a0,4,13,100,8478605978186466464,0.11,4,14,"[[0,0,0],[3,0,0],[3,0,2],[3,1,2]]",4,41,702,"[1,1,1,1,0,0,0,0,0,0,0,0,0]",15,4,4,0
cklr_m4_s101_2da86c4bea8c8b75,2da86c4bea8c8b75,4,13,101,4056782656261816564,0.11,4,15,"[[0,0,2],[1,0,1],[2,0,1],[3,1,2]]",4,41,702,"[1,1,1,1,0,0,0,0,0,0,0,0,0]",15,4,4,0
cklr_m4_s102_391d6a99221d711e,391d6a99221d711e,4,13,102,717330613572140348,0.03,0,24,"[[1,1,0],[2,1,0]]",2,43,728,"[1,1,1,1,0,0,0,0,0,0,0,0,0]",15,4,4,0
cklr_m4_s103_3a3b7fdedfc41bd8,3a3b7fdedfc41bd8,4,13,103,5805605846970999139,0.11,4,17,"[[0,0,0],[0,1,1],[1,0,0]]",3,42,715,"[1,1,1,1,0,0,0,0,0,0,0,0,0]",15,4,4,0
cklr_m4_s104_7a4a569c8b20b46b,7a4a569c8b20b46b,4,13,104,5835209884996502362,0.03,0,26,"[[3,1,1]]",1,44,741,"[1,1,1,1,0,0,0,0,0,0,0,0,0]",15,4,4,0
cklr_m4_s105_0f10e94e566fa900,0f10e94e566fa900,4,13,105,8655279628726991425,0.11,4,19,"[[1,1,0],[3,0,0],[3,1,0]]",3,42,715,"[1,1,1,1,0,0,0,0,0,0,0,0,0]",15,4,4,0
cklr_m4_s106_a8fc595731cce756,a8fc595731cce756,4,13,106,7150074922946788631,0.11,4,20,"[[0,0,1],[0,2,0],[0,2,2],[2,0,0],[3,0,2]]",5,40,689,"[1,1,1,1,0,0,0,0,0,0,0,0,0]",15,4,4,0
cklr_m4_s107_d4461b005689e418,d4461b005689e418,4,13,107,1659027284703018239,0.11,4,21,"[[0,2,0],[1,1,0],[1,2,1],[2,1,1],[3,2,0],[3,2,2]]",6,39,676,"[1,1,1,1,0,0,0,0,0,0,0,0,0]",15,4,4,0
cklr_m4_s108_480e039f0a46ef00,480e039f0a46ef00,4,13,108,8461076907739085941,0.11,4,22,"[[0,0,2],[0,1,0],[0,1,1],[1,0,1],[1,2,0],[2,2,0]]",6,39,676,"[1,1,1,1,0,0,0,0,0,0,0,0,0]",15,4,4,0
cklr_m4_s109_076718ce0709062d,076718ce0709062d,4,13,109,4034702159107147163,0.03,0,27,"[[2,0,1],[3,2,2]]",2,43,728,"[1,1,1,1,0,0,0,0,0,0,0,0,0]",15,4,4,0
cklr_m4_s110_b138746090906f76,b138746090906f76,4,13,110,5237561907503892076,0.03,0,28,"[[0,0,0],[1,1,0],[3,2,2]]",3,42,715,"[1,1,1,1,0,0,0,0,0,0,0,0,0]",15,4,4,0
cklr_m4_s111_3ddae76204532fb2,3ddae76204532fb2,4,13,111,1977022657216317008,0.03,0,29,"[[1,1,0],[1,1,2],[2,1,1]]",3,42,715,"[1,1,1,1,0,0,0,0,0,0,0,0,0]",15,4,4,0
cklr_m4_s112_de964066f5bd8c83,de964066f5bd8c83,4,13,112,6910640850454255520,0.03,0,36,"[[1,0,0],[3,0,0]]",2,43,728,"[1,1,1,1,0,0,0,0,0,0,0,0,0]",15,4,4,0
cklr_m4_s113_5ac90143d9e9b898,5ac90143d9e9b898,4,13,113,3208034321270591640,0.03,0,37,"[[2,2,0],[3,2,1]]",2,43,728,"[1,1,1,1,0,0,0,0,0,0,0,0,0]",15,4,4,0
cklr_m4_s114_c422d75fe6d84ce9,c422d75fe6d84ce9,4,13,114,3416544412038296100,0.03,0,38,"[[0,2,0]]",1,44,741,"[1,1,1,1,0,0,0,0,0,0,0,0,0]",15,4,4,0
cklr_m4_s115_53093d5dadda5bbb,53093d5dadda5bbb,4,13,115,1409202393827597080,0.03,0,39,"[[3,0,0],[3,2,0]]",2,43,728,"[1,1,1,1,0,0,0,0,0,0,0,0,0]",15,4,4,0
cklr_m4_s116_e7a9d77bfd144b99,e7a9d77bfd144b99,4,13,116,4257784240562008571,0.03,0,44,"[[3,2,0]]",1,44,741,"[1,1,1,1,0,0,0,0,0,0,0,0,0]",15,4,4,0
cklr_m4_s117_9fe632cb50924868,9fe632cb50924868,4,13,117,2755965282456795480,0.03,0,46,"[[0,0,0],[3,0,2],[3,1,2]]",3,42,715,"[1,1,1,1,0,0,0,0,0,0,0,0,0]",15,4,4,0
cklr_m4_s118_68dfa91c9a7b7e88,68dfa91c9a7b7e88,4,13,118,1153703765914634832,0.03,0,51,"[[2,0,2]]",1,44,741,"[1,1,1,1,0,0,0,0,0,0,0,0,0]",15,4,4,0
cklr_m4_s119_8e34692dce0c99de,8e34692dce0c99de,4,13,119,1498831711365763584,0.03,0,55,"[[1,2,1]]",1,44,741,"[1,1,1,1,0,0,0,0,0,0,0,0,0]",15,4,4,0
cklr_m4_s120_970fa153932026fe,970fa153932026fe,4,13,120,4001453473942201842,0.05,1,2,"[[0,1,1],[3,0,0]]",2,43,728,"[1,1,1,1,0,0,0,0,0,0,0,0,0]",15,4,4,0
cklr_m4_s121_96cbc05810e19dc0,96cbc05810e19dc0,4,13,121,6283708757393870604,0.05,1,4,"[[2,1,1],[3,2,1],[3,2,2]]",3,42,715,"[1,1,1,1,0,0,0,0,0,0,0,0,0]",15,4,4,0
cklr_m4_s122_1cbc34795eb66bd7,1cbc34795eb66bd7,4,13,122,2857629021668095602,0.05,1,5,"[[0,0,2],[2,0,2]]",2,43,728,"[1,1,1,1,0,0,0,0,0,0,0,0,0]",15,4,4,0
cklr_m4_s123_05d965d78958c03b,05d965d78958c03b,4,13,123,1770833109287347767,0.05,1,7,"[[1,0,0],[1,2,2],[3,0,1]]",3,42,715,"[1,1,1,1,0,0,0,0,0,0,0,0,0]",15,4,4,0
cklr_m4_s124_d491219ba4a81830,d491219ba4a81830,4,13,124,5827515002689631518,0.05,1,8,"[[0,1,1],[0,1,2]]",2,43,728,"[1,1,1,1,0,0,0,0,0,0,0,0,0]",15,4,4,0
cklr_m4_s125_8c76aa19f9fae537,8c76aa19f9fae537,4,13,125,5883216756636483365,0.05,1,9,"[[1,0,2]]",1,44,741,"[1,1,1,1,0,0,0,0,0,0,0,0,0]",15,4,4,0
cklr_m4_s126_fc50d06212c4d593,fc50d06212c4d593,4,13,126,4106340195591620995,0.05,1,12,"[[0,0,1],[1,2,1],[3,2,1]]",3,42,715,"[1,1,1,1,0,0,0,0,0,0,0,0,0]",15,4,4,0
cklr_m4_s127_57bf1ca3161eddd9,57bf1ca3161eddd9,4,13,127,4722738732053798507,0.05,1,14,"[[2,0,0]]",1,44,741,"[1,1,1,1,0,0,0,0,0,0,0,0,0]",15,4,4,0
cklr_m4_s128_8a51464220a503a3,8a51464220a503a3,4,13,128,7008525333662326060,0.05,1,15,"[[1,2,1],[2,2,0]]",2,43,728,"[1,1,1,1,0,0,0,0,0,0,0,0,0]",15,4,4,0
cklr_m4_s129_1fbf2e7339d222b3,1fbf2e7339d222b3,4,13,129,749925208298887149,0.05,1,16,"[[1,2,0],[1,2,1]]",2,43,728,"[1,1,1,1,0,0,0,0,0,0,0,0,0]",15,4,4,0
cklr_m4_s130_7d053f2b52af4fec,7d053f2b52af4fec,4,13,130,7765412945534608981,0.05,1,20,"[[0,2,0],[1,0,1],[2,1,0],[3,2,2]]",4,41,702,"[1,1,1,1,0,0,0,0,0,0,0,0,0]",15,4,4,0
cklr_m4_s131_59745a944df086a0,59745a944df086a0,4,13,131,7523132599165340652,0.05,1,24,"[[3,0,0],[3,0,2]]",2,43,728,"[1,1,1,1,0,0,0,0,0,0,0,0,0]",15,4,4,0
cklr_m4_s132_bd7cf6a5a8a8394e,bd7cf6a5a8a8394e,4,13,132,5516539964841779550,0.05,1,26,"[[1,0,1],[3,2,1]]",2,43,728,"[1,1,1,1,0,0,0,0,0,0,0,0,0]",15,4,4,0
cklr_m4_s133_49e2d070398c11e1,49e2d070398c11e1,4,13,133,5308410317765084642,0.05,1,27,"[[1,0,1],[1,1,0]]",2,43,728,"[1,1,1,1,0,0,0,0,0,0,0,0,0]",15,4,4,0
cklr_m4_s134_63cfcff7ce24d66b,63cfcff7ce24d66b,4,13,134,2236775397056829101,0.05,1,28,"[[0,1,0],[2,1,1]]",2,43,728,"[1,1,1,1,0,0,0,0,0,0,0,0,0]",15,4,4,0
cklr_m4_s135_f0523fc2ef143076,f0523fc2ef143076,4,13,135,3829385598448775405,0.05,1,30,"[[1,1,1],[3,0,2]]",2,43,728,"[1,1,1,1,0,0,0,0,0,0,0,0,0]",15,4,4,0
cklr_m4_s136_b141aae3a7876196,b141aae3a7876196,4,13,136,4106816630930580230,0.05,1,31,"[[0,2,2],[1,0,1]]",2,43,728,"[1,1,1,1,0,0,0,0,0,0,0,0,0]",15,4,4,0
cklr_m4_s137_cc83a3d87c2702d4,cc83a3d87c2702d4,4,13,137,7071497974120902268,0.05,1,32,"[[0,0,2],[1,0,1]]",2,43,728,"[1,1,1,1,0,0,0,0,0,0,0,0,0]",15,4,4,0
cklr_m4_s138_b9875de0056e48b7,b9875de0056e48b7,4,13,138,210982787355919051,0.05,1,34,"[[0,1,1],[1,1,2],[3,0,1]]",3,42,715,"[1,1,1,1,0,0,0,0,0,0,0,0,0]",15,4,4,0
cklr_m4_s139_2b34a49cfcf55afa,2b34a49cfcf55afa,4,13,139,429109467522942271,0.05,1,35,"[[0,0,2],[1,2,0],[2,1,2],[3,2,1]]",4,41,702,"[1,1,1,1,0,0,0,0,0,0,0,0,0]",15,4,4,0
cklr_m4_s140_c1880766e3812b19,c1880766e3812b19,4,13,140,6889069307841702228,0.07,2,2,"[[0,1,0],[3,0,2],[3,2,1],[3,2,2]]",4,41,702,"[1,1,1,1,0,0,0,0,0,0,0,0,0]",15,4,4,0
cklr_m4_s142_4bffc73048efe39c,4bffc73048efe39c,4,13,142,7452751365699696366,0.07,2,5,"[[0,2,2],[1,0,1],[2,2,2],[3,0,0]]",4,41,702,"[1,1,1,1,0,0,0,0,0,0,0,0,0]",15,4,4,0
cklr_m4_s143_add64d7ef6115ebe,add64d7ef6115ebe,4,13,143,4101546309045597447,0.07,2,6,"[[0,1,1],[1,2,0],[2,1,1]]",3,42,715,"[1,1,1,1,0,0,0,0,0,0,0,0,0]",15,4,4,0
cklr_m4_s144_df16896ba0c40702,df16896ba0c40702,4,13,144,8090333098076744790,0.07,2,9,"[[1,1,1],[3,1,1]]",2,43,728,"[1,1,1,1,0,0,0,0,0,0,0,0,0]",15,4,4,0
cklr_m4_s145_0e6863310f1f581d,0e6863310f1f581d,4,13,145,3569093134690002418,0.07,2,10,"[[1,1,1],[2,1,0],[2,2,2],[3,0,2]]",4,41,702,"[1,1,1,1,0,0,0,0,0,0,0,0,0]",15,4,4,0
cklr_m4_s146_8693a23b8ccb5c5b,8693a23b8ccb5c5b,4,13,146,8356700978803569290,0.07,2,11,"[[0,1,2],[1,2,0],[2,1,2],[3,0,0],[3,0,2]]",5,40,689,"[1,1,1,1,0,0,0,0,0,0,0,0,0]",15,4,4,0
cklr_m4_s147_8ea4135f491d725c,8ea4135f491d725c,4,13,147,3602745659493869943,0.07,2,12,"[[0,2,0],[2,2,0],[2,2,1],[3,0,1]]",4,41,702,"[1,1,1,1,0,0,0,0,0,0,0,0,0]",15,4,4,0
cklr_m4_s148_c1f3f1bc155ec70f,c1f3f1bc155ec70f,4,13,148,3061895097071227949,0.07,2,13,"[[0,1,1],[1,0,2],[1,1,1],[2,2,0],[2,2,2],[3,0,0]]",6,39,676,"[1,1,1,1,0,0,0,0,0,0,0,0,0]",15,4,4,0
cklr_m4_s149_6dfe20ac40815a01,6dfe20ac40815a01,4,13,149,8951420624316953231,0.07,2,14,"[[0,0,2],[0,2,0],[3,2,2]]",3,42,715,"[1,1,1,1,0,0,0,0,0,0,0,0,0]",15,4,4,0
cklr_m4_s150_35eb3b1d14c3049a,35eb3b1d14c3049a,4,13,150,145752440616354030,0.07,2,15,"[[0,1,1],[0,1,2],[2,2,0]]",3,42,715,"[1,1,1,1,0,0,0,0,0,0,0,0,0]",15,4,4,0
cklr_m4_s151_9a4f7c73c3f5d0a7,9a4f7c73c3f5d0a7,4,13,151,2277025078834749731,0.07,2,16,"[[0,2,2],[1,2,2],[2,1,0],[3,0,1]]",4,41,702,"[1,1,1,1,0,0,0,0,0,0,0,0,0]",15,4,4,0
cklr_m4_s152_c70b1f269fcdec2a,c70b1f269fcdec2a,4,13,152,4260189861778340614,0.07,2,17,"[[3,1,2],[3,2,1]]",2,43,728,"[1,1,1,1,0,0,0,0,0,0,0,0,0]",15,4,4,0
cklr_m4_s153_7d2913baeb5990ad,7d2913baeb5990ad,4,13,153,3684445732316919674,0.07,2,18,"[[0,0,0],[2,2,1]]",2,43,728,"[1,1,1,1,0,0,0,0,0,0,0,0,0]",15,4,4,0
cklr_m4_s154_87cfd5755611c205,87cfd5755611c205,4,13,154,3265636321116827309,0.07,2,19,"[[0,0,1],[1,0,0],[3,2,2]]",3,42,715,"[1,1,1,1,0,0,0,0,0,0,0,0,0]",15,4,4,0
cklr_m4_s155_90077ae22a463a99,90077ae22a463a99,4,13,155,8495757556951402742,0.07,2,20,"[[0,0,0],[0,0,2],[2,1,2],[3,1,0],[3,1,1]]",5,40,689,"[1,1,1,1,0,0,0,0,0,0,0,0,0]",15,4,4,0
cklr_m4_s156_cf9e52728cbd41dd,cf9e52728cbd41dd,4,13,156,8148359283961289906,0.07,2,21,"[[2,0,2],[3,1,2]]",2,43,728,"[1,1,1,1,0,0,0,0,0,0,0,0,0]",15,4,4,0
cklr_m4_s157_f468bcadd08933da,f468bcadd08933da,4,13,157,556392270882280561,0.07,2,22,"[[0,0,2],[2,2,0],[3,1,0]]",3,42,715,"[1,1,1,1,0,0,0,0,0,0,0,0,0]",15,4,4,0
cklr_m4_s158_b1b846eb31e77c0c,b1b846eb31e77c0c,4,13,158,3098769083382775890,0.07,2,24,"[[0,2,1],[1,0,0],[1,2,1],[2,2,2],[3,0,2]]",5,40,689,"[1,1,1,1,0,0,0,0,0,0,0,0,0]",15,4,4,0
cklr_m4_s159_7fdedd93398b8f8a,7fdedd93398b8f8a,4,13,159,5209478369066035359,0.07,2,25,"[[1,1,1],[2,0,0]]",2,43,728,"[1,1,1,1,0,0,0,0,0,0,0,0,0]",15,4,4,0
cklr_m4_s160_84b78eebe7360aa5,84b78eebe7360aa5,4,13,160,5756387216078187253,0.07,2,26,"[[0,1,0],[2,0,2],[2,2,1]]",3,42,715,"[1,1,1,1,0,0,0,0,0,0,0,0,0]",15,4,4,0
cklr_m4_s161_b76430121a0d7520,b76430121a0d7520,4,13,161,8920362577753996592,0.09,3,1,"[[0,1,0],[0,2,0],[0,2,2]]",3,42,715,"[1,1,1,1,0,0,0,0,0,0,0,0,0]",15,4,4,0
cklr_m4_s162_cf2617508ba49c87,cf2617508ba49c87,4,13,162,6058640978338433136,0.09,3,2,"[[0,2,1],[1,0,1],[1,2,1],[2,1,0],[3,0,2]]",5,40,689,"[1,1,1,1,0,0,0,0,0,0,0,0,0]",15,4,4,0
cklr_m4_s163_627ce13b47a0201e,627ce13b47a0201e,4,13,163,4755966772160836190,0.09,3,3,"[[0,1,2],[1,0,0],[1,0,2]]",3,42,715,"[1,1,1,1,0,0,0,0,0,0,0,0,0]",15,4,4,0
cklr_m4_s164_8fa00f61ccdd7088,8fa00f61ccdd7088,4,13,164,5158302313365102087,0.09,3,4,"[[1,1,0],[1,2,1]]",2,43,728,"[1,1,1,1,0,0,0,0,0,0,0,0,0]",15,4,4,0
cklr_m4_s165_40f1877aeed4f62f,40f1877aeed4f62f,4,13,165,7793049149124110830,0.09,3,6,"[[0,0,2],[2,1,1],[3,1,0],[3,1,1]]",4,41,702,"[1,1,1,1,0,0,0,0,0,0,0,0,0]",15,4,4,0
cklr_m4_s166_f38ba9768c3247d5,f38ba9768c3247d5,4,13,166,764162841185503762,0.09,3,7,"[[1,1,2],[3,1,1]]",2,43,728,"[1,1,1,1,0,0,0,0,0,0,0,0,0]",15,4,4,0
cklr_m4_s167_fc3b924a22204b9c,fc3b924a22204b9c,4,13,167,3426870032716137184,0.09,3,10,"[[0,1,0],[1,1,1],[3,1,2]]",3,42,715,"[1,1,1,1,0,0,0,0,0,0,0,0,0]",15,4,4,0
cklr_m4_s168_b741cd86f5e049a1,b741cd86f5e049a1,4,13,168,2500087664398332344,0.09,3,11,"[[0,0,0],[1,1,0],[2,1,2],[3,0,2]]",4,41,702,"[1,1,1,1,0,0,0,0,0,0,0,0,0]",15,4,4,0
cklr_m4_s169_97e3d451249c8d66,97e3d451249c8d66,4,13,169,2856466574155594688,0.09,3,14,"[[0,0,0],[1,1,2],[2,0,2],[3,1,2]]",4,41,702,"[1,1,1,1,0,0,0,0,0,0,0,0,0]",15,4,4,0
cklr_m4_s171_cba5ed1994fdf980,cba5ed1994fdf980,4,13,171,3780071496850299198,0.09,3,17,"[[2,0,2],[3,1,0],[3,1,2]]",3,42,715,"[1,1,1,1,0,0,0,0,0,0,0,0,0]",15,4,4,0
cklr_m4_s172_15d15504aeffe0e9,15d15504aeffe0e9,4,13,172,7401738954049950724,0.09,3,19,"[[0,0,2],[1,1,0],[2,0,1]]",3,42,715,"[1,1,1,1,0,0,0,0,0,0,0,0,0]",15,4,4,0
cklr_m4_s173_1db605206b0880ec,1db605206b0880ec,4,13,173,4975514801142652801,0.09,3,20,"[[0,1,2],[2,0,2],[3,0,1],[3,2,1]]",4,41,702,"[1,1,1,1,0,0,0,0,0,0,0,0,0]",15,4,4,0
cklr_m4_s174_098751ae8b39a8c3,098751ae8b39a8c3,4,13,174,5283078394976132639,0.09,3,21,"[[0,0,0],[0,1,0],[2,1,0],[3,2,0]]",4,41,702,"[1,1,1,1,0,0,0,0,0,0,0,0,0]",15,4,4,0
cklr_m4_s175_b352b1979a3cb79b,b352b1979a3cb79b,4,13,175,4962333054723402441,0.09,3,22,"[[0,0,0],[1,0,1],[1,2,0],[1,2,2],[2,2,2]]",5,40,689,"[1,1,1,1,0,0,0,0,0,0,0,0,0]",15,4,4,0
cklr_m4_s176_56d0be613c996b80,56d0be613c996b80,4,13,176,5214107072986826625,0.09,3,23,"[[0,1,1],[1,0,0],[1,0,2],[1,2,2],[3,1,2],[3,2,1]]",6,39,676,"[1,1,1,1,0,0,0,0,0,0,0,0,0]",15,4,4,0
cklr_m4_s177_96d70a3e6b9af84f,96d70a3e6b9af84f,4,13,177,6593085304427977225,0.09,3,25,"[[1,1,2],[2,2,0],[2,2,1]]",3,42,715,"[1,1,1,1,0,0,0,0,0,0,0,0,0]",15,4,4,0
cklr_m4_s178_9bfbea6d94754d91,9bfbea6d94754d91,4,13,178,4861326803622839402,0.09,3,27,"[[0,2,2],[2,0,0],[3,1,0]]",3,42,715,"[1,1,1,1,0,0,0,0,0,0,0,0,0]",15,4,4,0
cklr_m4_s179_43992c8277ef7f57,43992c8277ef7f57,4,13,179,2354034842170805973,0.09,3,28,"[[0,1,2],[1,0,2],[2,2,0]]",3,42,715,"[1,1,1,1,0,0,0,0,0,0,0,0,0]",15,4,4,0
cklr_m4_s180_2112ef0adbe8c60a,2112ef0adbe8c60a,4,13,180,3067281535177250130,0.09,3,29,"[[0,2,0],[2,2,2],[3,1,1],[3,2,2]]",4,41,702,"[1,1,1,1,0,0,0,0,0,0,0,0,0]",15,4,4,0
cklr_m4_s181_a6c07e367a40af8d,a6c07e367a40af8d,4,13,181,3854210574869698854,0.09,3,30,"[[1,1,0],[3,2,1]]",2,43,728,"[1,1,1,1,0,0,0,0,0,0,0,0,0]",15,4,4,0
cklr_m4_s182_c4ef188cbb4ef305,c4ef188cbb4ef305,4,13,182,2331173772215477178,0.11,4,1,"[[0,2,0],[2,1,2],[3,1,0],[3,1,1]]",4,41,702,"[1,1,1,1,0,0,0,0,0,0,0,0,0]",15,4,4,0
cklr_m4_s183_1812e427e264908e,1812e427e264908e,4,13,183,4155661133489420083,0.11,4,2,"[[1,1,1],[2,1,1],[3,0,2]]",3,42,715,"[1,1,1,1,0,0,0,0,0,0,0,0,0]",15,4,4,0
cklr_m4_s185_285c826dd5dfb525,285c826dd5dfb525,4,13,185,5140720002526520334,0.11,4,4,"[[0,2,1],[0,2,2],[1,1,0],[1,2,0]]",4,41,702,"[1,1,1,1,0,0,0,0,0,0,0,0,0]",15,4,4,0
cklr_m4_s186_d2e5559dbf2c20e6,d2e5559dbf2c20e6,4,13,186,7810599772053275350,0.11,4,6,"[[2,0,2],[3,1,0],[3,1,2],[3,2,0]]",4,41,702,"[1,1,1,1,0,0,0,0,0,0,0,0,0]",15,4,4,0
cklr_m4_s187_b641795a866beb0a,b641795a866beb0a,4,13,187,4649021208367670008,0.11,4,7,"[[0,0,1],[2,0,0]]",2,43,728,"[1,1,1,1,0,0,0,0,0,0,0,0,0]",15,4,4,0
cklr_m4_s188_45ce12ce42f75fe3,45ce12ce42f75fe3,4,13,188,7427262603427921453,0.11,4,9,"[[0,0,2],[0,1,0],[1,1,0],[2,1,2],[3,0,1],[3,0,2],[3,2,2]]",7,38,663,"[1,1,1,1,0,0,0,0,0,0,0,0,0]",15,4,4,0
cklr_m4_s190_dbed5b9a516f4b0e,dbed5b9a516f4b0e,4,13,190,7065898570348828164,0.11,4,11,"[[0,0,1]]",1,44,741,"[1,1,1,1,0,0,0,0,0,0,0,0,0]",15,4,4,0
cklr_m4_s191_e10084a26773fad5,e10084a26773fad5,4,13,191,5946702502958965021,0.11,4,14,"[[0,0,2],[0,2,2],[1,2,1],[2,2,1],[2,2,2],[3,0,1]]",6,39,676,"[1,1,1,1,0,0,0,0,0,0,0,0,0]",15,4,4,0
cklr_m4_s192_7edd51da3f54080d,7edd51da3f54080d,4,13,192,2202269720613727891,0.11,4,15,"[[0,0,2],[0,1,0],[0,1,2],[1,1,2],[1,2,1],[2,0,0],[3,2,0]]",7,38,663,"[1,1,1,1,0,0,0,0,0,0,0,0,0]",15,4,4,0
cklr_m4_s195_3e59a2a25414bf92,3e59a2a25414bf92,4,13,195,5438148866915819531,0.11,4,18,"[[2,0,0],[2,0,1],[2,0,2]]",3,42,715,"[1,1,1,1,0,0,0,0,0,0,0,0,0]",15,4,4,0
cklr_m4_s196_4eca566043db674b,4eca566043db674b,4,13,196,8142041938448151325,0.11,4,19,"[[0,0,2],[0,1,0],[0,1,2],[2,0,2],[2,1,0],[3,0,2],[3,1,0]]",7,38,663,"[1,0,1,1,0,0,1,1,0,0,0,0,0]",205,5,3,2
cklr_m4_s197_576c645708899db7,576c645708899db7,4,13,197,1514809219490840748,0.11,4,20,"[[2,0,0],[2,2,0]]",2,43,728,"[1,1,1,1,0,0,0,0,0,0,0,0,0]",15,4,4,0
cklr_m4_s198_8120cdddd1842010,8120cdddd1842010,4,13,198,2077003060752057565,0.11,4,21,"[[0,1,2],[0,2,1]]",2,43,728,"[1,1,1,1,0,0,0,0,0,0,0,0,0]",15,4,4,0
cklr_m4_s199_b4502863f6a8bc8b,b4502863f6a8bc8b,4,13,199,8756127848557089006,0.11,4,22,"[[0,1,0],[2,1,2]]",2,43,728,"[1,1,1,1,0,0,0,0,0,0,0,0,0]",15,4,4,0
cklr_m4_s200_5923be1840d3297e,5923be1840d3297e,4,13,200,2974972014003212360,0.11,4,24,"[[1,0,0],[1,2,1],[2,2,1],[2,2,2],[3,1,0],[3,1,1],[3,2,2]]",7,38,663,"[1,1,1,1,0,0,0,0,0,0,0,0,0]",15,4,4,0
cklr_m4_s202_2ce60fe419a4a229,2ce60fe419a4a229,4,13,202,7707588768102947384,0.11,4,26,"[[1,0,2],[1,1,0],[2,1,2]]",3,42,715,"[1,1,1,1,0,0,0,0,0,0,0,0,0]",15,4,4,0
cklr_m4_s203_a71247208551b0f3,a71247208551b0f3,4,13,203,6444555923870363056,0.11,4,27,"[[0,1,1],[1,0,2],[2,2,1]]",3,42,715,"[1,1,1,1,0,0,0,0,0,0,0,0,0]",15,4,4,0
cklr_m4_s204_2fcd4f072ee439c9,2fcd4f072ee439c9,4,13,204,3209777373859774541,0.11,4,28,"[[0,0,2],[0,2,2],[1,1,2],[1,2,1],[2,0,0],[3,1,2]]",6,39,676,"[1,1,1,1,0,0,0,0,0,0,0,0,0]",15,4,4,0
cklr_m4_s205_0629011cb88512f5,0629011cb88512f5,4,13,205,8653462812338952391,0.11,4,29,"[[0,2,0],[3,2,0]]",2,43,728,"[1,1,1,1,0,0,0,0,0,0,0,0,0]",15,4,4,0
cklr_m4_s207_2064e71ba380ea8f,2064e71ba380ea8f,4,13,207,7609912848499056932,0.11,4,31,"[[0,0,1],[1,2,0],[2,0,0],[2,2,1]]",4,41,702,"[1,1,1,1,0,0,0,0,0,0,0,0,0]",15,4,4,0
cklr_m5_s00_eaa2a168cb3c4482,eaa2a168cb3c4482,5,17,0,6356309596956190214,0.03,0,1,"[[0,3,2],[4,3,2]]",2,70,1479,"[1,1,1,1,1,0,0,0,0,0,0,0,0,0,0,0,0]",31,5,5,0
cklr_m5_s01_95421a2668d990b1,95421a2668d990b1,5,17,1,7888579638662552827,0.03,0,2,"[[2,3,0]]",1,71,1496,"[1,1,1,1,1,0,0,0,0,0,0,0,0,0,0,0,0]",31,5,5,0
cklr_m5_s02_bec3d8f6a3c2042f,bec3d8f6a3c2042f,5,17,2,9048678670329936310,0.03,0,3,"[[0,0,2],[0,3,1],[2,1,0],[2,2,1],[3,3,0]]",5,67,1428,"[1,1,1,1,1,0,0,0,0,0,0,0,0,0,0,0,0]",31,5,5,0
cklr_m5_s03_1ec32987bec07aba,1ec32987bec07aba,5,17,3,4004897064624181704,0.03,0,5,"[[4,0,1]]",1,71,1496,"[1,1,1,1,1,0,0,0,0,0,0,0,0,0,0,0,0]",31,5,5,0
cklr_m5_s04_159833ef297e57e8,159833ef297e57e8,5,17,4,7475158760945393659,0.05,1,1,"[[0,1,1],[2,0,1],[3,0,0],[3,2,1],[4,3,0]]",5,67,1428,"[1,1,1,1,1,0,0,0,0,0,0,0,0,0,0,0,0]",31,5,5,0
cklr_m5_s05_d63293923d47a99f,d63293923d47a99f,5,17,5,8067624773555978960,0.05,1,2,"[[1,1,1],[2,1,2],[2,2,0]]",3,69,1462,"[1,1,1,1,1,0,0,0,0,0,0,0,0,0,0,0,0]",31,5,5,0
cklr_m5_s06_c3ee6258357f5a51,c3ee6258357f5a51,5,17,6,7428217596496492426,0.05,1,3,"[[0,0,2],[0,3,1],[1,0,1],[1,1,2],[1,3,1],[2,0,1],[2,0,2],[2,3,1],[4,1,1],[4,2,1]]",10,62,1343,"[1,1,1,1,1,0,0,0,0,0,0,0,0,0,0,0,0]",31,5,5,0
cklr_m5_s07_05de6170a7cf1290,05de6170a7cf1290,5,17,7,6013812043960522342,0.05,1,4,"[[0,3,1],[4,1,0]]",2,70,1479,"[1,1,1,1,1,0,0,0,0,0,0,0,0,0,0,0,0]",31,5,5,0
cklr_m5_s08_2e724e01f1f6198e,2e724e01f1f6198e,5,17,8,6893591256146390528,0.07,2,1,"[[0,1,0],[0,2,0],[3,1,1],[4,2,0],[4,3,1],[4,3,2]]",6,66,1411,"[1,1,1,1,1,0,0,0,0,0,0,0,0,0,0,0,0]",31,5,5,0
cklr_m5_s09_69417e5777eee9de,69417e5777eee9de,5,17,9,7440890697009411282,0.07,2,2,"[[1,2,2],[2,3,0],[4,2,0]]",3,69,1462,"[1,1,1,1,1,0,0,0,0,0,0,0,0,0,0,0,0]",31,5,5,0
cklr_m5_s10_8b93b70862c705d8,8b93b70862c705d8,5,17,10,2054798949436325572,0.07,2,3,"[[0,2,0],[1,1,2],[1,2,1],[2,0,0],[2,1,0],[2,1,2],[3,1,0],[4,2,2]]",8,64,1377,"[1,1,1,1,1,0,0,0,0,0,0,0,0,0,0,0,0]",31,5,5,0
cklr_m5_s11_094ddf5c5e11be5c,094ddf5c5e11be5c,5,17,11,1754290505684623336,0.07,2,4,"[[2,2,2],[3,1,2],[3,3,1],[4,2,1],[4,2,2]]",5,67,1428,"[1,1,1,1,1,0,0,0,0,0,0,0,0,0,0,0,0]",31,5,5,0
cklr_m5_s12_12ab36ae91769ff5,12ab36ae91769ff5,5,17,12,1476749381702377623,0.09,3,1,"[[0,2,0],[2,2,0],[4,0,0],[4,2,1]]",4,68,1445,"[1,1,1,1,1,0,0,0,0,0,0,0,0,0,0,0,0]",31,5,5,0
cklr_m5_s13_b4dc9c1063dcadb4,b4dc9c1063dcadb4,5,17,13,5092690904594871772,0.09,3,2,"[[0,0,0],[2,0,1]]",2,70,1479,"[1,1,1,1,1,0,0,0,0,0,0,0,0,0,0,0,0]",31,5,5,0
cklr_m5_s14_50fd29a68adac17f,50fd29a68adac17f,5,17,14,5491080998024983580,0.09,3,3,"[[0,1,1],[1,2,0],[4,3,1]]",3,69,1462,"[1,1,1,1,1,0,0,0,0,0,0,0,0,0,0,0,0]",31,5,5,0
cklr_m5_s15_328b055efa7699b8,328b055efa7699b8,5,17,15,2522136300131565125,0.09,3,4,"[[0,2,0],[1,1,1],[2,3,1],[3,3,2],[4,1,0]]",5,67,1428,"[1,1,1,1,1,0,0,0,0,0,0,0,0,0,0,0,0]",31,5,5,0
cklr_m5_s16_e24dce2a2ac0afb5,e24dce2a2ac0afb5,5,17,16,954112101505783202,0.11,4,1,"[[0,2,0],[1,2,0],[1,2,1]]",3,69,1462,"[1,1,1,1,1,0,0,0,0,0,0,0,0,0,0,0,0]",31,5,5,0
cklr_m5_s17_3f7f22b74955926b,3f7f22b74955926b,5,17,17,1023102099891705358,0.11,4,2,"[[3,2,0]]",1,71,1496,"[1,1,1,1,1,0,0,0,0,0,0,0,0,0,0,0,0]",31,5,5,0
cklr_m5_s18_56346b25728d74e0,56346b25728d74e0,5,17,18,1216128793028706196,0.11,4,3,"[[0,3,1],[3,3,2],[4,2,1]]",3,69,1462,"[1,1,1,1,1,0,0,0,0,0,0,0,0,0,0,0,0]",31,5,5,0
cklr_m5_s19_84591dd2df33a4da,84591dd2df33a4da,5,17,19,4408985856775751471,0.11,4,4,"[[0,3,2],[1,0,1],[1,2,0],[2,2,1],[4,0,2]]",5,67,1428,"[1,1,1,1,1,0,0,0,0,0,0,0,0,0,0,0,0]",31,5,5,0
cklr_m5_s20_81e756b3a89d28e0,81e756b3a89d28e0,5,17,20,2338126561085981450,0.03,0,1,"[[3,0,2]]",1,71,1496,"[1,1,1,1,1,0,0,0,0,0,0,0,0,0,0,0,0]",31,5,5,0
cklr_m5_s21_259cf651fd4f7da8,259cf651fd4f7da8,5,17,21,2420921784059275480,0.03,0,3,"[[0,2,1],[2,2,1],[3,2,2]]",3,69,1462,"[1,1,1,1,1,0,0,0,0,0,0,0,0,0,0,0,0]",31,5,5,0
cklr_m5_s22_fb5c1aa3e5a52a1d,fb5c1aa3e5a52a1d,5,17,22,759625807577209337,0.03,0,4,"[[0,2,1],[1,0,0],[1,3,1],[3,0,0]]",4,68,1445,"[1,1,1,1,1,0,0,0,0,0,0,0,0,0,0,0,0]",31,5,5,0
cklr_m5_s23_d22f443af1ba3173,d22f443af1ba3173,5,17,23,2335310744118116457,0.03,0,5,"[[1,3,1],[4,2,2]]",2,70,1479,"[1,1,1,1,1,0,0,0,0,0,0,0,0,0,0,0,0]",31,5,5,0
cklr_m5_s24_d9c4ae9910043bb5,d9c4ae9910043bb5,5,17,24,7855897950939628890,0.03,0,6,"[[1,1,2],[1,3,2]]",2,70,1479,"[1,1,1,1,1,0,0,0,0,0,0,0,0,0,0,0,0]",31,5,5,0
cklr_m5_s25_30a6d3b2bbc663cd,30a6d3b2bbc663cd,5,17,25,7198563863225175158,0.03,0,7,"[[2,3,2]]",1,71,1496,"[1,1,1,1,1,0,0,0,0,0,0,0,0,0,0,0,0]",31,5,5,0
cklr_m5_s26_cc767ff59be8eba4,cc767ff59be8eba4,5,17,26,6487702955309326260,0.03,0,8,"[[2,2,1],[3,1,1]]",2,70,1479,"[1,1,1,1,1,0,0,0,0,0,0,0,0,0,0,0,0]",31,5,5,0
cklr_m5_s27_9c049e9242c91849,9c049e9242c91849,5,17,27,577440870369314355,0.03,0,10,"[[0,2,0],[1,0,2],[3,1,2]]",3,69,1462,"[1,1,1,1,1,0,0,0,0,0,0,0,0,0,0,0,0]",31,5,5,0
cklr_m5_s28_7f284f527f7a7796,7f284f527f7a7796,5,17,28,3284013775381828933,0.03,0,11,"[[1,1,1]]",1,71,1496,"[1,1,1,1,1,0,0,0,0,0,0,0,0,0,0,0,0]",31,5,5,0
cklr_m5_s29_b876a9e244cb9013,b876a9e244cb9013,5,17,29,7705650912525445680,0.03,0,12,"[[0,0,0],[1,3,0],[2,2,2]]",3,69,1462,"[1,1,1,1,1,0,0,0,0,0,0,0,0,0,0,0,0]",31,5,5,0
cklr_m5_s30_4a44d45d8bb9aec3,4a44d45d8bb9aec3,5,17,30,7046475416596710582,0.03,0,13,"[[3,2,0],[3,3,1]]",2,70,1479,"[1,1,1,1,1,0,0,0,0,0,0,0,0,0,0,0,0]",31,5,5,0
cklr_m5_s31_dcb20d675dfa87db,dcb20d675dfa87db,5,17,31,8149460861854170763,0.03,0,14,"[[1,0,2],[1,1,2],[4,3,2]]",3,69,1462,"[1,1,1,1,1,0,0,0,0,0,0,0,0,0,0,0,0]",31,5,5,0
cklr_m5_s32_a77a0f05c40d4ec4,a77a0f05c40d4ec4,5,17,32,3436326626550771220,0.03,0,16,"[[1,0,2],[1,1,0],[3,2,0]]",3,69,1462,"[1,1,1,1,1,0,0,0,0,0,0,0,0,0,0,0,0]",31,5,5,0
cklr_m5_s33_42347bd5506e8916,42347bd5506e8916,5,17,33,5224927473187550980,0.03,0,18,"[[1,2,0],[2,0,0],[3,0,1]]",3,69,1462,"[1,1,1,1,1,0,0,0,0,0,0,0,0,0,0,0,0]",31,5,5,0
cklr_m5_s34_88702a9a9cb9714d,88702a9a9cb9714d,5,17,34,3254689596328090761,0.03,0,19,"[[2,1,0],[4,0,0]]",2,70,1479,"[1,1,1,1,1,0,0,0,0,0,0,0,0,0,0,0,0]",31,5,5,0
cklr_m5_s35_b047a75918b921d2,b047a75918b921d2,5,17,35,6736728410527543147,0.03,0,20,"[[4,0,0]]",1,71,1496,"[1,1,1,1,1,0,0,0,0,0,0,0,0,0,0,0,0]",31,5,5,0
cklr_m5_s36_3c3c7904b5fceedf,3c3c7904b5fceedf,5,17,36,2272070994224274946,0.05,1,1,"[[2,2,1],[4,0,0],[4,2,2]]",3,69,1462,"[1,1,1,1,1,0,0,0,0,0,0,0,0,0,0,0,0]",31,5,5,0
cklr_m5_s37_4fc0176ec9fe72bb,4fc0176ec9fe72bb,5,17,37,4689989906470454597,0.05,1,2,"[[0,2,2],[3,2,0],[3,3,1]]",3,69,1462,"[1,1,1,1,1,0,0,0,0,0,0,0,0,0,0,0,0]",31,5,5,0
cklr_m5_s38_7b58a1f6e6b7e0fc,7b58a1f6e6b7e0fc,5,17,38,7030768622629529151,0.05,1,3,"[[0,1,0],[0,1,1],[0,3,2],[3,3,1],[4,1,1],[4,2,1]]",6,66,1411,"[1,1,1,1,1,0,0,0,0,0,0,0,0,0,0,0,0]",31,5,5,0
cklr_m5_s39_6f03368f02e28d1e,6f03368f02e28d1e,5,17,39,4096926583784371965,0.05,1,4,"[[0,0,1],[1,1,1],[4,0,1],[4,1,2]]",4,68,1445,"[1,1,1,1,1,0,0,0,0,0,0,0,0,0,0,0,0]",31,5,5,0
cklr_m5_s40_eb5f26a76b05b3fc,eb5f26a76b05b3fc,5,17,40,7632186302607372458,0.05,1,5,"[[0,0,2],[4,1,1],[4,3,0]]",3,69,1462,"[1,1,1,1,1,0,0,0,0,0,0,0,0,0,0,0,0]",31,5,5,0
cklr_m5_s41_6ef67ed1767737db,6ef67ed1767737db,5,17,41,7831670655131785093,0.05,1,6,"[[1,0,1],[2,3,2],[3,3,2]]",3,69,1462,"[1,1,1,1,1,0,0,0,0,0,0,0,0,0,0,0,0]",31,5,5,0
cklr_m5_s42_d2359327d6d728f0,d2359327d6d728f0,5,17,42,5509756428315709449,0.05,1,7,"[[0,1,2],[1,0,0],[3,0,2]]",3,69,1462,"[1,1,1,1,1,0,0,0,0,0,0,0,0,0,0,0,0]",31,5,5,0
cklr_m5_s43_4b409c1cd14122a9,4b409c1cd14122a9,5,17,43,1283886507019928167,0.05,1,8,"[[3,1,2],[3,3,0],[3,3,1],[4,0,0],[4,2,2]]",5,67,1428,"[1,1,1,1,1,0,0,0,0,0,0,0,0,0,0,0,0]",31,5,5,0
cklr_m5_s44_8280060f9a17c917,8280060f9a17c917,5,17,44,3615462606875215024,0.05,1,9,"[[3,1,1],[3,3,1],[4,0,2],[4,2,0]]",4,68,1445,"[1,1,1,1,1,0,0,0,0,0,0,0,0,0,0,0,0]",31,5,5,0
cklr_m5_s45_6f788c98f2c8c8c2,6f788c98f2c8c8c2,5,17,45,1566295093374601890,0.05,1,10,"[[0,0,0],[0,0,2],[2,1,0],[3,3,2],[4,2,2]]",5,67,1428,"[1,1,1,1,1,0,0,0,0,0,0,0,0,0,0,0,0]",31,5,5,0
cklr_m5_s46_096689fd5477fe70,096689fd5477fe70,5,17,46,443495793623854471,0.05,1,11,"[[0,3,2],[1,2,2],[3,0,2],[4,3,0]]",4,68,1445,"[1,1,1,1,1,0,0,0,0,0,0,0,0,0,0,0,0]",31,5,5,0
cklr_m5_s47_b441b76e2ac48d4e,b441b76e2ac48d4e,5,17,47,1771543991036504901,0.05,1,12,"[[3,1,1],[3,3,0],[4,3,2]]",3,69,1462,"[1,1,1,1,1,0,0,0,0,0,0,0,0,0,0,0,0]",31,5,5,0
cklr_m5_s48_38f0076c5229ee0a,38f0076c5229ee0a,5,17,48,3815216617391869452,0.05,1,13,"[[2,1,1],[3,0,2],[4,0,2]]",3,69,1462,"[1,1,1,1,1,0,0,0,0,0,0,0,0,0,0,0,0]",31,5,5,0
cklr_m5_s49_3ce13c9ee1d03880,3ce13c9ee1d03880,5,17,49,6295955746791537597,0.05,1,14,"[[1,0,0]]",1,71,1496,"[1,1,1,1,1,0,0,0,0,0,0,0,0,0,0,0,0]",31,5,5,0
cklr_m5_s50_b211bdc52fca9fbe,b211bdc52fca9fbe,5,17,50,6562704344575805772,0.05,1,15,"[[1,0,2],[2,2,1],[4,0,0]]",3,69,1462,"[1,1,1,1,1,0,0,0,0,0,0,0,0,0,0,0,0]",31,5,5,0
cklr_m5_s51_4b325e8d2388aa28,4b325e8d2388aa28,5,17,51,2114744708887038100,0.05,1,16,"[[1,3,2],[2,1,2],[2,3,0],[3,2,0],[4,1,0]]",5,67,1428,"[1,1,1,1,1,0,0,0,0,0,0,0,0,0,0,0,0]",31,5,5,0
cklr_m5_s52_153d63d7f0ce26ca,153d63d7f0ce26ca,5,17,52,7774079665921284094,0.07,2,1,"[[0,2,2],[0,3,1],[1,0,2],[1,2,1],[1,3,2],[2,1,0],[3,3,1],[4,0,2],[4,2,2]]",9,63,1360,"[1,1,1,1,1,0,0,0,0,0,0,0,0,0,0,0,0]",31,5,5,0
cklr_m5_s53_89cddcb455c9caa9,89cddcb455c9caa9,5,17,53,4961110777503757644,0.07,2,2,"[[0,0,1],[0,2,2]]",2,70,1479,"[1,1,1,1,1,0,0,0,0,0,0,0,0,0,0,0,0]",31,5,5,0
cklr_m5_s54_6ea78d2ebfc60ece,6ea78d2ebfc60ece,5,17,54,1145349817912845930,0.07,2,3,"[[4,3,2]]",1,71,1496,"[1,1,1,1,1,0,0,0,0,0,0,0,0,0,0,0,0]",31,5,5,0
cklr_m5_s55_e24f7f3f6b26585b,e24f7f3f6b26585b,5,17,55,5816193467969378977,0.07,2,4,"[[1,2,0],[2,2,2],[3,1,2]]",3,69,1462,"[1,1,1,1,1,0,0,0,0,0,0,0,0,0,0,0,0]",31,5,5,0
cklr_m5_s56_092851154c70c2ac,092851154c70c2ac,5,17,56,7440127051159103255,0.07,2,5,"[[0,1,0],[2,1,1],[3,0,1],[3,2,1],[4,0,2]]",5,67,1428,"[1,1,1,1,1,0,0,0,0,0,0,0,0,0,0,0,0]",31,5,5,0
cklr_m5_s57_8e3f5de16c7a3a02,8e3f5de16c7a3a02,5,17,57,8151871717241979154,0.07,2,6,"[[0,1,0],[3,2,1],[4,1,2]]",3,69,1462,"[1,1,1,1,1,0,0,0,0,0,0,0,0,0,0,0,0]",31,5,5,0
cklr_m5_s58_af75cd58079549a0,af75cd58079549a0,5,17,58,3846818811456142999,0.07,2,7,"[[1,0,0],[1,1,1],[1,2,0],[1,2,2],[3,3,0],[4,3,2]]",6,66,1411,"[1,1,1,1,1,0,0,0,0,0,0,0,0,0,0,0,0]",31,5,5,0
cklr_m5_s59_5379b9bccc12ff1a,5379b9bccc12ff1a,5,17,59,8535355071999979926,0.07,2,8,"[[0,0,1],[0,2,1],[0,2,2],[2,3,2],[3,0,2],[4,2,0]]",6,66,1411,"[1,1,1,1,1,0,0,0,0,0,0,0,0,0,0,0,0]",31,5,5,0
cklr_m5_s60_5d12bfc42481232d,5d12bfc42481232d,5,17,60,647056179946830301,0.07,2,9,"[[0,2,2],[1,3,1],[2,0,2],[3,1,2],[4,2,1]]",5,67,1428,"[1,1,1,1,1,0,0,0,0,0,0,0,0,0,0,0,0]",31,5,5,0
cklr_m5_s61_b522cb45ddfd0129,b522cb45ddfd0129,5,17,61,1857159026721777363,0.07,2,10,"[[0,2,2],[1,1,1],[3,0,2]]",3,69,1462,"[1,1,1,1,1,0,0,0,0,0,0,0,0,0,0,0,0]",31,5,5,0
cklr_m5_s62_d33ad40f0b6959a3,d33ad40f0b6959a3,5,17,62,4118957071649142072,0.07,2,11,"[[0,2,0],[2,1,1],[3,3,1],[4,0,2]]",4,68,1445,"[1,1,1,1,1,0,0,0,0,0,0,0,0,0,0,0,0]",31,5,5,0
cklr_m5_s63_6f3005598b8f7cd5,6f3005598b8f7cd5,5,17,63,447231831797107416,0.07,2,12,"[[0,1,2],[0,2,0],[0,2,2],[0,3,1],[0,3,2],[1,0,0],[1,3,2],[2,0,1],[3,1,2],[4,0,2]]",10,62,1343,"[1,1,1,1,1,0,0,0,0,0,0,0,0,0,0,0,0]",31,5,5,0
cklr_m5_s64_5c20277c18487580,5c20277c18487580,5,17,64,6764927228137618547,0.07,2,13,"[[0,0,2],[0,2,0],[2,1,2],[3,0,2],[3,2,0]]",5,67,1428,"[1,1,1,1,1,0,0,0,0,0,0,0,0,0,0,0,0]",31,5,5,0
cklr_m5_s65_b4399aa832acc778,b4399aa832acc778,5,17,65,6604515143121914694,0.07,2,14,"[[0,0,0],[0,2,2],[1,1,2],[1,2,1],[2,1,1],[4,1,1],[4,1,2]]",7,65,1394,"[1,1,1,1,1,0,0,0,0,0,0,0,0,0,0,0,0]",31,5,5,0
cklr_m5_s66_4b02de96cd1dd560,4b02de96cd1dd560,5,17,66,7682562292855631632,0.07,2,15,"[[0,1,2],[1,3,2],[3,0,2]]",3,69,1462,"[1,1,1,1,1,0,0,0,0,0,0,0,0,0,0,0,0]",31,5,5,0
cklr_m5_s67_8613f36e470490ee,8613f36e470490ee,5,17,67,1451298040424388853,0.07,2,16,"[[0,2,0]]",1,71,1496,"[1,1,1,1,1,0,0,0,0,0,0,0,0,0,0,0,0]",31,5,5,0
cklr_m5_s68_e91f784a443bb421,e91f784a443bb421,5,17,68,5827051986222275917,0.09,3,1,"[[0,2,0],[1,3,2],[2,2,1],[2,3,1],[3,2,2],[4,1,0],[4,3,2]]",7,65,1394,"[1,1,1,1,1,0,0,0,0,0,0,0,0,0,0,0,0]",31,5,5,0
cklr_m5_s69_7c3285a65632b58a,7c3285a65632b58a,5,17,69,3053375134714921692,0.09,3,2,"[[1,2,1],[2,2,2],[2,3,0]]",3,69,1462,"[1,1,1,1,1,0,0,0,0,0,0,0,0,0,0,0,0]",31,5,5,0
cklr_m5_s70_43383734d5026826,43383734d5026826,5,17,70,8814728965028598236,0.09,3,3,"[[1,1,2],[2,0,1],[3,0,1],[3,1,0],[3,1,1],[3,1,2],[3,3,0],[4,1,2]]",8,64,1377,"[1,1,1,1,1,0,0,0,0,0,0,0,0,0,0,0,0]",31,5,5,0
cklr_m5_s71_01bb724074fd5bf9,01bb724074fd5bf9,5,17,71,8961138482979892971,0.09,3,4,"[[0,1,2],[0,3,1],[1,1,0],[1,3,0]]",4,68,1445,"[1,1,1,1,1,0,0,0,0,0,0,0,0,0,0,0,0]",31,5,5,0
cklr_m5_s72_80f8fbafe67181a4,80f8fbafe67181a4,5,17,72,5578920848819774282,0.09,3,5,"[[2,2,0],[4,3,2]]",2,70,1479,"[1,1,1,1,1,0,0,0,0,0,0,0,0,0,0,0,0]",31,5,5,0
cklr_m5_s73_c08a097984713aee,c08a097984713aee,5,17,73,3945026644928672965,0.09,3,6,"[[1,1,2],[2,0,2],[3,2,2]]",3,69,1462,"[1,1,1,1,1,0,0,0,0,0,0,0,0,0,0,0,0]",31,5,5,0
cklr_m5_s74_3de7f88c074f46b4,3de7f88c074f46b4,5,17,74,4090832841165448062,0.09,3,7,"[[0,2,0],[1,0,2],[1,2,2],[2,1,0],[4,2,0]]",5,67,1428,"[1,1,1,1,1,0,0,0,0,0,0,0,0,0,0,0,0]",31,5,5,0
cklr_m5_s75_04896e9710d612ac,04896e9710d612ac,5,17,75,9075734850529181236,0.09,3,8,"[[0,0,2],[1,0,0],[2,0,0],[2,0,1],[3,3,0],[3,3,2]]",6,66,1411,"[1,1,1,1,1,0,0,0,0,0,0,0,0,0,0,0,0]",31,5,5,0
cklr_m5_s76_19e8ec3ecf2a1867,19e8ec3ecf2a1867,5,17,76,311069490765316991,0.09,3,9,"[[2,3,0],[3,0,0]]",2,70,1479,"[1,1,1,1,1,0,0,0,0,0,0,0,0,0,0,0,0]",31,5,5,0
cklr_m5_s77_12f55b4f48a123f9,12f55b4f48a123f9,5,17,77,3530833264917153924,0.09,3,10,"[[3,1,1],[4,0,1]]",2,70,1479,"[1,1,1,1,1,0,0,0,0,0,0,0,0,0,0,0,0]",31,5,5,0
cklr_m5_s78_e236344c0c63f513,e236344c0c63f513,5,17,78,3319644186387301245,0.09,3,11,"[[1,1,0],[1,1,2],[1,2,0],[2,1,2],[2,2,0],[3,1,2]]",6,66,1411,"[1,1,1,1,1,0,0,0,0,0,0,0,0,0,0,0,0]",31,5,5,0
cklr_m5_s79_838b32acfb813cef,838b32acfb813cef,5,17,79,924857606851473181,0.03,0,1,"[[0,0,1]]",1,71,1496,"[1,1,1,1,1,0,0,0,0,0,0,0,0,0,0,0,0]",31,5,5,0
cklr_m5_s80_afe31eba79e81ffe,afe31eba79e81ffe,5,17,80,5817002646644418969,0.09,3,13,"[[0,1,1],[0,2,0],[2,0,0],[2,2,0],[2,2,1],[3,0,1],[3,2,1],[4,0,2],[4,1,1]]",9,63,1360,"[1,1,1,1,1,0,0,0,0,0,0,0,0,0,0,0,0]",31,5,5,0
cklr_m5_s81_bb1740e4db2fbcd1,bb1740e4db2fbcd1,5,17,81,5976810877039652908,0.09,3,14,"[[0,1,1],[1,0,2],[1,1,1],[1,3,2],[4,2,1]]",5,67,1428,"[1,1,1,1,1,0,0,0,0,0,0,0,0,0,0,0,0]",31,5,5,0
cklr_m5_s82_f49476eb57c4fc70,f49476eb57c4fc70,5,17,82,9054440607791764368,0.09,3,15,"[[1,2,1],[1,3,0],[2,1,1],[2,3,2]]",4,68,1445,"[1,1,1,1,1,0,0,0,0,0,0,0,0,0,0,0,0]",31,5,5,0
cklr_m5_s83_0f791ec5a419c96f,0f791ec5a419c96f,5,17,83,5487919452841464932,0.09,3,16,"[[1,1,2],[3,2,1],[4,0,0],[4,1,0]]",4,68,1445,"[1,1,1,1,1,0,0,0,0,0,0,0,0,0,0,0,0]",31,5,5,0
cklr_m5_s84_71d11cb41a036910,71d11cb41a036910,5,17,84,3740476954304764136,0.09,3,17,"[[1,3,1],[3,3,0]]",2,70,1479,"[1,1,1,1,1,0,0,0,0,0,0,0,0,0,0,0,0]",31,5,5,0
cklr_m5_s85_04df80254683d62d,04df80254683d62d,5,17,85,7637167597685342015,0.11,4,1,"[[0,0,1],[1,3,1],[2,0,1],[2,2,0],[2,2,1],[3,2,0],[4,0,0],[4,1,0]]",8,64,1377,"[1,1,1,1,1,0,0,0,0,0,0,0,0,0,0,0,0]",31,5,5,0
cklr_m5_s86_2f35f97a849e0996,2f35f97a849e0996,5,17,86,1373212922943101002,0.11,4,2,"[[0,2,2],[1,0,1],[1,3,1],[4,3,2]]",4,68,1445,"[1,1,1,1,1,0,0,0,0,0,0,0,0,0,0,0,0]",31,5,5,0
cklr_m5_s87_e71c826badf4350e,e71c826badf4350e,5,17,87,5735899917431464858,0.11,4,3,"[[1,2,2],[1,3,1],[2,0,1],[2,3,1],[3,2,1],[4,3,1]]",6,66,1411,"[1,1,1,1,1,0,0,0,0,0,0,0,0,0,0,0,0]",31,5,5,0
cklr_m5_s88_386d8435cbf3a3e2,386d8435cbf3a3e2,5,17,88,352862582188454604,0.11,4,4,"[[0,1,1],[0,2,0],[0,2,2],[0,3,1],[1,3,1],[2,0,0],[2,1,0],[2,2,0],[4,0,1],[4,2,0],[4,2,2]]",11,61,1326,"[1,1,1,1,1,0,0,0,0,0,0,0,0,0,0,0,0]",31,5,5,0
cklr_m5_s89_02a0fe36e86f8f3a,02a0fe36e86f8f3a,5,17,89,3649025479514820726,0.11,4,5,"[[0,0,1],[1,2,0],[2,0,1],[2,3,1],[3,1,2]]",5,67,1428,"[1,1,1,1,1,0,0,0,0,0,0,0,0,0,0,0,0]",31,5,5,0
cklr_m5_s90_91c03699e031b887,91c03699e031b887,5,17,90,3348735905309440397,0.11,4,6,"[[0,0,0],[0,3,1],[1,0,1],[1,1,1],[2,1,1],[4,1,1]]",6,66,1411,"[1,1,1,1,1,0,0,0,0,0,0,0,0,0,0,0,0]",31,5,5,0
cklr_m5_s91_5fbc5f23bb36de0f,5fbc5f23bb36de0f,5,17,91,1940856204595030485,0.11,4,7,"[[1,2,0],[3,0,1],[4,0,2],[4,2,0],[4,2,1]]",5,67,1428,"[1,1,1,1,1,0,0,0,0,0,0,0,0,0,0,0,0]",31,5,5,0
cklr_m5_s92_bbda4629eee287fb,bbda4629eee287fb,5,17,92,1946285771334256209,0.11,4,8,"[[0,0,1],[0,3,1],[1,3,1],[3,2,1]]",4,68,1445,"[1,1,1,1,1,0,0,0,0,0,0,0,0,0,0,0,0]",31,5,5,0
cklr_m5_s93_f47f57bf7a496f62,f47f57bf7a496f62,5,17,93,3350060205505642782,0.11,4,9,"[[0,1,0],[1,2,0],[1,3,0],[2,2,2],[2,3,0],[3,2,2],[4,2,2]]",7,65,1394,"[1,1,1,1,1,0,0,0,0,0,0,0,0,0,0,0,0]",31,5,5,0
cklr_m5_s94_9e6eca5bf442135a,9e6eca5bf442135a,5,17,94,5572007040379392414,0.11,4,10,"[[0,0,1],[0,1,1],[2,1,0],[3,3,0],[3,3,1],[4,2,1]]",6,66,1411,"[1,1,1,1,1,0,0,0,0,0,0,0,0,0,0,0,0]",31,5,5,0
cklr_m5_s95_00cf1169453b1d18,00cf1169453b1d18,5,17,95,908813533431015565,0.11,4,11,"[[0,2,1],[2,0,0],[2,1,2],[2,3,0],[2,3,2],[3,1,2],[3,3,0],[4,0,0],[4,2,2],[4,3,2]]",10,62,1343,"[1,1,1,1,1,0,0,0,0,0,0,0,0,0,0,0,0]",31,5,5,0
cklr_m5_s96_7b92e50ca972f744,7b92e50ca972f744,5,17,96,3180792151594543960,0.03,0,2,"[[0,1,1],[3,1,0]]",2,70,1479,"[1,1,1,1,1,0,0,0,0,0,0,0,0,0,0,0,0]",31,5,5,0
cklr_m5_s97_447b2e764616fc02,447b2e764616fc02,5,17,97,502471135801385593,0.11,4,13,"[[2,0,0],[2,1,0],[4,0,1]]",3,69,1462,"[1,1,1,1,1,0,0,0,0,0,0,0,0,0,0,0,0]",31,5,5,0
cklr_m5_s98_e0f0d71ca00ca605,e0f0d71ca00ca605,5,17,98,6519546609150898136,0.11,4,14,"[[0,1,0],[0,1,2],[0,2,1],[0,3,0],[1,0,0],[2,2,1],[3,1,1],[3,3,0],[4,2,1]]",9,63,1360,"[1,1,1,1,1,0,0,0,0,0,0,0,0,0,0,0,0]",31,5,5,0
cklr_m5_s99_da900ef938a85c56,da900ef938a85c56,5,17,99,5310061717258871601,0.11,4,15,"[[0,1,1],[1,0,0],[1,0,1],[1,2,0],[2,0,0],[2,0,1],[2,2,0],[3,3,0],[4,3,1]]",9,63,1360,"[1,1,1,1,1,0,0,0,0,0,0,0,0,0,0,0,0]",31,5,5,0
cklr_m5_s100_306ad19c5b4ecd96,306ad19c5b4ecd96,5,17,100,636541486504811118,0.11,4,16,"[[1,1,2],[3,0,0],[3,1,1],[3,3,2],[4,0,0],[4,2,2]]",6,66,1411,"[1,1,1,1,1,0,0,0,0,0,0,0,0,0,0,0,0]",31,5,5,0
cklr_m5_s101_49da48aff5f19761,49da48aff5f19761,5,17,101,6205660236303368078,0.11,4,17,"[[0,2,1],[0,3,2],[2,0,0],[2,1,1],[3,0,2],[3,1,0],[3,3,0],[4,0,1],[4,1,2],[4,3,0],[4,3,1]]",11,61,1326,"[1,1,1,1,1,0,0,0,0,0,0,0,0,0,0,0,0]",31,5,5,0
cklr_m5_s102_1d6dd56e4fe653d5,1d6dd56e4fe653d5,5,17,102,7757856120841783463,0.03,0,4,"[[1,2,1]]",1,71,1496,"[1,1,1,1,1,0,0,0,0,0,0,0,0,0,0,0,0]",31,5,5,0
cklr_m5_s103_b4429f9e6ab85d97,b4429f9e6ab85d97,5,17,103,7857852467210438369,0.03,0,5,"[[1,2,0],[4,0,2],[4,1,2]]",3,69,1462,"[1,1,1,1,1,0,0,0,0,0,0,0,0,0,0,0,0]",31,5,5,0
cklr_m5_s104_c69c6dea0ce5ab55,c69c6dea0ce5ab55,5,17,104,3977352375952085171,0.03,0,6,"[[0,3,0],[1,0,0],[2,0,2],[3,2,0]]",4,68,1445,"[1,1,1,1,1,0,0,0,0,0,0,0,0,0,0,0,0]",31,5,5,0
cklr_m5_s105_4dc1004244f44b61,4dc1004244f44b61,5,17,105,7935192430531761402,0.03,0,7,"[[4,0,2]]",1,71,1496,"[1,1,1,1,1,0,0,0,0,0,0,0,0,0,0,0,0]",31,5,5,0
cklr_m5_s106_261a4cef728f07c1,261a4cef728f07c1,5,17,106,8017317398498776305,0.03,0,10,"[[1,0,2],[4,0,2]]",2,70,1479,"[1,1,1,1,1,0,0,0,0,0,0,0,0,0,0,0,0]",31,5,5,0
cklr_m5_s107_74d1d5a1dddea948,74d1d5a1dddea948,5,17,107,303907118343752926,0.03,0,11,"[[0,1,0],[3,2,1],[4,1,1]]",3,69,1462,"[1,1,1,1,1,0,0,0,0,0,0,0,0,0,0,0,0]",31,5,5,0
cklr_m5_s108_0723caeb9db82611,0723caeb9db82611,5,17,108,3971525055641562957,0.03,0,12,"[[0,0,2]]",1,71,1496,"[1,1,1,1,1,0,0,0,0,0,0,0,0,0,0,0,0]",31,5,5,0
cklr_m5_s109_9e6eecd64ce2d5da,9e6eecd64ce2d5da,5,17,109,2820403052467123699,0.03,0,13,"[[0,0,1],[3,3,1]]",2,70,1479,"[1,1,1,1,1,0,0,0,0,0,0,0,0,0,0,0,0]",31,5,5,0
cklr_m5_s110_2355764547c600ba,2355764547c600ba,5,17,110,8633098614111173278,0.03,0,14,"[[0,1,2],[1,1,1],[1,2,2]]",3,69,1462,"[1,1,1,1,1,0,0,0,0,0,0,0,0,0,0,0,0]",31,5,5,0
cklr_m5_s111_9bedd618e5d4834c,9bedd618e5d4834c,5,17,111,4443351039692710299,0.03,0,15,"[[0,3,0],[2,0,1],[3,1,0],[3,2,1],[4,0,1],[4,2,1],[4,3,0]]",7,65,1394,"[1,1,1,1,1,0,0,0,0,0,0,0,0,0,0,0,0]",31,5,5,0
cklr_m5_s112_ed7973318964f382,ed7973318964f382,5,17,112,1060496294374930267,0.03,0,18,"[[1,0,2],[4,3,1]]",2,70,1479,"[1,1,1,1,1,0,0,0,0,0,0,0,0,0,0,0,0]",31,5,5,0
cklr_m5_s113_26003edc740bab30,26003edc740bab30,5,17,113,1877577381390371628,0.03,0,19,"[[1,1,0],[2,0,1]]",2,70,1479,"[1,1,1,1,1,0,0,0,0,0,0,0,0,0,0,0,0]",31,5,5,0
cklr_m5_s114_933b253db123a7a0,933b253db123a7a0,5,17,114,8056469045695426096,0.03,0,20,"[[0,0,0],[0,1,2],[2,1,2],[3,3,1]]",4,68,1445,"[1,1,1,1,1,0,0,0,0,0,0,0,0,0,0,0,0]",31,5,5,0
cklr_m5_s115_0b5959d7dbfa6b37,0b5959d7dbfa6b37,5,17,115,5387473384200472527,0.03,0,21,"[[1,0,0],[3,3,2]]",2,70,1479,"[1,1,1,1,1,0,0,0,0,0,0,0,0,0,0,0,0]",31,5,5,0
cklr_m5_s116_26f9c9254abc8ecc,26f9c9254abc8ecc,5,17,116,8974603290843752906,0.03,0,22,"[[1,0,0],[3,1,1],[4,3,0]]",3,69,1462,"[1,1,1,1,1,0,0,0,0,0,0,0,0,0,0,0,0]",31,5,5,0
cklr_m5_s117_d01d0820930040c0,d01d0820930040c0,5,17,117,4580189622989387974,0.03,0,23,"[[1,3,1],[2,3,0]]",2,70,1479,"[1,1,1,1,1,0,0,0,0,0,0,0,0,0,0,0,0]",31,5,5,0
cklr_m5_s118_b4cf261eae99bc75,b4cf261eae99bc75,5,17,118,2767188706862292543,0.03,0,24,"[[1,3,1]]",1,71,1496,"[1,1,1,1,1,0,0,0,0,0,0,0,0,0,0,0,0]",31,5,5,0
cklr_m5_s119_21d2cec5564e6323,21d2cec5564e6323,5,17,119,6598489477490393614,0.03,0,27,"[[0,1,0],[0,1,1],[1,2,0],[4,2,2]]",4,68,1445,"[1,1,1,1,1,0,0,0,0,0,0,0,0,0,0,0,0]",31,5,5,0
cklr_m5_s120_ea681d10c7e6b704,ea681d10c7e6b704,5,17,120,4497802214145941765,0.05,1,1,"[[2,3,0],[3,1,1]]",2,70,1479,"[1,1,1,1,1,0,0,0,0,0,0,0,0,0,0,0,0]",31,5,5,0
cklr_m5_s121_02229e095dbd4635,02229e095dbd4635,5,17,121,3733056963900645985,0.05,1,2,"[[1,2,0],[2,0,0]]",2,70,1479,"[1,1,1,1,1,0,0,0,0,0,0,0,0,0,0,0,0]",31,5,5,0
cklr_m5_s122_e0bdc71b771d0c06,e0bdc71b771d0c06,5,17,122,5890529474050126430,0.05,1,3,"[[1,1,0],[3,2,2]]",2,70,1479,"[1,1,1,1,1,0,0,0,0,0,0,0,0,0,0,0,0]",31,5,5,0
cklr_m5_s123_c55bb81a953a6ad4,c55bb81a953a6ad4,5,17,123,368694571443356194,0.05,1,4,"[[1,0,1],[3,0,2],[3,2,2]]",3,69,1462,"[1,1,1,1,1,0,0,0,0,0,0,0,0,0,0,0,0]",31,5,5,0
cklr_m5_s124_aa7105fd0abca250,aa7105fd0abca250,5,17,124,2741165780373308705,0.05,1,5,"[[1,2,0],[1,3,2],[2,2,0]]",3,69,1462,"[1,1,1,1,1,0,0,0,0,0,0,0,0,0,0,0,0]",31,5,5,0
cklr_m5_s125_ef49e7a59f6c508c,ef49e7a59f6c508c,5,17,125,8037253878423912228,0.05,1,6,"[[0,0,1],[4,2,0],[4,3,2]]",3,69,1462,"[1,1,1,1,1,0,0,0,0,0,0,0,0,0,0,0,0]",31,5,5,0
cklr_m5_s126_d503bb91baf2cb50,d503bb91baf2cb50,5,17,126,612857286669016334,0.05,1,7,"[[0,2,0],[0,3,1],[1,1,1]]",3,69,1462,"[1,1,1,1,1,0,0,0,0,0,0,0,0,0,0,0,0]",31,5,5,0
cklr_m5_s127_8ad0f2ec0ec87e51,8ad0f2ec0ec87e51,5,17,127,8797406084388878128,0.05,1,8,"[[0,1,2],[2,2,0],[3,0,1],[3,1,0],[3,1,2]]",5,67,1428,"[1,1,1,1,1,0,0,0,0,0,0,0,0,0,0,0,0]",31,5,5,0
cklr_m5_s128_42e4ad5e700cc5af,42e4ad5e700cc5af,5,17,128,2115570950469849351,0.05,1,9,"[[0,2,2],[4,1,0],[4,3,0]]",3,69,1462,"[1,1,1,1,1,0,0,0,0,0,0,0,0,0,0,0,0]",31,5,5,0
cklr_m5_s129_dcb6a969447248df,dcb6a969447248df,5,17,129,5929422178734670434,0.05,1,10,"[[3,3,0],[4,0,0],[4,2,2],[4,3,1]]",4,68,1445,"[1,1,1,1,1,0,0,0,0,0,0,0,0,0,0,0,0]",31,5,5,0
cklr_m5_s130_29c453fea0867448,29c453fea0867448,5,17,130,1198567575737982802,0.05,1,11,"[[0,1,2],[2,1,2],[3,1,1]]",3,69,1462,"[1,1,1,1,1,0,0,0,0,0,0,0,0,0,0,0,0]",31,5,5,0
cklr_m5_s131_2a832cfa2d1fae4e,2a832cfa2d1fae4e,5,17,131,3705251795098936211,0.05,1,12,"[[1,1,0],[2,1,1],[3,2,1]]",3,69,1462,"[1,1,1,1,1,0,0,0,0,0,0,0,0,0,0,0,0]",31,5,5,0
cklr_m5_s132_0655a78773e86566,0655a78773e86566,5,17,132,3921705170387521297,0.05,1,13,"[[0,1,0],[0,3,1],[1,2,2],[2,3,0],[3,0,1],[4,0,0]]",6,66,1411,"[1,1,1,1,1,0,0,0,0,0,0,0,0,0,0,0,0]",31,5,5,0
cklr_m5_s133_6470f6072678e147,6470f6072678e147,5,17,133,4694939273599886796,0.05,1,14,"[[1,2,0],[3,2,2],[3,3,0],[4,3,1]]",4,68,1445,"[1,1,1,1,1,0,0,0,0,0,0,0,0,0,0,0,0]",31,5,5,0
cklr_m5_s134_3cad85adb0929a22,3cad85adb0929a22,5,17,134,383938461538300671,0.05,1,15,"[[0,1,1],[4,0,0]]",2,70,1479,"[1,1,1,1,1,0,0,0,0,0,0,0,0,0,0,0,0]",31,5,5,0
cklr_m5_s135_53f9ce61e5e82eeb,53f9ce61e5e82eeb,5,17,135,2999457419902526626,0.05,1,16,"[[3,2,1]]",1,71,1496,"[1,1,1,1,1,0,0,0,0,0,0,0,0,0,0,0,0]",31,5,5,0
cklr_m5_s136_54b1d212211c9dfa,54b1d212211c9dfa,5,17,136,8188692539511616670,0.05,1,17,"[[4,2,1]]",1,71,1496,"[1,1,1,1,1,0,0,0,0,0,0,0,0,0,0,0,0]",31,5,5,0
cklr_m5_s137_c20e0e46645263a1,c20e0e46645263a1,5,17,137,6681349515356749606,0.05,1,18,"[[1,1,0],[2,2,0],[4,2,2]]",3,69,1462,"[1,1,1,1,1,0,0,0,0,0,0,0,0,0,0,0,0]",31,5,5,0
cklr_m5_s138_3b3793d97bb6eb15,3b3793d97bb6eb15,5,17,138,776180883177493824,0.05,1,19,"[[0,3,1],[1,1,1],[2,0,1],[2,1,1]]",4,68,1445,"[1,1,1,1,1,0,0,0,0,0,0,0,0,0,0,0,0]",31,5,5,0
cklr_m5_s139_0cf99dd0e0ed28cf,0cf99dd0e0ed28cf,5,17,139,9025185868288492021,0.05,1,20,"[[0,1,2],[0,3,1],[1,1,1],[1,1,2],[2,3,2],[3,2,2],[4,2,0]]",7,65,1394,"[1,1,1,1,1,0,0,0,0,0,0,0,0,0,0,0,0]",31,5,5,0
cklr_m5_s140_52b16f705df85cf1,52b16f705df85cf1,5,17,140,5972962478455637250,0.07,2,1,"[[0,1,0],[0,3,1],[3,0,1],[3,0,2],[4,0,1]]",5,67,1428,"[1,1,1,1,1,0,0,0,0,0,0,0,0,0,0,0,0]",31,5,5,0
cklr_m5_s141_50b7673f4bbcb0bb,50b7673f4bbcb0bb,5,17,141,6389199883246968231,0.07,2,2,"[[0,1,1],[3,1,2]]",2,70,1479,"[1,1,1,1,1,0,0,0,0,0,0,0,0,0,0,0,0]",31,5,5,0
cklr_m5_s142_39006767dbefc5a5,39006767dbefc5a5,5,17,142,8062575883865885982,0.07,2,4,"[[0,1,1]]",1,71,1496,"[1,1,1,1,1,0,0,0,0,0,0,0,0,0,0,0,0]",31,5,5,0
cklr_m5_s143_44999ce661f3c13e,44999ce661f3c13e,5,17,143,2827752170816638798,0.07,2,5,"[[3,0,0]]",1,71,1496,"[1,1,1,1,1,0,0,0,0,0,0,0,0,0,0,0,0]",31,5,5,0
cklr_m5_s144_da344b11f7b0aa0b,da344b11f7b0aa0b,5,17,144,8764504079596131460,0.07,2,6,"[[0,0,2],[0,3,0],[0,3,1],[2,0,0],[2,1,1],[3,0,0],[4,1,1]]",7,65,1394,"[1,1,1,1,1,0,0,0,0,0,0,0,0,0,0,0,0]",31,5,5,0
cklr_m5_s145_fb94c43c4bc89bd8,fb94c43c4bc89bd8,5,17,145,2045827274868629879,0.07,2,7,"[[1,1,0],[1,2,2],[2,0,2]]",3,69,1462,"[1,1,1,1,1,0,0,0,0,0,0,0,0,0,0,0,0]",31,5,5,0
cklr_m5_s146_777c4fe7074c0a9a,777c4fe7074c0a9a,5,17,146,4954052676572068825,0.07,2,8,"[[0,1,0],[0,2,0],[2,3,2]]",3,69,1462,"[1,1,1,1,1,0,0,0,0,0,0,0,0,0,0,0,0]",31,5,5,0
cklr_m5_s147_15963869fccbab1b,15963869fccbab1b,5,17,147,5984453813431897057,0.07,2,9,"[[3,1,1],[4,0,2]]",2,70,1479,"[1,1,1,1,1,0,0,0,0,0,0,0,0,0,0,0,0]",31,5,5,0
cklr_m5_s148_e871ff5e120e34c7,e871ff5e120e34c7,5,17,148,3982636765762682154,0.07,2,10,"[[0,2,2],[1,1,2],[1,2,0],[2,2,0],[4,3,1]]",5,67,1428,"[1,1,1,1,1,0,0,0,0,0,0,0,0,0,0,0,0]",31,5,5,0
cklr_m5_s149_f35f3f6d084bb068,f35f3f6d084bb068,5,17,149,1005206381296037181,0.07,2,11,"[[1,3,1],[2,0,1],[2,2,0],[3,1,0],[4,0,0],[4,1,0],[4,3,2]]",7,65,1394,"[1,1,1,1,1,0,0,0,0,0,0,0,0,0,0,0,0]",31,5,5,0
cklr_m5_s150_a0814ac7b074fb12,a0814ac7b074fb12,5,17,150,4292403598165288865,0.07,2,12,"[[0,1,0],[1,2,1],[2,2,1],[3,0,0],[3,2,0],[4,0,2]]",6,66,1411,"[1,1,1,1,1,0,0,0,0,0,0,0,0,0,0,0,0]",31,5,5,0
cklr_m5_s151_c7556f04e16166dc,c7556f04e16166dc,5,17,151,6280343878186849946,0.07,2,13,"[[0,0,1],[2,0,1],[3,0,0],[4,1,2]]",4,68,1445,"[1,1,1,1,1,0,0,0,0,0,0,0,0,0,0,0,0]",31,5,5,0
cklr_m5_s152_996763d3c396771c,996763d3c396771c,5,17,152,530013550796280862,0.07,2,14,"[[0,3,2],[1,0,1]]",2,70,1479,"[1,1,1,1,1,0,0,0,0,0,0,0,0,0,0,0,0]",31,5,5,0
cklr_m5_s153_791c3ecc15fe6bfd,791c3ecc15fe6bfd,5,17,153,3876154527997137245,0.07,2,15,"[[2,3,0],[3,1,0],[3,1,2]]",3,69,1462,"[1,1,1,1,1,0,0,0,0,0,0,0,0,0,0,0,0]",31,5,5,0
cklr_m5_s154_576f2827b30ffe86,576f2827b30ffe86,5,17,154,1233617535804354308,0.07,2,16,"[[0,2,0],[2,0,2],[2,1,2],[2,3,1],[3,1,2]]",5,67,1428,"[1,1,1,1,1,0,0,0,0,0,0,0,0,0,0,0,0]",31,5,5,0
cklr_m5_s155_c693f5f3b0c65cda,c693f5f3b0c65cda,5,17,155,4108065584280979317,0.07,2,17,"[[1,0,2],[1,2,2],[1,3,0],[3,1,2],[3,2,1],[3,3,0],[4,2,2],[4,3,2]]",8,64,1377,"[1,1,1,1,1,0,0,0,0,0,0,0,0,0,0,0,0]",31,5,5,0
cklr_m5_s156_e023752282b95678,e023752282b95678,5,17,156,505784035921712868,0.07,2,18,"[[0,0,0],[2,1,1],[3,2,2],[3,3,0],[4,0,1]]",5,67,1428,"[1,1,1,1,1,0,0,0,0,0,0,0,0,0,0,0,0]",31,5,5,0
cklr_m5_s157_15c45b13add18cd9,15c45b13add18cd9,5,17,157,5207535635841974675,0.07,2,19,"[[0,3,0],[1,1,1],[1,2,1]]",3,69,1462,"[1,1,1,1,1,0,0,0,0,0,0,0,0,0,0,0,0]",31,5,5,0
cklr_m5_s158_3ecf78ffa05c930e,3ecf78ffa05c930e,5,17,158,6642061286654178350,0.07,2,20,"[[0,2,1],[1,3,0],[2,1,2],[3,2,2]]",4,68,1445,"[1,1,1,1,1,0,0,0,0,0,0,0,0,0,0,0,0]",31,5,5,0
cklr_m5_s159_50cf67db24384c59,50cf67db24384c59,5,17,159,7295672016403482814,0.07,2,21,"[[1,1,1],[2,1,1],[3,2,1],[3,3,1],[4,3,0]]",5,67,1428,"[1,1,1,1,1,0,0,0,0,0,0,0,0,0,0,0,0]",31,5,5,0
cklr_m5_s160_b0ad7a932c744eab,b0ad7a932c744eab,5,17,160,7421735502002266904,0.09,3,1,"[[0,1,2],[1,2,2],[2,1,0],[2,1,1],[3,1,1]]",5,67,1428,"[1,1,1,1,1,0,0,0,0,0,0,0,0,0,0,0,0]",31,5,5,0
cklr_m5_s161_de867dee856ef6e9,de867dee856ef6e9,5,17,161,1972765457352051661,0.09,3,2,"[[1,1,0],[2,0,0],[2,0,1],[3,3,2],[4,1,1],[4,1,2]]",6,66,1411,"[1,1,1,1,1,0,0,0,0,0,0,0,0,0,0,0,0]",31,5,5,0
cklr_m5_s162_72055a50818ac96c,72055a50818ac96c,5,17,162,2487473070218385401,0.09,3,3,"[[0,2,2],[0,3,0],[0,3,2],[2,2,1],[2,3,0]]",5,67,1428,"[1,1,1,1,1,0,0,0,0,0,0,0,0,0,0,0,0]",31,5,5,0
cklr_m5_s164_3c39b45ac0d60f1c,3c39b45ac0d60f1c,5,17,164,8089990865843433837,0.09,3,5,"[[0,3,0],[1,3,1],[2,1,1],[3,0,0],[4,1,0]]",5,67,1428,"[1,1,1,1,1,0,0,0,0,0,0,0,0,0,0,0,0]",31,5,5,0
cklr_m5_s165_603fd2fe001781bf,603fd2fe001781bf,5,17,165,1463395586979811779,0.09,3,6,"[[0,3,2],[3,2,1],[4,2,0]]",3,69,1462,"[1,1,1,1,1,0,0,0,0,0,0,0,0,0,0,0,0]",31,5,5,0
cklr_m5_s166_38f317cb2b47c6d7,38f317cb2b47c6d7,5,17,166,506927152341233749,0.09,3,7,"[[2,2,1],[2,2,2],[2,3,0],[3,2,0],[3,3,2],[4,2,2],[4,3,2]]",7,65,1394,"[1,1,1,1,1,0,0,0,0,0,0,0,0,0,0,0,0]",31,5,5,0
cklr_m5_s167_419c0e55f1024ac8,419c0e55f1024ac8,5,17,167,6995848259230776009,0.09,3,8,"[[1,2,0],[4,1,0],[4,2,0]]",3,69,1462,"[1,1,1,1,1,0,0,0,0,0,0,0,0,0,0,0,0]",31,5,5,0
cklr_m5_s168_7aedbaf27fe8a0ce,7aedbaf27fe8a0ce,5,17,168,2717115171379302798,0.09,3,9,"[[0,0,0],[1,1,2],[1,2,1],[2,0,2],[2,2,0],[2,2,1],[3,0,1],[3,3,0]]",8,64,1377,"[1,1,1,1,1,0,0,0,0,0,0,0,0,0,0,0,0]",31,5,5,0
cklr_m5_s169_980d80e230b5083f,980d80e230b5083f,5,17,169,5701940408527655048,0.09,3,10,"[[2,3,2],[4,0,2]]",2,70,1479,"[1,1,1,1,1,0,0,0,0,0,0,0,0,0,0,0,0]",31,5,5,0
cklr_m5_s170_1c4f381add91c22b,1c4f381add91c22b,5,17,170,3861237373674039424,0.09,3,11,"[[0,0,0],[2,0,1],[2,0,2],[2,1,1],[2,2,1],[2,2,2],[4,1,0]]",7,65,1394,"[1,1,1,1,1,0,0,0,0,0,0,0,0,0,0,0,0]",31,5,5,0
cklr_m5_s171_8283c05c0537a90e,8283c05c0537a90e,5,17,171,932255093482272278,0.09,3,12,"[[0,2,2],[0,3,2],[1,1,0],[1,3,1],[3,2,1],[4,0,0]]",6,66,1411,"[1,1,1,1,1,0,0,0,0,0,0,0,0,0,0,0,0]",31,5,5,0
cklr_m5_s172_b505b1efb11c70e4,b505b1efb11c70e4,5,17,172,5965920815799622884,0.09,3,13,"[[0,1,0],[0,2,1],[2,0,0],[2,2,1],[3,0,1],[3,3,1],[4,0,1]]",7,65,1394,"[1,1,1,1,1,0,0,0,0,0,0,0,0,0,0,0,0]",31,5,5,0
cklr_m5_s173_83fd2b2e7081face,83fd2b2e7081face,5,17,173,2092094706869604033,0.09,3,14,"[[1,1,1],[1,3,0],[2,0,2],[2,2,1],[3,2,0],[4,1,1],[4,2,2],[4,3,1]]",8,64,1377,"[1,1,1,1,1,0,0,0,0,0,0,0,0,0,0,0,0]",31,5,5,0
cklr_m5_s174_a4a093e8dcfcae5d,a4a093e8dcfcae5d,5,17,174,3668903517465344460,0.09,3,15,"[[0,0,0],[0,0,2],[0,1,0],[1,3,2],[2,1,0],[3,1,0]]",6,66,1411,"[1,1,1,1,1,0,0,0,0,0,0,0,0,0,0,0,0]",31,5,5,0
cklr_m5_s175_78abaa2844efa837,78abaa2844efa837,5,17,175,8071837580371388835,0.09,3,16,"[[0,2,2],[1,1,0],[1,2,0]]",3,69,1462,"[1,1,1,1,1,0,0,0,0,0,0,0,0,0,0,0,0]",31,5,5,0
cklr_m5_s176_ceeefe7ff2c34c2c,ceeefe7ff2c34c2c,5,17,176,2920952580589899828,0.09,3,17,"[[4,1,0],[4,2,0],[4,3,1]]",3,69,1462,"[1,1,1,1,1,0,0,0,0,0,0,0,0,0,0,0,0]",31,5,5,0
cklr_m5_s177_3fa4b9c0edab5d7d,3fa4b9c0edab5d7d,5,17,177,8340241225205677039,0.09,3,18,"[[3,2,2]]",1,71,1496,"[1,1,1,1,1,0,0,0,0,0,0,0,0,0,0,0,0]",31,5,5,0
cklr_m5_s178_c9d1ad127e2aba5a,c9d1ad127e2aba5a,5,17,178,2083507188532900335,0.09,3,19,"[[1,0,1],[1,2,0],[1,2,1],[2,1,0],[2,3,2],[3,0,2],[3,1,1],[3,3,1]]",8,64,1377,"[1,1,1,1,1,0,0,0,0,0,0,0,0,0,0,0,0]",31,5,5,0
cklr_m5_s179_0f1719bb8f1f848c,0f1719bb8f1f848c,5,17,179,2994166893926406899,0.09,3,20,"[[0,0,1],[2,2,1],[3,0,1],[3,2,0]]",4,68,1445,"[1,1,1,1,1,0,0,0,0,0,0,0,0,0,0,0,0]",31,5,5,0
cklr_m5_s180_93ebde7b16a4b67f,93ebde7b16a4b67f,5,17,180,3152660057609802840,0.09,3,21,"[[0,0,2],[4,1,0],[4,2,1]]",3,69,1462,"[1,1,1,1,1,0,0,0,0,0,0,0,0,0,0,0,0]",31,5,5,0
cklr_m5_s181_bb9e6112bdb96545,bb9e6112bdb96545,5,17,181,4762750130902252229,0.11,4,1,"[[0,3,2],[1,1,0],[2,0,1],[2,1,2],[2,3,2],[3,2,0],[4,1,0],[4,2,0],[4,3,1]]",9,63,1360,"[1,1,1,1,1,0,0,0,0,0,0,0,0,0,0,0,0]",31,5,5,0
cklr_m5_s182_c2eebad996fdc802,c2eebad996fdc802,5,17,182,317040992255019619,0.11,4,2,"[[0,1,2],[2,1,1],[2,2,2],[3,0,2],[4,2,0],[4,2,1],[4,2,2]]",7,65,1394,"[1,1,1,1,1,0,0,0,0,0,0,0,0,0,0,0,0]",31,5,5,0
cklr_m5_s183_873f7f3f63f9c3ac,873f7f3f63f9c3ac,5,17,183,3726105780210022275,0.11,4,4,"[[0,0,0],[0,1,0],[1,0,1],[1,2,2]]",4,68,1445,"[1,1,1,1,1,0,0,0,0,0,0,0,0,0,0,0,0]",31,5,5,0
cklr_m5_s184_f9480cb27ff4c2e1,f9480cb27ff4c2e1,5,17,184,7711171282935224649,0.11,4,5,"[[0,0,0],[0,0,1],[0,1,1],[1,0,2],[2,1,0],[3,0,2],[3,2,2],[3,3,0]]",8,64,1377,"[1,1,1,1,1,0,0,0,0,0,0,0,0,0,0,0,0]",31,5,5,0
cklr_m5_s185_c232c9730d8a7c04,c232c9730d8a7c04,5,17,185,1455795509303534149,0.11,4,6,"[[1,1,0],[1,2,1],[1,3,1],[3,1,0],[4,1,2],[4,2,2]]",6,66,1411,"[1,1,1,1,1,0,0,0,0,0,0,0,0,0,0,0,0]",31,5,5,0
cklr_m5_s186_14715ffc06f6933a,14715ffc06f6933a,5,17,186,7167107851564593476,0.11,4,7,"[[1,2,0],[1,3,0],[1,3,2],[2,0,1],[2,1,0],[2,2,2],[3,2,0]]",7,65,1394,"[1,1,1,1,1,0,0,0,0,0,0,0,0,0,0,0,0]",31,5,5,0
cklr_m5_s187_033e0e7d35df3d06,033e0e7d35df3d06,5,17,187,5160216304286995097,0.11,4,8,"[[0,3,0],[1,0,2],[1,2,0],[3,0,1],[3,0,2],[3,1,2],[3,3,1],[3,3,2]]",8,64,1377,"[1,1,1,1,1,0,0,0,0,0,0,0,0,0,0,0,0]",31,5,5,0
cklr_m5_s188_8a5e159cf376b0f1,8a5e159cf376b0f1,5,17,188,8562266120712335919,0.11,4,9,"[[0,2,2],[0,3,0],[0,3,2],[1,1,2],[2,0,1],[2,1,2],[3,2,0],[4,1,0],[4,2,0],[4,3,2]]",10,62,1343,"[1,1,1,1,1,0,0,0,0,0,0,0,0,0,0,0,0]",31,5,5,0
cklr_m5_s189_1683a7ccd18a9882,1683a7ccd18a9882,5,17,189,1989593774433658810,0.11,4,10,"[[1,1,0],[3,2,1],[4,2,0]]",3,69,1462,"[1,1,1,1,1,0,0,0,0,0,0,0,0,0,0,0,0]",31,5,5,0
cklr_m5_s190_2d16f5bad11e4d17,2d16f5bad11e4d17,5,17,190,6196951672319414603,0.11,4,11,"[[0,1,1],[0,3,1],[1,2,0],[3,0,2],[4,3,0],[4,3,1]]",6,66,1411,"[1,1,1,1,1,0,0,0,0,0,0,0,0,0,0,0,0]",31,5,5,0
cklr_m5_s191_fd183be661895778,fd183be661895778,5,17,191,4856733154865324398,0.11,4,12,"[[0,0,1],[0,1,1],[1,2,2],[1,3,1],[2,2,1],[3,0,2],[3,2,1],[3,3,1]]",8,64,1377,"[1,1,1,1,1,0,0,0,0,0,0,0,0,0,0,0,0]",31,5,5,0
cklr_m5_s192_6e67e88ef8d23f38,6e67e88ef8d23f38,5,17,192,5153755765896612597,0.11,4,13,"[[1,0,0],[1,3,1],[2,1,0],[3,2,0],[4,1,0],[4,3,2]]",6,66,1411,"[1,1,1,1,1,0,0,0,0,0,0,0,0,0,0,0,0]",31,5,5,0
cklr_m5_s193_5796fdfc9a6eee65,5796fdfc9a6eee65,5,17,193,8466818979856018596,0.11,4,14,"[[0,1,0],[0,1,1],[1,3,0],[1,3,1],[2,1,0],[2,1,1],[4,3,0]]",7,65,1394,"[1,1,1,1,1,0,0,0,0,0,0,0,0,0,0,0,0]",31,5,5,0
cklr_m5_s194_224c47c017076f6c,224c47c017076f6c,5,17,194,6612914238575307885,0.11,4,15,"[[0,0,0],[1,0,0],[1,2,0],[4,0,2],[4,3,0]]",5,67,1428,"[1,1,1,1,1,0,0,0,0,0,0,0,0,0,0,0,0]",31,5,5,0
cklr_m5_s195_5a175b179ef4f0d6,5a175b179ef4f0d6,5,17,195,8053760214169379700,0.11,4,16,"[[0,0,2],[1,2,2],[2,1,1],[3,0,2],[3,1,0],[4,0,1],[4,3,2]]",7,65,1394,"[1,1,1,1,1,0,0,0,0,0,0,0,0,0,0,0,0]",31,5,5,0
cklr_m5_s196_f03cb0e1eae0b346,f03cb0e1eae0b346,5,17,196,8312513088105241315,0.11,4,17,"[[1,1,0],[2,1,0],[3,3,1],[3,3,2],[4,0,2]]",5,67,1428,"[1,1,1,1,1,0,0,0,0,0,0,0,0,0,0,0,0]",31,5,5,0
cklr_m5_s197_0efd92c517c83e52,0efd92c517c83e52,5,17,197,677166326502846700,0.11,4,18,"[[0,2,1],[1,1,2],[1,2,0],[3,3,0],[4,0,2],[4,2,1]]",6,66,1411,"[1,1,1,1,1,0,0,0,0,0,0,0,0,0,0,0,0]",31,5,5,0
cklr_m5_s198_584dfb24e9353b93,584dfb24e9353b93,5,17,198,5864862607243425111,0.11,4,19,"[[1,1,1],[2,0,1],[2,2,2],[3,2,2]]",4,68,1445,"[1,1,1,1,1,0,0,0,0,0,0,0,0,0,0,0,0]",31,5,5,0
cklr_m5_s199_49757de99082d0fb,49757de99082d0fb,5,17,199,3946160772371211957,0.11,4,20,"[[0,1,2],[0,2,2],[0,3,0],[1,1,0],[3,0,2],[4,1,0],[4,3,0]]",7,65,1394,"[1,1,1,1,1,0,0,0,0,0,0,0,0,0,0,0,0]",31,5,5,0
cklr_m5_s200_cfd967ad2b3eb226,cfd967ad2b3eb226,5,17,200,9036531719382629641,0.11,4,21,"[[0,1,2],[1,1,1],[1,3,1],[2,1,2]]",4,68,1445,"[1,1,1,1,1,0,0,0,0,0,0,0,0,0,0,0,0]",31,5,5,0
cklr_m6_s00_fa2ee9c56222d08c,fa2ee9c56222d08c,6,21,0,765733836123113732,0.03,0,1,"[[1,2,1],[4,0,0],[4,2,2]]",3,102,2583,"[1,1,1,1,1,1,0,0,0,0,0,0,0,0,0,0,0,0,0,0,0]",63,6,6,0
cklr_m6_s01_1d3bf986b7c82611,1d3bf986b7c82611,6,21,1,97366691263317924,0.03,0,2,"[[1,0,2],[4,1,2]]",2,103,2604,"[1,1,1,1,1,1,0,0,0,0,0,0,0,0,0,0,0,0,0,0,0]",63,6,6,0
cklr_m6_s02_11b94b180e8e3cd4,11b94b180e8e3cd4,6,21,2,7023216479729569150,0.03,0,3,"[[1,3,2],[3,4,2]]",2,103,2604,"[1,1,1,1,1,1,0,0,0,0,0,0,0,0,0,0,0,0,0,0,0]",63,6,6,0
cklr_m6_s03_b4692b3bfe74072d,b4692b3bfe74072d,6,21,3,7857295314458542225,0.03,0,4,"[[1,3,2],[2,1,0],[5,2,2],[5,3,2]]",4,101,2562,"[1,1,1,1,1,1,0,0,0,0,0,0,0,0,0,0,0,0,0,0,0]",63,6,6,0
cklr_m6_s04_9e3c2d356cb9f837,9e3c2d356cb9f837,6,21,4,8658658667838609856,0.05,1,1,"[[0,0,1],[1,1,1],[1,4,2],[2,2,1],[4,1,2]]",5,100,2541,"[1,1,1,1,1,1,0,0,0,0,0,0,0,0,0,0,0,0,0,0,0]",63,6,6,0
cklr_m6_s05_3c5c2cdf15d1e4a8,3c5c2cdf15d1e4a8,6,21,5,1126029996864856022,0.05,1,2,"[[0,0,1],[1,2,2],[1,3,0],[2,0,0],[2,1,0],[3,0,0],[5,1,1],[5,1,2],[5,3,1]]",9,96,2457,"[1,1,1,1,1,1,0,0,0,0,0,0,0,0,0,0,0,0,0,0,0]",63,6,6,0
cklr_m6_s06_a6f32f942f91a80c,a6f32f942f91a80c,6,21,6,8148659754736052142,0.05,1,3,"[[0,2,1],[1,1,0],[3,0,2]]",3,102,2583,"[1,1,1,1,1,1,0,0,0,0,0,0,0,0,0,0,0,0,0,0,0]",63,6,6,0
cklr_m6_s07_0d097ee65ad19252,0d097ee65ad19252,6,21,7,8285410378618366706,0.05,1,4,"[[0,4,1],[1,3,0],[1,4,2],[2,0,1],[3,3,0],[3,4,1]]",6,99,2520,"[1,1,1,1,1,1,0,0,0,0,0,0,0,0,0,0,0,0,0,0,0]",63,6,6,0
cklr_m6_s08_de5d23ec63de77e0,de5d23ec63de77e0,6,21,8,8267693942380427884,0.07,2,1,"[[0,1,1],[1,0,0],[1,1,0],[1,2,0],[2,0,0],[4,2,2],[5,0,0]]",7,98,2499,"[1,1,1,1,1,1,0,0,0,0,0,0,0,0,0,0,0,0,0,0,0]",63,6,6,0
cklr_m6_s09_6b067ed5c4fcc0fa,6b067ed5c4fcc0fa,6,21,9,4870989463104441369,0.07,2,2,"[[0,0,0],[1,0,0],[1,3,1],[5,1,1],[5,2,2]]",5,100,2541,"[1,1,1,1,1,1,0,0,0,0,0,0,0,0,0,0,0,0,0,0,0]",63,6,6,0
cklr_m6_s10_30d813e41c2365d6,30d813e41c2365d6,6,21,10,4372702157806680926,0.07,2,3,"[[1,4,0],[2,2,2],[2,4,2],[3,2,1],[5,4,1]]",5,100,2541,"[1,1,1,1,1,1,0,0,0,0,0,0,0,0,0,0,0,0,0,0,0]",63,6,6,0
cklr_m6_s11_49834ae245490250,49834ae245490250,6,21,11,1095017757944693901,0.07,2,4,"[[0,1,0],[0,1,2],[2,3,0],[3,0,0],[3,3,1],[4,3,0]]",6,99,2520,"[1,1,1,1,1,1,0,0,0,0,0,0,0,0,0,0,0,0,0,0,0]",63,6,6,0
cklr_m6_s12_4f955f21d83832c3,4f955f21d83832c3,6,21,12,7647389178836210400,0.09,3,1,"[[0,2,2],[0,3,0],[0,3,2],[1,1,2],[2,1,1],[2,2,0],[2,2,2],[3,1,2],[3,2,0],[3,3,1],[4,0,1],[4,3,1]]",12,93,2394,"[1,1,1,1,1,1,0,0,0,0,0,0,0,0,0,0,0,0,0,0,0]",63,6,6,0
cklr_m6_s13_6d54105cf1832760,6d54105cf1832760,6,21,13,3196012959314826101,0.09,3,2,"[[1,0,0],[1,1,1],[1,2,0],[1,3,1],[2,2,1],[2,4,2],[3,1,0],[3,2,0],[4,0,0],[4,4,2],[5,1,1]]",11,94,2415,"[1,1,1,1,1,1,0,0,0,0,0,0,0,0,0,0,0,0,0,0,0]",63,6,6,0
cklr_m6_s14_eae93706c829a251,eae93706c829a251,6,21,14,7455614303510361256,0.09,3,3,"[[0,1,2],[0,3,2],[2,0,0],[2,2,1],[2,3,1],[2,4,1],[3,2,0],[4,2,2],[4,3,1],[4,4,2]]",10,95,2436,"[1,1,1,1,1,1,0,0,0,0,0,0,0,0,0,0,0,0,0,0,0]",63,6,6,0
cklr_m6_s15_cc152b6f30191a07,cc152b6f30191a07,6,21,15,6027632136701495542,0.09,3,4,"[[0,3,1],[1,4,1],[2,2,1],[2,2,2],[2,4,2],[3,1,0],[3,1,1]]",7,98,2499,"[1,1,1,1,1,1,0,0,0,0,0,0,0,0,0,0,0,0,0,0,0]",63,6,6,0
cklr_m6_s16_dfa7d9fc4aad7926,dfa7d9fc4aad7926,6,21,16,3606782409250735023,0.11,4,1,"[[0,0,1],[1,4,2],[3,2,2],[4,3,2],[5,1,1],[5,2,0]]",6,99,2520,"[1,1,1,1,1,1,0,0,0,0,0,0,0,0,0,0,0,0,0,0,0]",63,6,6,0
cklr_m6_s17_ef5a64466c3cf2b0,ef5a64466c3cf2b0,6,21,17,2642532909637500455,0.11,4,2,"[[0,2,0],[0,3,0],[1,2,0],[1,2,1],[1,2,2],[2,2,2],[2,3,1],[3,0,2],[3,3,2],[3,4,2],[4,4,0],[4,4,2]]",12,93,2394,"[1,1,1,1,1,1,0,0,0,0,0,0,0,0,0,0,0,0,0,0,0]",63,6,6,0
cklr_m6_s18_e8a5bb6e91a0e9a4,e8a5bb6e91a0e9a4,6,21,18,7699692728905301761,0.11,4,3,"[[0,3,2],[1,3,1],[3,0,0],[3,4,1]]",4,101,2562,"[1,1,1,1,1,1,0,0,0,0,0,0,0,0,0,0,0,0,0,0,0]",63,6,6,0
cklr_m6_s19_e0d7734cb8904749,e0d7734cb8904749,6,21,19,4723001156440065294,0.11,4,4,"[[1,1,1],[1,2,0],[2,1,1],[2,2,0],[2,4,0],[4,0,2],[4,1,0],[4,1,1],[5,0,0]]",9,96,2457,"[1,1,1,1,1,1,0,0,0,0,0,0,0,0,0,0,0,0,0,0,0]",63,6,6,0
cklr_m6_s20_c777e2aea69effdb,c777e2aea69effdb,6,21,20,7207451058639689432,0.03,0,1,"[[0,2,0],[0,3,0],[1,1,1],[2,1,0],[4,0,2]]",5,100,2541,"[1,1,1,1,1,1,0,0,0,0,0,0,0,0,0,0,0,0,0,0,0]",63,6,6,0
cklr_m6_s21_ee7394c1c97ff545,ee7394c1c97ff545,6,21,21,3072250347887892376,0.03,0,2,"[[1,4,0]]",1,104,2625,"[1,1,1,1,1,1,0,0,0,0,0,0,0,0,0,0,0,0,0,0,0]",63,6,6,0
cklr_m6_s22_ce064bd104089508,ce064bd104089508,6,21,22,3347590061609400607,0.03,0,3,"[[3,3,2],[4,4,2],[5,0,1]]",3,102,2583,"[1,1,1,1,1,1,0,0,0,0,0,0,0,0,0,0,0,0,0,0,0]",63,6,6,0
cklr_m6_s23_f126d9385673070d,f126d9385673070d,6,21,23,150967448565967022,0.03,0,6,"[[5,0,1]]",1,104,2625,"[1,1,1,1,1,1,0,0,0,0,0,0,0,0,0,0,0,0,0,0,0]",63,6,6,0
cklr_m6_s24_e586938718cf1e57,e586938718cf1e57,6,21,24,8108641600389734016,0.03,0,7,"[[2,2,2],[4,1,2]]",2,103,2604,"[1,1,1,1,1,1,0,0,0,0,0,0,0,0,0,0,0,0,0,0,0]",63,6,6,0
cklr_m6_s25_e5c5393b05861174,e5c5393b05861174,6,21,25,8969688071242261420,0.03,0,8,"[[2,0,0]]",1,104,2625,"[1,1,1,1,1,1,0,0,0,0,0,0,0,0,0,0,0,0,0,0,0]",63,6,6,0
cklr_m6_s26_6938d09a18412a07,6938d09a18412a07,6,21,26,4865666151936885000,0.03,0,9,"[[1,2,0],[5,1,1]]",2,103,2604,"[1,1,1,1,1,1,0,0,0,0,0,0,0,0,0,0,0,0,0,0,0]",63,6,6,0
cklr_m6_s27_70fc5b7fa09ddde8,70fc5b7fa09ddde8,6,21,27,6593423401250647228,0.03,0,10,"[[4,1,1],[4,2,0],[4,4,2]]",3,102,2583,"[1,1,1,1,1,1,0,0,0,0,0,0,0,0,0,0,0,0,0,0,0]",63,6,6,0
cklr_m6_s28_54649f4e0722108b,54649f4e0722108b,6,21,28,1755012642577924007,0.03,0,11,"[[3,1,1],[4,2,0]]",2,103,2604,"[1,1,1,1,1,1,0,0,0,0,0,0,0,0,0,0,0,0,0,0,0]",63,6,6,0
cklr_m6_s29_c5b616744e7b862a,c5b616744e7b862a,6,21,29,150346702823548843,0.03,0,12,"[[0,1,1],[1,4,2],[2,0,0],[2,1,0],[4,0,2],[5,3,1],[5,3,2]]",7,98,2499,"[1,1,1,1,1,1,0,0,0,0,0,0,0,0,0,0,0,0,0,0,0]",63,6,6,0
cklr_m6_s30_cf4afea2a198f9e6,cf4afea2a198f9e6,6,21,30,2088572031060601495,0.03,0,13,"[[0,3,0],[1,0,2],[2,1,2],[3,3,0]]",4,101,2562,"[1,1,1,1,1,1,0,0,0,0,0,0,0,0,0,0,0,0,0,0,0]",63,6,6,0
cklr_m6_s31_fb047c28769f128c,fb047c28769f128c,6,21,31,687019492918479190,0.03,0,14,"[[4,4,2],[5,0,2],[5,1,2]]",3,102,2583,"[1,1,1,1,1,1,0,0,0,0,0,0,0,0,0,0,0,0,0,0,0]",63,6,6,0
cklr_m6_s32_dbfb2870055ab274,dbfb2870055ab274,6,21,32,5777178807390494318,0.03,0,15,"[[1,0,2],[2,3,2]]",2,103,2604,"[1,1,1,1,1,1,0,0,0,0,0,0,0,0,0,0,0,0,0,0,0]",63,6,6,0
cklr_m6_s33_247f2c1bdbcd89f3,247f2c1bdbcd89f3,6,21,33,1899407058098352165,0.03,0,16,"[[1,4,1],[2,2,2]]",2,103,2604,"[1,1,1,1,1,1,0,0,0,0,0,0,0,0,0,0,0,0,0,0,0]",63,6,6,0
cklr_m6_s34_6c429f9dc3efd99d,6c429f9dc3efd99d,6,21,34,1883935553517136513,0.03,0,17,"[[0,0,0],[0,1,1],[0,4,1],[5,1,1]]",4,101,2562,"[1,1,1,1,1,1,0,0,0,0,0,0,0,0,0,0,0,0,0,0,0]",63,6,6,0
cklr_m6_s35_efa6dbb63a60b274,efa6dbb63a60b274,6,21,35,2235788836971129197,0.03,0,18,"[[1,2,2],[2,0,0],[4,1,1],[4,4,2]]",4,101,2562,"[1,1,1,1,1,1,0,0,0,0,0,0,0,0,0,0,0,0,0,0,0]",63,6,6,0
cklr_m6_s36_ad9f9a01232bc0e8,ad9f9a01232bc0e8,6,21,36,3102534824815964357,0.05,1,1,"[[0,0,0],[1,1,2],[1,3,2],[4,1,0],[4,2,2]]",5,100,2541,"[1,1,1,1,1,1,0,0,0,0,0,0,0,0,0,0,0,0,0,0,0]",63,6,6,0
cklr_m6_s37_82a723392d826800,82a723392d826800,6,21,37,4827881605548192204,0.05,1,2,"[[1,4,1],[2,4,0],[5,2,2]]",3,102,2583,"[1,1,1,1,1,1,0,0,0,0,0,0,0,0,0,0,0,0,0,0,0]",63,6,6,0
cklr_m6_s38_b769debe0e04ad47,b769debe0e04ad47,6,21,38,5116036420744531772,0.05,1,3,"[[2,2,1],[3,2,1],[5,1,0],[5,2,1],[5,3,1]]",5,100,2541,"[1,1,1,1,1,1,0,0,0,0,0,0,0,0,0,0,0,0,0,0,0]",63,6,6,0
cklr_m6_s39_87b3bd4d95ba7f16,87b3bd4d95ba7f16,6,21,39,5202126878861888710,0.05,1,4,"[[0,3,2],[2,2,0],[2,3,0],[4,0,1],[4,1,1]]",5,100,2541,"[1,1,1,1,1,1,0,0,0,0,0,0,0,0,0,0,0,0,0,0,0]",63,6,6,0
cklr_m6_s40_96565e4167130967,96565e4167130967,6,21,40,1154694779040985694,0.05,1,5,"[[3,1,2]]",1,104,2625,"[1,1,1,1,1,1,0,0,0,0,0,0,0,0,0,0,0,0,0,0,0]",63,6,6,0
cklr_m6_s41_200f63e66de4318f,200f63e66de4318f,6,21,41,9222907030385061894,0.05,1,6,"[[0,3,2],[2,3,2],[5,0,2]]",3,102,2583,"[1,1,1,1,1,1,0,0,0,0,0,0,0,0,0,0,0,0,0,0,0]",63,6,6,0
cklr_m6_s42_10299d59672e1121,10299d59672e1121,6,21,42,2433888976406947108,0.05,1,7,"[[0,0,0],[0,2,0],[2,0,0],[2,4,1],[4,3,0]]",5,100,2541,"[1,1,1,1,1,1,0,0,0,0,0,0,0,0,0,0,0,0,0,0,0]",63,6,6,0
cklr_m6_s43_647a9dcafd56efe8,647a9dcafd56efe8,6,21,43,7974692822447029355,0.05,1,8,"[[0,2,0],[2,3,0],[2,4,0],[3,0,2],[5,2,2]]",5,100,2541,"[1,1,1,1,1,1,0,0,0,0,0,0,0,0,0,0,0,0,0,0,0]",63,6,6,0
cklr_m6_s44_44e444d8ed67652e,44e444d8ed67652e,6,21,44,7102715638749758252,0.05,1,9,"[[0,0,1],[1,4,2],[2,3,2],[5,2,1],[5,4,0]]",5,100,2541,"[1,1,1,1,1,1,0,0,0,0,0,0,0,0,0,0,0,0,0,0,0]",63,6,6,0
cklr_m6_s45_8a62e820d13a9cd8,8a62e820d13a9cd8,6,21,45,8285252958416463600,0.05,1,10,"[[2,2,2],[2,3,0],[3,2,2],[3,3,2],[3,4,2],[4,0,0],[4,1,1],[5,0,1],[5,2,2],[5,4,0]]",10,95,2436,"[1,1,1,1,1,1,0,0,0,0,0,0,0,0,0,0,0,0,0,0,0]",63,6,6,0
cklr_m6_s46_25a7d624f7015a82,25a7d624f7015a82,6,21,46,3350645983693643692,0.05,1,11,"[[0,0,2],[1,0,1],[4,3,2],[5,2,1],[5,4,2]]",5,100,2541,"[1,1,1,1,1,1,0,0,0,0,0,0,0,0,0,0,0,0,0,0,0]",63,6,6,0
cklr_m6_s47_122dfeab9594ef37,122dfeab9594ef37,6,21,47,6774275427596750439,0.05,1,13,"[[0,0,0],[0,1,0],[1,4,0],[2,3,2],[3,0,2],[5,0,2]]",6,99,2520,"[1,1,1,1,1,1,0,0,0,0,0,0,0,0,0,0,0,0,0,0,0]",63,6,6,0
cklr_m6_s48_a63d3e3103f24b1d,a63d3e3103f24b1d,6,21,48,62709326207279173,0.05,1,14,"[[1,0,2],[1,1,1],[1,4,2],[2,4,2],[3,1,0],[4,3,2],[5,0,1]]",7,98,2499,"[1,1,1,1,1,1,0,0,0,0,0,0,0,0,0,0,0,0,0,0,0]",63,6,6,0
cklr_m6_s49_2cdb7048f46ada66,2cdb7048f46ada66,6,21,49,2238889134191086611,0.05,1,15,"[[0,0,2],[0,1,2],[1,3,2],[2,3,0],[3,1,0]]",5,100,2541,"[1,1,1,1,1,1,0,0,0,0,0,0,0,0,0,0,0,0,0,0,0]",63,6,6,0
cklr_m6_s50_eceef735a54a2885,eceef735a54a2885,6,21,50,4205309973047748231,0.05,1,16,"[[0,3,2],[1,0,2],[1,1,2],[2,2,1],[4,1,2],[4,2,1],[4,2,2],[4,3,1],[4,4,0],[5,1,1]]",10,95,2436,"[1,1,1,1,1,1,0,0,0,0,0,0,0,0,0,0,0,0,0,0,0]",63,6,6,0
cklr_m6_s51_ef6f8d121e5151a1,ef6f8d121e5151a1,6,21,51,7457589275135018281,0.05,1,17,"[[1,3,0],[2,2,1],[3,1,0],[3,3,1],[5,0,2]]",5,100,2541,"[1,1,1,1,1,1,0,0,0,0,0,0,0,0,0,0,0,0,0,0,0]",63,6,6,0
cklr_m6_s52_9a9a91bf7bd58a13,9a9a91bf7bd58a13,6,21,52,8438270257609833463,0.07,2,1,"[[0,3,2],[1,2,0],[2,4,2],[3,2,1],[4,1,1],[4,4,0],[5,3,1]]",7,98,2499,"[1,1,1,1,1,1,0,0,0,0,0,0,0,0,0,0,0,0,0,0,0]",63,6,6,0
cklr_m6_s53_09e7ec172722f797,09e7ec172722f797,6,21,53,3505075713407979050,0.07,2,2,"[[0,2,0],[1,3,0],[1,3,1],[2,0,0],[2,1,1],[5,0,0]]",6,99,2520,"[1,1,1,1,1,1,0,0,0,0,0,0,0,0,0,0,0,0,0,0,0]",63,6,6,0
cklr_m6_s54_4f77f159c35317b8,4f77f159c35317b8,6,21,54,1741224852204737556,0.07,2,3,"[[0,2,2],[2,1,1],[2,3,0]]",3,102,2583,"[1,1,1,1,1,1,0,0,0,0,0,0,0,0,0,0,0,0,0,0,0]",63,6,6,0
cklr_m6_s55_38c9e07df5dc51b9,38c9e07df5dc51b9,6,21,55,5225888936705456364,0.07,2,4,"[[1,0,1],[1,1,0],[1,1,1],[1,3,1],[2,1,2],[2,4,1],[5,0,1]]",7,98,2499,"[1,1,1,1,1,1,0,0,0,0,0,0,0,0,0,0,0,0,0,0,0]",63,6,6,0
cklr_m6_s56_68535bed9ad27dbc,68535bed9ad27dbc,6,21,56,2869701006754479521,0.07,2,5,"[[0,4,2],[1,4,2]]",2,103,2604,"[1,1,1,1,1,1,0,0,0,0,0,0,0,0,0,0,0,0,0,0,0]",63,6,6,0
cklr_m6_s57_090d92dfbe79abc6,090d92dfbe79abc6,6,21,57,6881198436116661908,0.07,2,6,"[[1,0,0],[1,2,2],[2,4,1],[4,0,0],[4,4,2],[5,0,2],[5,2,2]]",7,98,2499,"[1,1,1,1,1,1,0,0,0,0,0,0,0,0,0,0,0,0,0,0,0]",63,6,6,0
cklr_m6_s58_db18628fbcb15d06,db18628fbcb15d06,6,21,58,2510105057203286452,0.07,2,7,"[[0,1,0],[1,4,2],[3,3,2],[3,4,0],[4,0,0],[4,0,1]]",6,99,2520,"[1,1,1,1,1,1,0,0,0,0,0,0,0,0,0,0,0,0,0,0,0]",63,6,6,0
cklr_m6_s59_9a451b655542edb8,9a451b655542edb8,6,21,59,4742205615288858207,0.07,2,8,"[[0,2,2],[2,3,1],[4,2,1],[4,4,2],[5,1,2]]",5,100,2541,"[1,1,1,1,1,1,0,0,0,0,0,0,0,0,0,0,0,0,0,0,0]",63,6,6,0
cklr_m6_s60_b91b35b44eebaf55,b91b35b44eebaf55,6,21,60,5409383263664237250,0.07,2,9,"[[0,0,0],[1,3,0],[2,3,2],[2,4,1],[3,3,1]]",5,100,2541,"[1,1,1,1,1,1,0,0,0,0,0,0,0,0,0,0,0,0,0,0,0]",63,6,6,0
cklr_m6_s61_8296d662818f464f,8296d662818f464f,6,21,61,3126664598931955071,0.07,2,10,"[[0,1,0],[0,4,2],[2,2,1],[3,4,0],[3,4,1],[3,4,2],[4,4,0]]",7,98,2499,"[1,1,1,1,1,1,0,0,0,0,0,0,0,0,0,0,0,0,0,0,0]",63,6,6,0
cklr_m6_s62_50213b9682fc6a83,50213b9682fc6a83,6,21,62,2455056777850217905,0.07,2,11,"[[0,0,1],[0,1,2],[2,1,0],[2,4,1],[3,1,2],[4,0,1]]",6,99,2520,"[1,1,1,1,1,1,0,0,0,0,0,0,0,0,0,0,0,0,0,0,0]",63,6,6,0
cklr_m6_s63_3b9cc71ae75d3f54,3b9cc71ae75d3f54,6,21,63,4175834710112775591,0.07,2,12,"[[0,3,1],[1,0,0],[3,0,0],[3,2,2],[5,1,1]]",5,100,2541,"[1,1,1,1,1,1,0,0,0,0,0,0,0,0,0,0,0,0,0,0,0]",63,6,6,0
cklr_m6_s64_42456b0d7c904215,42456b0d7c904215,6,21,64,3728316888943450305,0.07,2,13,"[[0,0,2],[1,0,2],[1,1,0],[1,3,2],[2,2,2],[3,0,2],[3,2,2]]",7,98,2499,"[1,1,1,1,1,1,0,0,0,0,0,0,0,0,0,0,0,0,0,0,0]",63,6,6,0
cklr_m6_s65_ab05daa38642c05f,ab05daa38642c05f,6,21,65,3944780900264571437,0.07,2,14,"[[1,2,1],[2,4,0],[3,0,1],[4,1,1],[5,0,1]]",5,100,2541,"[1,1,1,1,1,1,0,0,0,0,0,0,0,0,0,0,0,0,0,0,0]",63,6,6,0
cklr_m6_s66_25a09694b87c2b28,25a09694b87c2b28,6,21,66,4359737280517167125,0.07,2,15,"[[0,2,0],[0,3,0],[0,3,1],[1,0,2],[1,1,1],[2,2,2],[3,0,1],[3,4,0],[4,0,1],[5,1,0],[5,1,1]]",11,94,2415,"[1,1,1,1,1,1,0,0,0,0,0,0,0,0,0,0,0,0,0,0,0]",63,6,6,0
cklr_m6_s67_39985c1c0c73115d,39985c1c0c73115d,6,21,67,5763056366800915543,0.07,2,16,"[[1,1,1],[1,4,2],[2,2,1],[3,4,2],[5,2,0],[5,4,1]]",6,99,2520,"[1,1,1,1,1,1,0,0,0,0,0,0,0,0,0,0,0,0,0,0,0]",63,6,6,0
cklr_m6_s68_c948447b971036c3,c948447b971036c3,6,21,68,2569675784518361188,0.09,3,1,"[[0,3,0],[0,4,2],[1,3,0],[2,0,0],[2,1,0],[3,2,0],[3,3,2],[4,1,1],[4,1,2],[5,0,1]]",10,95,2436,"[1,1,1,1,1,1,0,0,0,0,0,0,0,0,0,0,0,0,0,0,0]",63,6,6,0
cklr_m6_s69_ba057194c09b2d9b,ba057194c09b2d9b,6,21,69,8090770848577817172,0.09,3,2,"[[3,3,2],[3,4,2],[4,0,0],[5,0,2]]",4,101,2562,"[1,1,1,1,1,1,0,0,0,0,0,0,0,0,0,0,0,0,0,0,0]",63,6,6,0
cklr_m6_s70_7607f04aecf56f35,7607f04aecf56f35,6,21,70,3174888789389578940,0.09,3,3,"[[0,2,1],[2,3,2],[3,0,2],[3,3,1],[4,2,1],[5,2,0]]",6,99,2520,"[1,1,1,1,1,1,0,0,0,0,0,0,0,0,0,0,0,0,0,0,0]",63,6,6,0
cklr_m6_s71_7c7671fb209916c4,7c7671fb209916c4,6,21,71,4238750672003379887,0.09,3,4,"[[0,1,1],[0,2,2],[0,4,2],[1,1,0],[1,1,2],[1,2,2],[2,1,2],[3,3,1],[3,4,2],[4,0,0]]",10,95,2436,"[1,1,1,1,1,1,0,0,0,0,0,0,0,0,0,0,0,0,0,0,0]",63,6,6,0
cklr_m6_s72_a657daf731ee953a,a657daf731ee953a,6,21,72,1506183890284831386,0.09,3,5,"[[1,4,2],[2,4,2],[3,1,2],[3,3,1],[3,4,1],[3,4,2],[5,4,1]]",7,98,2499,"[1,1,1,1,1,1,0,0,0,0,0,0,0,0,0,0,0,0,0,0,0]",63,6,6,0
cklr_m6_s73_33ba4b880a168628,33ba4b880a168628,6,21,73,3149235809718489583,0.09,3,6,"[[1,2,0],[2,1,2],[2,4,2],[3,0,0],[3,2,1],[3,3,2],[5,0,0],[5,4,2]]",8,97,2478,"[1,1,1,1,1,1,0,0,0,0,0,0,0,0,0,0,0,0,0,0,0]",63,6,6,0
cklr_m6_s74_77edd5e5d58cf0bf,77edd5e5d58cf0bf,6,21,74,8429705632252856382,0.09,3,7,"[[2,0,2],[3,0,1],[4,1,1],[4,2,1],[4,2,2],[4,4,0]]",6,99,2520,"[1,1,1,1,1,1,0,0,0,0,0,0,0,0,0,0,0,0,0,0,0]",63,6,6,0
cklr_m6_s75_c88743d8fd4e21be,c88743d8fd4e21be,6,21,75,7448016927125479422,0.09,3,8,"[[0,2,2],[0,4,2],[1,2,1],[2,1,0],[3,1,1],[4,4,1],[5,1,2]]",7,98,2499,"[1,1,1,1,1,1,0,0,0,0,0,0,0,0,0,0,0,0,0,0,0]",63,6,6,0
cklr_m6_s76_46a93643ccafd9ac,46a93643ccafd9ac,6,21,76,5447885387855113794,0.09,3,9,"[[0,0,2],[0,1,0],[0,1,1],[2,0,0],[2,4,1],[2,4,2],[3,4,2],[5,3,1]]",8,97,2478,"[1,1,1,1,1,1,0,0,0,0,0,0,0,0,0,0,0,0,0,0,0]",63,6,6,0
cklr_m6_s77_62cfbe0052e73ae2,62cfbe0052e73ae2,6,21,77,7212703299496819352,0.09,3,10,"[[0,2,1],[0,3,1],[0,3,2],[1,3,2],[2,4,1],[3,4,0],[3,4,1],[5,0,0],[5,2,2]]",9,96,2457,"[1,1,1,1,1,1,0,0,0,0,0,0,0,0,0,0,0,0,0,0,0]",63,6,6,0
cklr_m6_s78_303d9fca4ef6f07d,303d9fca4ef6f07d,6,21,78,8417890081529397233,0.09,3,11,"[[4,2,0],[5,2,0],[5,4,0]]",3,102,2583,"[1,1,1,1,1,1,0,0,0,0,0,0,0,0,0,0,0,0,0,0,0]",63,6,6,0
cklr_m6_s79_e51c7210e5496eaf,e51c7210e5496eaf,6,21,79,3664040773041319282,0.09,3,12,"[[0,4,2],[1,2,0],[1,2,1],[1,2,2],[2,1,2],[2,3,0],[2,3,1],[3,1,2],[3,4,0],[4,2,1],[5,2,1],[5,4,0]]",12,93,2394,"[1,1,1,1,1,1,0,0,0,0,0,0,0,0,0,0,0,0,0,0,0]",63,6,6,0
cklr_m6_s80_f9e5c4c02213c979,f9e5c4c02213c979,6,21,80,8766462357266600829,0.09,3,13,"[[0,2,1],[0,3,0],[1,4,0],[1,4,2],[2,0,0],[2,3,0],[3,1,0],[3,2,2],[5,3,1]]",9,96,2457,"[1,1,1,1,1,1,0,0,0,0,0,0,0,0,0,0,0,0,0,0,0]",63,6,6,0
cklr_m6_s81_858aedac1228211b,858aedac1228211b,6,21,81,7677294098166832461,0.09,3,14,"[[0,2,0],[0,4,2],[1,3,0],[2,0,0],[2,2,2],[3,1,2],[3,3,1],[4,1,1]]",8,97,2478,"[1,1,1,1,1,1,0,0,0,0,0,0,0,0,0,0,0,0,0,0,0]",63,6,6,0
cklr_m6_s82_d52ea8211003c41c,d52ea8211003c41c,6,21,82,2316862183893555961,0.09,3,15,"[[0,1,1],[1,4,0],[3,0,2],[4,2,1],[5,1,2]]",5,100,2541,"[1,1,1,1,1,1,0,0,0,0,0,0,0,0,0,0,0,0,0,0,0]",63,6,6,0
cklr_m6_s83_6801e8bc83e97b49,6801e8bc83e97b49,6,21,83,6736643852391624697,0.09,3,16,"[[1,1,2],[1,3,1],[1,4,1],[2,1,1],[2,2,0],[3,4,0],[4,3,0],[4,3,1],[4,4,1],[5,1,1]]",10,95,2436,"[1,1,1,1,1,1,0,0,0,0,0,0,0,0,0,0,0,0,0,0,0]",63,6,6,0
cklr_m6_s84_536a88daf2ce02a1,536a88daf2ce02a1,6,21,84,2724896271048742507,0.11,4,1,"[[1,2,2],[1,3,0],[1,4,2],[2,0,0],[2,1,0],[2,3,2],[2,4,0],[3,1,1],[3,3,2],[4,1,0],[5,1,0],[5,1,1],[5,3,1]]",13,92,2373,"[1,1,1,1,1,1,0,0,0,0,0,0,0,0,0,0,0,0,0,0,0]",63,6,6,0
cklr_m6_s85_fbe90f8ab8aece69,fbe90f8ab8aece69,6,21,85,4687392690592070916,0.11,4,2,"[[1,0,2],[2,2,2],[2,3,1],[2,4,1],[5,3,0]]",5,100,2541,"[1,1,1,1,1,1,0,0,0,0,0,0,0,0,0,0,0,0,0,0,0]",63,6,6,0
cklr_m6_s86_8957d7c55c93fa6c,8957d7c55c93fa6c,6,21,86,6837117293970246593,0.11,4,3,"[[0,4,1],[0,4,2],[1,1,2],[1,2,1],[1,3,0],[1,3,1],[2,0,1],[2,1,0],[2,3,1],[3,1,0],[3,3,1],[5,1,1],[5,4,2]]",13,92,2373,"[1,1,1,1,1,1,0,0,0,0,0,0,0,0,0,0,0,0,0,0,0]",63,6,6,0
cklr_m6_s87_298bcc5a6bdea16a,298bcc5a6bdea16a,6,21,87,6239091541602109121,0.11,4,4,"[[0,0,2],[0,1,0],[1,1,1],[1,3,0],[2,0,2],[2,3,0],[2,3,1],[2,4,0],[3,1,0],[3,2,0],[3,3,1],[3,4,0],[4,0,2],[4,1,1],[4,2,0],[5,0,0],[5,2,0],[5,3,1]]",18,87,2268,"[1,1,1,1,1,1,0,0,0,0,0,0,0,0,0,0,0,0,0,0,0]",63,6,6,0
cklr_m6_s88_6d51508292950b57,6d51508292950b57,6,21,88,7202551255718856260,0.11,4,5,"[[1,0,0],[1,0,2],[2,0,0],[2,3,2],[3,2,2],[3,3,0],[3,4,0],[3,4,1],[5,0,2],[5,1,2],[5,4,1]]",11,94,2415,"[1,1,1,1,1,1,0,0,0,0,0,0,0,0,0,0,0,0,0,0,0]",63,6,6,0
cklr_m6_s89_ba60a3968b527549,ba60a3968b527549,6,21,89,504492985151017133,0.11,4,6,"[[0,1,2],[0,3,1],[1,0,0],[2,3,2],[4,3,1],[5,1,1],[5,2,0]]",7,98,2499,"[1,1,1,1,1,1,0,0,0,0,0,0,0,0,0,0,0,0,0,0,0]",63,6,6,0
cklr_m6_s90_1378b27d6dcc8ac6,1378b27d6dcc8ac6,6,21,90,73306099904238029,0.11,4,7,"[[0,2,2],[0,3,2],[1,2,1],[1,3,2],[2,0,1],[3,0,0],[3,1,1],[3,4,0],[4,0,0],[4,3,2],[5,4,0]]",11,94,2415,"[1,1,1,1,1,1,0,0,0,0,0,0,0,0,0,0,0,0,0,0,0]",63,6,6,0
cklr_m6_s91_c1c0b7e7d8d3903c,c1c0b7e7d8d3903c,6,21,91,7713494142300803499,0.11,4,8,"[[0,2,1],[0,2,2],[1,1,0],[1,1,2],[1,4,2],[2,1,0],[2,2,0],[2,2,2],[3,2,0],[3,4,1],[4,4,1],[5,4,0],[5,4,2]]",13,92,2373,"[1,1,1,1,1,1,0,0,0,0,0,0,0,0,0,0,0,0,0,0,0]",63,6,6,0
cklr_m6_s92_b1c0a46895760f64,b1c0a46895760f64,6,21,92,361141592005632735,0.11,4,9,"[[0,0,0],[0,3,0],[1,0,2],[2,0,1],[2,2,1],[2,3,1],[4,1,0],[4,3,1],[4,4,2],[5,4,0]]",10,95,2436,"[1,1,1,1,1,1,0,0,0,0,0,0,0,0,0,0,0,0,0,0,0]",63,6,6,0
cklr_m6_s93_08250e902d56b650,08250e902d56b650,6,21,93,1357158981174723644,0.11,4,10,"[[0,3,2],[1,1,1],[1,3,2],[1,4,1],[2,4,2],[3,4,1],[5,1,0]]",7,98,2499,"[1,1,1,1,1,1,0,0,0,0,0,0,0,0,0,0,0,0,0,0,0]",63,6,6,0
cklr_m6_s94_1f5404ffb13e99b6,1f5404ffb13e99b6,6,21,94,647282118640543087,0.11,4,11,"[[0,0,0],[0,4,2],[1,0,1],[1,2,0],[2,0,1],[3,0,2],[3,4,0],[4,2,1],[4,4,0],[5,2,1],[5,3,1],[5,4,1]]",12,93,2394,"[1,1,1,1,1,1,0,0,0,0,0,0,0,0,0,0,0,0,0,0,0]",63,6,6,0
cklr_m6_s95_0505d73bbe74a76d,0505d73bbe74a76d,6,21,95,2883205240101366585,0.11,4,12,"[[0,0,0],[0,4,0],[1,3,2],[2,1,1],[3,1,1],[4,0,1],[5,0,1]]",7,98,2499,"[1,1,1,1,1,1,0,0,0,0,0,0,0,0,0,0,0,0,0,0,0]",63,6,6,0
cklr_m6_s96_d8bdde14148cc880,d8bdde14148cc880,6,21,96,746826342381517390,0.11,4,13,"[[0,1,2],[0,3,1],[0,4,0],[2,1,0],[2,2,1],[3,0,1],[3,1,0],[3,2,2],[3,4,2],[4,4,0],[5,2,0]]",11,94,2415,"[1,1,1,1,1,1,0,0,0,0,0,0,0,0,0,0,0,0,0,0,0]",63,6,6,0
cklr_m6_s97_9a3a2f9f5fd9a719,9a3a2f9f5fd9a719,6,21,97,3820651030877357655,0.11,4,14,"[[1,1,1],[1,2,0],[3,0,2],[3,1,0],[3,1,1],[3,2,1],[4,1,2]]",7,98,2499,"[1,1,1,1,1,1,0,0,0,0,0,0,0,0,0,0,0,0,0,0,0]",63,6,6,0
cklr_m6_s98_6e31464ad10c31d0,6e31464ad10c31d0,6,21,98,6905975326182607365,0.11,4,15,"[[0,0,2],[0,1,2],[0,4,1],[1,3,0],[1,3,2],[1,4,2],[3,4,0],[4,1,2],[5,2,0]]",9,96,2457,"[1,1,1,1,1,1,0,0,0,0,0,0,0,0,0,0,0,0,0,0,0]",63,6,6,0
cklr_m6_s99_461bde6c51b59916,461bde6c51b59916,6,21,99,2273788342724821590,0.11,4,16,"[[1,1,0],[1,1,1],[1,1,2],[1,4,0],[1,4,2],[2,0,1],[2,4,1],[3,0,2],[4,4,0],[5,0,0],[5,1,0],[5,3,2],[5,4,0]]",13,92,2373,"[1,1,1,1,1,1,0,0,0,0,0,0,0,0,0,0,0,0,0,0,0]",63,6,6,0
cklr_m6_s100_76813087ee8522f5,76813087ee8522f5,6,21,100,4028679555135682352,0.03,0,1,"[[1,0,0],[5,1,1]]",2,103,2604,"[1,1,1,1,1,1,0,0,0,0,0,0,0,0,0,0,0,0,0,0,0]",63,6,6,0
cklr_m6_s101_84d8f0eb02aee0be,84d8f0eb02aee0be,6,21,101,5595867184308877764,0.03,0,3,"[[1,1,1],[2,1,2],[4,0,1]]",3,102,2583,"[1,1,1,1,1,1,0,0,0,0,0,0,0,0,0,0,0,0,0,0,0]",63,6,6,0
cklr_m6_s102_63e7704387383699,63e7704387383699,6,21,102,7338486281189366641,0.03,0,4,"[[2,1,0],[3,2,1]]",2,103,2604,"[1,1,1,1,1,1,0,0,0,0,0,0,0,0,0,0,0,0,0,0,0]",63,6,6,0
cklr_m6_s103_ade2e90e1ec55d74,ade2e90e1ec55d74,6,21,103,1304466514534595818,0.03,0,5,"[[0,0,1],[5,0,0]]",2,103,2604,"[1,1,1,1,1,1,0,0,0,0,0,0,0,0,0,0,0,0,0,0,0]",63,6,6,0
cklr_m6_s104_0d059993dbee24bd,0d059993dbee24bd,6,21,104,9198134133759532452,0.03,0,6,"[[4,4,1]]",1,104,2625,"[1,1,1,1,1,1,0,0,0,0,0,0,0,0,0,0,0,0,0,0,0]",63,6,6,0
cklr_m6_s105_f5189cdc73e5c37f,f5189cdc73e5c37f,6,21,105,8418482600605754059,0.03,0,7,"[[4,1,0],[4,3,2]]",2,103,2604,"[1,1,1,1,1,1,0,0,0,0,0,0,0,0,0,0,0,0,0,0,0]",63,6,6,0
cklr_m6_s106_c89c34a35521f611,c89c34a35521f611,6,21,106,6597867978060689422,0.03,0,8,"[[1,4,0],[2,2,2],[3,3,1]]",3,102,2583,"[1,1,1,1,1,1,0,0,0,0,0,0,0,0,0,0,0,0,0,0,0]",63,6,6,0
cklr_m6_s107_e4e7c3812ec4c57c,e4e7c3812ec4c57c,6,21,107,8182122853527357511,0.03,0,9,"[[0,0,1],[3,2,2],[4,1,1],[5,0,0]]",4,101,2562,"[1,1,1,1,1,1,0,0,0,0,0,0,0,0,0,0,0,0,0,0,0]",63,6,6,0
cklr_m6_s108_d84b91bab4faef89,d84b91bab4faef89,6,21,108,8938429958472307256,0.03,0,10,"[[2,3,0],[3,0,1],[3,1,1],[5,2,2],[5,3,0]]",5,100,2541,"[1,1,1,1,1,1,0,0,0,0,0,0,0,0,0,0,0,0,0,0,0]",63,6,6,0
cklr_m6_s109_ffc5463bcb44cc20,ffc5463bcb44cc20,6,21,109,1387577014462332492,0.03,0,11,"[[0,1,0],[2,2,0],[2,4,0],[3,2,1],[4,1,0],[5,1,0],[5,3,0]]",7,98,2499,"[1,1,1,1,1,1,0,0,0,0,0,0,0,0,0,0,0,0,0,0,0]",63,6,6,0
cklr_m6_s110_00e32ce498543927,00e32ce498543927,6,21,110,5989554874508635899,0.03,0,13,"[[0,2,2],[1,2,0],[3,0,2],[4,3,0]]",4,101,2562,"[1,1,1,1,1,1,0,0,0,0,0,0,0,0,0,0,0,0,0,0,0]",63,6,6,0
cklr_m6_s111_fc98098eebfdd2b7,fc98098eebfdd2b7,6,21,111,2828885414219169595,0.03,0,14,"[[0,1,2],[3,2,2]]",2,103,2604,"[1,1,1,1,1,1,0,0,0,0,0,0,0,0,0,0,0,0,0,0,0]",63,6,6,0
cklr_m6_s112_fd7926fa4b33fbb4,fd7926fa4b33fbb4,6,21,112,1518394251094111486,0.03,0,15,"[[0,0,2],[1,3,0],[2,3,1],[4,1,0],[4,1,1],[5,1,0],[5,4,1]]",7,98,2499,"[1,1,1,1,1,1,0,0,0,0,0,0,0,0,0,0,0,0,0,0,0]",63,6,6,0
cklr_m6_s113_30b0e8d60ff20202,30b0e8d60ff20202,6,21,113,5311253188752557435,0.03,0,16,"[[5,1,2],[5,3,2]]",2,103,2604,"[1,1,1,1,1,1,0,0,0,0,0,0,0,0,0,0,0,0,0,0,0]",63,6,6,0
cklr_m6_s114_c05932d26786c045,c05932d26786c045,6,21,114,1924975466650135813,0.03,0,17,"[[2,0,2],[3,4,0]]",2,103,2604,"[1,1,1,1,1,1,0,0,0,0,0,0,0,0,0,0,0,0,0,0,0]",63,6,6,0
cklr_m6_s115_45a19e687a306ad8,45a19e687a306ad8,6,21,115,7648082122606708890,0.03,0,18,"[[0,0,1],[0,1,1]]",2,103,2604,"[1,1,1,1,1,1,0,0,0,0,0,0,0,0,0,0,0,0,0,0,0]",63,6,6,0
cklr_m6_s116_af7682e46eeb057f,af7682e46eeb057f,6,21,116,2046834683653321470,0.03,0,19,"[[0,4,2]]",1,104,2625,"[1,1,1,1,1,1,0,0,0,0,0,0,0,0,0,0,0,0,0,0,0]",63,6,6,0
cklr_m6_s117_f2116d21fef1aac8,f2116d21fef1aac8,6,21,117,2188706152346222613,0.03,0,21,"[[2,1,1],[3,0,1],[4,0,0],[4,4,0]]",4,101,2562,"[1,1,1,1,1,1,0,0,0,0,0,0,0,0,0,0,0,0,0,0,0]",63,6,6,0
cklr_m6_s118_91845fd7bc18ad64,91845fd7bc18ad64,6,21,118,4812955231996415837,0.03,0,22,"[[0,0,0],[4,1,1]]",2,103,2604,"[1,1,1,1,1,1,0,0,0,0,0,0,0,0,0,0,0,0,0,0,0]",63,6,6,0
cklr_m6_s119_6610d73978ad48a5,6610d73978ad48a5,6,21,119,6801099430318777331,0.03,0,23,"[[4,0,0],[4,3,0]]",2,103,2604,"[1,1,1,1,1,1,0,0,0,0,0,0,0,0,0,0,0,0,0,0,0]",63,6,6,0
cklr_m6_s120_18e5be1dfb9a4b54,18e5be1dfb9a4b54,6,21,120,8244180820271725387,0.05,1,1,"[[0,2,1],[1,4,1],[1,4,2],[2,0,2],[2,3,1],[4,4,0],[5,0,2]]",7,98,2499,"[1,1,1,1,1,1,0,0,0,0,0,0,0,0,0,0,0,0,0,0,0]",63,6,6,0
cklr_m6_s121_89cd6e7aa5b30cf1,89cd6e7aa5b30cf1,6,21,121,720844779566514997,0.05,1,2,"[[0,4,2],[4,2,1],[5,4,2]]",3,102,2583,"[1,1,1,1,1,1,0,0,0,0,0,0,0,0,0,0,0,0,0,0,0]",63,6,6,0
cklr_m6_s122_796cef728748eb11,796cef728748eb11,6,21,122,2093189038503969732,0.05,1,3,"[[1,4,1],[2,2,2],[2,4,2],[3,3,2],[4,3,0],[5,1,1]]",6,99,2520,"[1,1,1,1,1,1,0,0,0,0,0,0,0,0,0,0,0,0,0,0,0]",63,6,6,0
cklr_m6_s123_29af3266b45867f8,29af3266b45867f8,6,21,123,3876293305161128431,0.05,1,4,"[[0,0,2],[1,4,0],[2,4,2],[3,0,2],[3,4,2],[4,0,0]]",6,99,2520,"[1,1,1,1,1,1,0,0,0,0,0,0,0,0,0,0,0,0,0,0,0]",63,6,6,0
cklr_m6_s124_8d5377e153f64f87,8d5377e153f64f87,6,21,124,6190719267140374159,0.05,1,5,"[[2,3,1],[4,2,0]]",2,103,2604,"[1,1,1,1,1,1,0,0,0,0,0,0,0,0,0,0,0,0,0,0,0]",63,6,6,0
cklr_m6_s125_d9c9870e272d22ac,d9c9870e272d22ac,6,21,125,1693375417796789910,0.05,1,6,"[[1,0,0],[1,0,2],[2,1,2],[2,4,0],[3,1,0],[3,3,0],[3,4,1],[3,4,2],[5,4,2]]",9,96,2457,"[1,1,1,1,1,1,0,0,0,0,0,0,0,0,0,0,0,0,0,0,0]",63,6,6,0
cklr_m6_s126_f0005b60ee8123ec,f0005b60ee8123ec,6,21,126,5858252780166716847,0.05,1,7,"[[0,2,1],[0,4,0],[1,2,0],[2,1,1],[4,0,0],[4,2,1]]",6,99,2520,"[1,1,1,1,1,1,0,0,0,0,0,0,0,0,0,0,0,0,0,0,0]",63,6,6,0
cklr_m6_s127_67b2a55b66167d85,67b2a55b66167d85,6,21,127,6178652365986392500,0.05,1,8,"[[5,0,1],[5,2,0]]",2,103,2604,"[1,1,1,1,1,1,0,0,0,0,0,0,0,0,0,0,0,0,0,0,0]",63,6,6,0
cklr_m6_s128_c737abfda6a8ede3,c737abfda6a8ede3,6,21,128,3177193091770270558,0.05,1,9,"[[0,4,1],[1,0,1],[1,0,2],[1,1,2],[2,1,0],[3,0,2],[3,2,2],[4,0,1]]",8,97,2478,"[1,1,1,1,1,1,0,0,0,0,0,0,0,0,0,0,0,0,0,0,0]",63,6,6,0
cklr_m6_s129_6588c4d8cbafe2d0,6588c4d8cbafe2d0,6,21,129,4347087096613893532,0.05,1,10,"[[1,1,0],[3,0,2],[4,3,1],[5,0,1],[5,1,1],[5,1,2],[5,2,1]]",7,98,2499,"[1,1,1,1,1,1,0,0,0,0,0,0,0,0,0,0,0,0,0,0,0]",63,6,6,0
cklr_m6_s130_85f72f2b6d377af7,85f72f2b6d377af7,6,21,130,6133191231014487720,0.05,1,11,"[[1,2,2],[2,0,0],[4,2,1],[5,2,2]]",4,101,2562,"[1,1,1,1,1,1,0,0,0,0,0,0,0,0,0,0,0,0,0,0,0]",63,6,6,0
cklr_m6_s131_d433366527dd7700,d433366527dd7700,6,21,131,7353894126157014992,0.05,1,12,"[[0,3,0],[3,0,1],[3,2,2],[3,3,1],[3,4,0],[4,0,0],[4,2,0],[5,0,1],[5,2,0]]",9,96,2457,"[1,1,1,1,1,1,0,0,0,0,0,0,0,0,0,0,0,0,0,0,0]",63,6,6,0
cklr_m6_s132_572f88674e7ab436,572f88674e7ab436,6,21,132,3518203683749895866,0.05,1,13,"[[0,0,0],[0,1,1],[1,0,2],[2,2,2],[3,1,0]]",5,100,2541,"[1,1,1,1,1,1,0,0,0,0,0,0,0,0,0,0,0,0,0,0,0]",63,6,6,0
cklr_m6_s133_14e33468afd7422e,14e33468afd7422e,6,21,133,8126334430506499371,0.05,1,14,"[[1,0,2],[1,2,0],[1,2,2],[2,2,1],[2,4,2],[3,2,2]]",6,99,2520,"[1,1,1,1,1,1,0,0,0,0,0,0,0,0,0,0,0,0,0,0,0]",63,6,6,0
cklr_m6_s134_91b8d8de70e4fdd7,91b8d8de70e4fdd7,6,21,134,1607579843693478072,0.05,1,15,"[[1,1,0],[1,3,1],[1,4,0],[5,0,0],[5,1,0],[5,1,1]]",6,99,2520,"[1,1,1,1,1,1,0,0,0,0,0,0,0,0,0,0,0,0,0,0,0]",63,6,6,0
cklr_m6_s135_e5002ac318d0b61f,e5002ac318d0b61f,6,21,135,7011175600147216161,0.05,1,16,"[[0,3,2],[1,0,0],[5,0,0],[5,4,2]]",4,101,2562,"[1,1,1,1,1,1,0,0,0,0,0,0,0,0,0,0,0,0,0,0,0]",63,6,6,0
cklr_m6_s136_c79f98429f1866d7,c79f98429f1866d7,6,21,136,1276384738130113994,0.05,1,17,"[[0,0,2],[2,2,1],[2,3,2],[3,2,1],[4,2,1],[4,3,1],[5,2,1]]",7,98,2499,"[1,1,1,1,1,1,0,0,0,0,0,0,0,0,0,0,0,0,0,0,0]",63,6,6,0
cklr_m6_s137_3c3718729cc8e79c,3c3718729cc8e79c,6,21,137,8291693363478441460,0.05,1,18,"[[2,0,2],[2,2,1],[4,3,2],[5,3,2]]",4,101,2562,"[1,1,1,1,1,1,0,0,0,0,0,0,0,0,0,0,0,0,0,0,0]",63,6,6,0
cklr_m6_s138_df67566afff823de,df67566afff823de,6,21,138,7895436003213913506,0.05,1,19,"[[0,4,2],[2,1,1],[4,1,1],[5,2,2]]",4,101,2562,"[1,1,1,1,1,1,0,0,0,0,0,0,0,0,0,0,0,0,0,0,0]",63,6,6,0
cklr_m6_s139_c67e9e46cfa4d8cc,c67e9e46cfa4d8cc,6,21,139,3126133978782766572,0.05,1,20,"[[0,2,1],[0,3,2],[3,2,1],[3,2,2],[3,4,2]]",5,100,2541,"[1,1,1,1,1,1,0,0,0,0,0,0,0,0,0,0,0,0,0,0,0]",63,6,6,0
cklr_m6_s140_85f75d6f698457ab,85f75d6f698457ab,6,21,140,3100977732657541593,0.07,2,1,"[[0,3,2],[0,4,1],[1,4,1],[3,1,2],[3,3,1],[3,4,2],[4,1,2],[4,2,2],[5,0,0]]",9,96,2457,"[1,1,1,1,1,1,0,0,0,0,0,0,0,0,0,0,0,0,0,0,0]",63,6,6,0
cklr_m6_s141_eae46291173fdb89,eae46291173fdb89,6,21,141,5644721376695144115,0.07,2,2,"[[2,0,0],[3,2,1],[3,3,0],[5,0,1]]",4,101,2562,"[1,1,1,1,1,1,0,0,0,0,0,0,0,0,0,0,0,0,0,0,0]",63,6,6,0
cklr_m6_s142_0b4265198658595e,0b4265198658595e,6,21,142,3724804607033734896,0.07,2,3,"[[3,1,1],[4,1,1],[5,3,0],[5,4,0]]",4,101,2562,"[1,1,1,1,1,1,0,0,0,0,0,0,0,0,0,0,0,0,0,0,0]",63,6,6,0
cklr_m6_s143_09aff8229abb529b,09aff8229abb529b,6,21,143,7735701389853137201,0.07,2,4,"[[0,3,2],[1,0,2],[1,3,1],[5,4,0]]",4,101,2562,"[1,1,1,1,1,1,0,0,0,0,0,0,0,0,0,0,0,0,0,0,0]",63,6,6,0
cklr_m6_s144_bdaccf010068ab9d,bdaccf010068ab9d,6,21,144,8702842801602091469,0.07,2,5,"[[0,2,0],[0,3,1],[1,0,0],[1,0,2],[1,1,0],[1,1,1],[1,3,2],[1,4,0],[2,0,2],[3,4,1],[4,0,0]]",11,94,2415,"[1,1,1,1,1,1,0,0,0,0,0,0,0,0,0,0,0,0,0,0,0]",63,6,6,0
cklr_m6_s145_a2e201bb7136d4d3,a2e201bb7136d4d3,6,21,145,5778335550079446857,0.07,2,6,"[[0,3,0],[2,0,2]]",2,103,2604,"[1,1,1,1,1,1,0,0,0,0,0,0,0,0,0,0,0,0,0,0,0]",63,6,6,0
cklr_m6_s146_1b99c44995fdbbdf,1b99c44995fdbbdf,6,21,146,5962004101854418023,0.07,2,7,"[[0,3,0],[0,4,1],[1,1,2],[2,1,1],[3,0,1],[5,2,1],[5,4,0]]",7,98,2499,"[1,1,1,1,1,1,0,0,0,0,0,0,0,0,0,0,0,0,0,0,0]",63,6,6,0
cklr_m6_s147_1bae75d34caca751,1bae75d34caca751,6,21,147,6371163049507880622,0.07,2,8,"[[0,1,0],[0,2,2],[1,2,2],[3,1,2],[3,2,2],[3,4,1],[4,0,0]]",7,98,2499,"[1,1,1,1,1,1,0,0,0,0,0,0,0,0,0,0,0,0,0,0,0]",63,6,6,0
cklr_m6_s148_4081f656e2af7090,4081f656e2af7090,6,21,148,2689659338189543573,0.07,2,9,"[[0,3,0],[0,4,0],[1,2,0],[1,3,1],[2,4,2],[3,2,0],[3,3,2],[3,4,2],[4,3,1]]",9,96,2457,"[1,1,1,1,1,1,0,0,0,0,0,0,0,0,0,0,0,0,0,0,0]",63,6,6,0
cklr_m6_s149_6dd96611376edb14,6dd96611376edb14,6,21,149,5134072450740319084,0.07,2,10,"[[1,0,2],[1,2,1],[2,1,0],[2,4,0],[3,2,1],[4,3,1],[5,3,1]]",7,98,2499,"[1,1,1,1,1,1,0,0,0,0,0,0,0,0,0,0,0,0,0,0,0]",63,6,6,0
cklr_m6_s150_44e3cb8dbcd72985,44e3cb8dbcd72985,6,21,150,2337794181435562107,0.07,2,11,"[[0,3,2]]",1,104,2625,"[1,1,1,1,1,1,0,0,0,0,0,0,0,0,0,0,0,0,0,0,0]",63,6,6,0
cklr_m6_s151_e72f75b20c1ee266,e72f75b20c1ee266,6,21,151,9110458017635550399,0.07,2,12,"[[1,4,2],[2,2,2],[2,3,0],[4,1,0],[4,2,2],[5,1,0]]",6,99,2520,"[1,1,1,1,1,1,0,0,0,0,0,0,0,0,0,0,0,0,0,0,0]",63,6,6,0
cklr_m6_s152_fd1467b5fee6af4d,fd1467b5fee6af4d,6,21,152,340443042071829272,0.07,2,13,"[[1,1,2],[1,2,2],[1,3,1],[1,3,2],[3,4,2]]",5,100,2541,"[1,1,1,1,1,1,0,0,0,0,0,0,0,0,0,0,0,0,0,0,0]",63,6,6,0
cklr_m6_s153_d3f7c18800a5cda9,d3f7c18800a5cda9,6,21,153,3497368570781006291,0.07,2,14,"[[0,2,2],[1,4,1],[2,1,0],[2,2,1],[3,0,1],[3,1,2],[3,4,2],[4,0,1],[4,1,0],[4,2,2],[5,4,1]]",11,94,2415,"[1,1,1,1,1,1,0,0,0,0,0,0,0,0,0,0,0,0,0,0,0]",63,6,6,0
cklr_m6_s154_04ec2a3810939cbe,04ec2a3810939cbe,6,21,154,1696243359642187251,0.07,2,15,"[[0,4,1],[3,0,2]]",2,103,2604,"[1,1,1,1,1,1,0,0,0,0,0,0,0,0,0,0,0,0,0,0,0]",63,6,6,0
cklr_m6_s155_6215cbbf8533ce51,6215cbbf8533ce51,6,21,155,1798875731256220658,0.07,2,16,"[[0,0,1],[0,1,1],[1,1,2],[1,4,0],[1,4,1],[2,0,0],[2,1,1],[2,3,0],[3,0,0],[4,2,2],[5,0,1],[5,2,0]]",12,93,2394,"[1,1,1,1,1,1,0,0,0,0,0,0,0,0,0,0,0,0,0,0,0]",63,6,6,0
cklr_m6_s156_b203dade105155fc,b203dade105155fc,6,21,156,7418955876503376911,0.07,2,17,"[[0,3,1],[1,2,2],[2,2,1],[2,4,2],[4,3,0],[5,3,0]]",6,99,2520,"[1,1,1,1,1,1,0,0,0,0,0,0,0,0,0,0,0,0,0,0,0]",63,6,6,0
cklr_m6_s157_ab8be18f2ab32c40,ab8be18f2ab32c40,6,21,157,5067242941604336176,0.07,2,18,"[[0,3,0],[2,4,0]]",2,103,2604,"[1,1,1,1,1,1,0,0,0,0,0,0,0,0,0,0,0,0,0,0,0]",63,6,6,0
cklr_m6_s158_b9b19ae4d3dd219b,b9b19ae4d3dd219b,6,21,158,536476168254436643,0.07,2,19,"[[0,0,0],[1,2,2],[4,4,1],[4,4,2],[5,0,2]]",5,100,2541,"[1,1,1,1,1,1,0,0,0,0,0,0,0,0,0,0,0,0,0,0,0]",63,6,6,0
cklr_m6_s159_e5d65939a2dade46,e5d65939a2dade46,6,21,159,7719111758161221323,0.07,2,20,"[[1,2,0],[3,3,0],[4,1,0],[4,3,1]]",4,101,2562,"[1,1,1,1,1,1,0,0,0,0,0,0,0,0,0,0,0,0,0,0,0]",63,6,6,0
cklr_m6_s160_8d94fa9ff74b19c9,8d94fa9ff74b19c9,6,21,160,16160062719167982,0.09,3,1,"[[0,0,2],[2,3,1],[4,0,1],[4,3,2],[5,0,0]]",5,100,2541,"[1,1,1,1,1,1,0,0,0,0,0,0,0,0,0,0,0,0,0,0,0]",63,6,6,0
cklr_m6_s161_6dd7ff2ea74b5970,6dd7ff2ea74b5970,6,21,161,6033192250671626558,0.09,3,2,"[[3,4,1],[4,3,1],[5,2,2],[5,4,2]]",4,101,2562,"[1,1,1,1,1,1,0,0,0,0,0,0,0,0,0,0,0,0,0,0,0]",63,6,6,0
cklr_m6_s162_19b2b1b18aa172b5,19b2b1b18aa172b5,6,21,162,8168602181845114928,0.09,3,3,"[[1,1,1],[2,1,1],[2,2,0],[3,3,0],[4,3,0],[5,0,0]]",6,99,2520,"[1,1,1,1,1,1,0,0,0,0,0,0,0,0,0,0,0,0,0,0,0]",63,6,6,0
cklr_m6_s163_9599a8d33566659d,9599a8d33566659d,6,21,163,3728218860319723375,0.09,3,4,"[[0,0,2],[0,3,1],[0,4,1],[1,4,1],[4,4,0],[5,0,0]]",6,99,2520,"[1,1,1,1,1,1,0,0,0,0,0,0,0,0,0,0,0,0,0,0,0]",63,6,6,0
cklr_m6_s164_d871d39a24b49306,d871d39a24b49306,6,21,164,7747034937576831380,0.09,3,5,"[[0,0,2],[0,3,1],[1,0,1],[2,2,2],[3,0,0],[3,0,2],[3,3,2],[4,4,1],[5,0,2],[5,3,1]]",10,95,2436,"[1,1,1,1,1,1,0,0,0,0,0,0,0,0,0,0,0,0,0,0,0]",63,6,6,0
cklr_m6_s165_2b883384e9556fb1,2b883384e9556fb1,6,21,165,8589459297345996432,0.09,3,6,"[[0,2,2],[1,0,2],[2,2,0],[4,2,2],[4,4,0],[5,3,1]]",6,99,2520,"[1,1,1,1,1,1,0,0,0,0,0,0,0,0,0,0,0,0,0,0,0]",63,6,6,0
cklr_m6_s166_9cf8a576610dd995,9cf8a576610dd995,6,21,166,7708159353349269207,0.09,3,7,"[[0,2,1],[2,2,0],[3,2,1],[3,3,0],[5,2,1],[5,2,2],[5,4,1]]",7,98,2499,"[1,1,1,1,1,1,0,0,0,0,0,0,0,0,0,0,0,0,0,0,0]",63,6,6,0
cklr_m6_s167_308081db39844b1b,308081db39844b1b,6,21,167,596915368321107802,0.09,3,8,"[[1,1,1],[1,2,2],[2,0,2],[2,3,1],[2,4,0],[3,1,1],[4,4,1],[5,3,1],[5,4,2]]",9,96,2457,"[1,1,1,1,1,1,0,0,0,0,0,0,0,0,0,0,0,0,0,0,0]",63,6,6,0
cklr_m6_s168_92ee59706dba18ff,92ee59706dba18ff,6,21,168,6155088278508541760,0.09,3,9,"[[1,3,1],[2,0,0],[3,3,2],[4,1,0],[4,3,1],[4,4,2],[5,1,0],[5,4,0]]",8,97,2478,"[1,1,1,1,1,1,0,0,0,0,0,0,0,0,0,0,0,0,0,0,0]",63,6,6,0
cklr_m6_s169_70d82063c2d7a00b,70d82063c2d7a00b,6,21,169,3217372003838205018,0.09,3,10,"[[1,3,1],[2,0,1],[2,4,1],[3,1,1],[3,4,0],[4,4,1],[5,2,2],[5,4,0]]",8,97,2478,"[1,1,1,1,1,1,0,0,0,0,0,0,0,0,0,0,0,0,0,0,0]",63,6,6,0
cklr_m6_s170_36de8a28ef8d4fc7,36de8a28ef8d4fc7,6,21,170,3394594190342915680,0.09,3,11,"[[0,3,1],[1,0,1],[1,2,0],[1,3,0],[4,3,2],[5,3,0],[5,3,1]]",7,98,2499,"[1,1,1,1,1,1,0,0,0,0,0,0,0,0,0,0,0,0,0,0,0]",63,6,6,0
cklr_m6_s171_b1672409c8ed651c,b1672409c8ed651c,6,21,171,2596367811804800862,0.09,3,12,"[[0,3,0],[0,3,2],[2,0,2],[2,1,0],[5,2,2],[5,3,0],[5,3,1]]",7,98,2499,"[1,1,1,1,1,1,0,0,0,0,0,0,0,0,0,0,0,0,0,0,0]",63,6,6,0
cklr_m6_s172_135c6a1d95a64a47,135c6a1d95a64a47,6,21,172,1746098359873615490,0.09,3,13,"[[0,4,0],[1,4,0],[2,2,0],[2,3,1],[2,4,0],[3,2,0],[3,2,1],[5,3,2]]",8,97,2478,"[1,1,1,1,1,1,0,0,0,0,0,0,0,0,0,0,0,0,0,0,0]",63,6,6,0
cklr_m6_s173_2f95244928b3acdd,2f95244928b3acdd,6,21,173,2787685305746112294,0.09,3,14,"[[2,0,1],[2,4,2],[3,1,0],[3,1,1],[3,2,2],[5,0,0]]",6,99,2520,"[1,1,1,1,1,1,0,0,0,0,0,0,0,0,0,0,0,0,0,0,0]",63,6,6,0
cklr_m6_s174_614066515fbc903f,614066515fbc903f,6,21,174,6584624339012471853,0.09,3,15,"[[0,2,0],[0,2,2],[1,0,0],[1,4,0],[1,4,1],[2,1,1],[2,1,2],[2,4,2],[3,0,0],[3,3,2],[3,4,0],[4,0,1],[4,1,1],[4,4,2],[5,0,1]]",15,90,2331,"[1,1,1,1,1,1,0,0,0,0,0,0,0,0,0,0,0,0,0,0,0]",63,6,6,0
cklr_m6_s175_62840e01990cb93e,62840e01990cb93e,6,21,175,818077036496797233,0.09,3,16,"[[0,0,1],[0,2,1],[0,3,0],[2,0,1],[3,0,2],[3,3,0],[3,3,2],[4,2,0],[4,4,0],[5,3,2]]",10,95,2436,"[1,1,1,1,1,1,0,0,0,0,0,0,0,0,0,0,0,0,0,0,0]",63,6,6,0
cklr_m6_s176_a7a7128627274f70,a7a7128627274f70,6,21,176,3020793370271268632,0.09,3,17,"[[2,3,0],[3,1,0],[4,0,1],[4,4,0]]",4,101,2562,"[1,1,1,1,1,1,0,0,0,0,0,0,0,0,0,0,0,0,0,0,0]",63,6,6,0
cklr_m6_s177_a963c54d82d49f20,a963c54d82d49f20,6,21,177,7739292365146199621,0.09,3,18,"[[3,3,0],[4,1,2],[4,4,2],[5,0,0],[5,2,2]]",5,100,2541,"[1,1,1,1,1,1,0,0,0,0,0,0,0,0,0,0,0,0,0,0,0]",63,6,6,0
cklr_m6_s178_2dc6946871c95e46,2dc6946871c95e46,6,21,178,7998054869292973847,0.09,3,19,"[[0,1,2],[0,4,1],[2,0,1],[2,3,2],[3,3,1],[4,4,1]]",6,99,2520,"[1,1,1,1,1,1,0,0,0,0,0,0,0,0,0,0,0,0,0,0,0]",63,6,6,0
cklr_m6_s179_e801ae3440fb572e,e801ae3440fb572e,6,21,179,5550497643434226795,0.09,3,20,"[[0,3,1],[2,1,2],[2,2,2],[2,3,1],[3,1,1],[3,3,0],[5,3,2]]",7,98,2499,"[1,1,1,1,1,1,0,0,0,0,0,0,0,0,0,0,0,0,0,0,0]",63,6,6,0
cklr_m6_s180_a2a7ff9ecc129007,a2a7ff9ecc129007,6,21,180,1964908320225826188,0.11,4,1,"[[0,1,0],[0,3,0],[0,3,1],[1,1,1],[1,2,2],[4,1,2],[5,2,0],[5,3,0]]",8,97,2478,"[1,1,1,1,1,1,0,0,0,0,0,0,0,0,0,0,0,0,0,0,0]",63,6,6,0
cklr_m6_s181_7a3519f566864898,7a3519f566864898,6,21,181,7480053271415833491,0.11,4,2,"[[0,3,1],[0,4,2],[1,1,1],[2,0,0],[2,4,1],[5,2,2],[5,3,1]]",7,98,2499,"[1,1,1,1,1,1,0,0,0,0,0,0,0,0,0,0,0,0,0,0,0]",63,6,6,0
cklr_m6_s182_196bd7fa1c1981b6,196bd7fa1c1981b6,6,21,182,2500391612140426268,0.11,4,3,"[[0,3,2],[2,0,2],[2,4,0],[2,4,1],[3,0,1],[3,1,2],[4,0,0],[4,2,1],[4,4,0],[4,4,1]]",10,95,2436,"[1,1,1,1,1,1,0,0,0,0,0,0,0,0,0,0,0,0,0,0,0]",63,6,6,0
cklr_m6_s183_2ad2b49eee4804f4,2ad2b49eee4804f4,6,21,183,7399636497307323872,0.11,4,4,"[[0,3,2],[1,3,1],[2,2,1],[4,0,1],[4,1,1],[4,1,2]]",6,99,2520,"[1,1,1,1,1,1,0,0,0,0,0,0,0,0,0,0,0,0,0,0,0]",63,6,6,0
cklr_m6_s184_fdcd504347656958,fdcd504347656958,6,21,184,5670752157401569775,0.11,4,5,"[[0,1,1],[0,3,2],[1,0,2],[1,2,0],[1,4,2],[2,1,0],[4,0,2],[4,1,1],[4,4,0],[5,0,1],[5,2,1],[5,2,2]]",12,93,2394,"[1,1,1,1,1,1,0,0,0,0,0,0,0,0,0,0,0,0,0,0,0]",63,6,6,0
cklr_m6_s185_115d747eaa103793,115d747eaa103793,6,21,185,7714394128407265833,0.11,4,6,"[[0,0,0],[0,2,2],[0,4,2],[1,2,0],[1,4,1],[4,0,1],[5,0,0],[5,2,2]]",8,97,2478,"[1,1,1,1,1,1,0,0,0,0,0,0,0,0,0,0,0,0,0,0,0]",63,6,6,0
cklr_m6_s186_9efecbf20dd19a3b,9efecbf20dd19a3b,6,21,186,8756258419155630940,0.11,4,7,"[[0,3,0],[0,4,2],[1,0,0],[1,3,0],[1,3,2],[2,0,2],[3,0,2],[3,2,1],[3,3,1],[3,4,0],[4,1,0],[4,2,0],[4,4,0],[4,4,1],[5,0,0],[5,0,1],[5,1,0],[5,3,1]]",18,87,2268,"[1,1,1,1,1,1,0,0,0,0,0,0,0,0,0,0,0,0,0,0,0]",63,6,6,0
cklr_m6_s187_3d78a8543ff0b5ed,3d78a8543ff0b5ed,6,21,187,7871521169072745033,0.11,4,8,"[[0,0,1],[0,1,2],[1,0,1],[3,3,0],[3,3,1],[4,0,2],[4,2,0],[4,2,2]]",8,97,2478,"[1,1,1,1,1,1,0,0,0,0,0,0,0,0,0,0,0,0,0,0,0]",63,6,6,0
cklr_m6_s188_acc3751772228eb9,acc3751772228eb9,6,21,188,8853392038327822739,0.11,4,9,"[[0,0,0],[0,3,0],[0,3,1],[2,0,2],[2,1,2],[2,4,1],[3,3,1],[4,2,0],[4,3,0],[4,3,1],[5,1,2],[5,3,2]]",12,93,2394,"[1,1,1,1,1,1,0,0,0,0,0,0,0,0,0,0,0,0,0,0,0]",63,6,6,0
cklr_m6_s189_c46acb4aba8171f5,c46acb4aba8171f5,6,21,189,3728718646646321840,0.11,4,10,"[[0,1,0],[1,0,2],[1,2,0],[2,0,2],[2,3,1],[3,3,0],[4,2,1],[4,4,0],[5,0,1],[5,2,1]]",10,95,2436,"[1,1,1,1,1,1,0,0,0,0,0,0,0,0,0,0,0,0,0,0,0]",63,6,6,0
cklr_m6_s190_8b0fb55a62d5e9e7,8b0fb55a62d5e9e7,6,21,190,2221417947603003288,0.11,4,11,"[[0,0,1],[2,0,1],[2,3,0],[2,4,1],[3,0,1],[3,1,1],[3,3,0],[5,2,2],[5,4,1]]",9,96,2457,"[1,1,1,1,1,1,0,0,0,0,0,0,0,0,0,0,0,0,0,0,0]",63,6,6,0
cklr_m6_s191_3211b02c90b1eeb8,3211b02c90b1eeb8,6,21,191,5210086963343243263,0.11,4,12,"[[0,4,2],[1,4,0],[2,3,1],[3,0,2],[3,1,0],[3,1,2],[3,2,2],[4,1,0],[4,3,1],[5,1,2]]",10,95,2436,"[1,1,1,1,1,1,0,0,0,0,0,0,0,0,0,0,0,0,0,0,0]",63,6,6,0
cklr_m6_s192_3da7c96cfb6c2e60,3da7c96cfb6c2e60,6,21,192,2357631192979481776,0.11,4,13,"[[1,0,1],[2,3,2],[3,2,1],[4,2,1],[5,0,2],[5,3,0]]",6,99,2520,"[1,1,1,1,1,1,0,0,0,0,0,0,0,0,0,0,0,0,0,0,0]",63,6,6,0
cklr_m6_s193_75da4ff9661428ff,75da4ff9661428ff,6,21,193,3478230054432122588,0.11,4,14,"[[1,0,1],[1,1,1],[2,2,0],[2,3,1],[3,4,2],[4,2,0],[5,0,1],[5,2,0],[5,4,2]]",9,96,2457,"[1,1,1,1,1,1,0,0,0,0,0,0,0,0,0,0,0,0,0,0,0]",63,6,6,0
cklr_m6_s194_b3ed8c484b4243a6,b3ed8c484b4243a6,6,21,194,2519143796531339660,0.11,4,15,"[[0,3,1],[0,4,0],[3,1,2],[3,3,0],[3,4,0],[4,1,2],[5,1,1]]",7,98,2499,"[1,1,1,1,1,1,0,0,0,0,0,0,0,0,0,0,0,0,0,0,0]",63,6,6,0
cklr_m6_s195_bd8ece7fbd8a4098,bd8ece7fbd8a4098,6,21,195,6473809803669046174,0.11,4,16,"[[0,0,2],[1,4,1],[2,0,0],[2,1,2],[2,3,0],[3,0,0],[4,0,1],[5,0,0],[5,3,1]]",9,96,2457,"[1,1,1,1,1,1,0,0,0,0,0,0,0,0,0,0,0,0,0,0,0]",63,6,6,0
cklr_m6_s196_90132ed62dbf5cc5,90132ed62dbf5cc5,6,21,196,4978697545023968110,0.11,4,17,"[[0,4,0],[2,4,1],[3,1,1],[3,2,2],[3,3,0],[4,0,0],[4,2,1],[4,3,2]]",8,97,2478,"[1,1,1,1,1,1,0,0,0,0,0,0,0,0,0,0,0,0,0,0,0]",63,6,6,0
cklr_m6_s197_79012c46eb65df01,79012c46eb65df01,6,21,197,2766265475605197090,0.11,4,18,"[[0,0,2],[1,1,0],[1,3,1],[2,1,0],[3,3,1],[4,2,1],[5,0,0]]",7,98,2499,"[1,1,1,1,1,1,0,0,0,0,0,0,0,0,0,0,0,0,0,0,0]",63,6,6,0
cklr_m6_s198_dde9de2af6c2de2d,dde9de2af6c2de2d,6,21,198,900401197133978544,0.11,4,19,"[[0,2,1],[0,3,0],[1,0,1],[1,4,1],[2,0,2],[2,4,1],[3,3,2],[4,0,0],[5,1,0],[5,3,2]]",10,95,2436,"[1,1,1,1,1,1,0,0,0,0,0,0,0,0,0,0,0,0,0,0,0]",63,6,6,0
cklr_m6_s199_2beb35468734aa76,2beb35468734aa76,6,21,199,7461418154584020053,0.11,4,20,"[[0,4,2],[1,0,0],[1,0,1],[1,0,2],[1,1,1],[2,1,2],[3,3,1],[3,4,0],[3,4,2],[4,2,0],[4,4,2],[5,0,2],[5,3,2],[5,4,1]]",14,91,2352,"[1,1,1,1,1,1,0,0,0,0,0,0,0,0,0,0,0,0,0,0,0]",63,6,6,0
cklr_m7_s00_d57a46cdcb1d6052,d57a46cdcb1d6052,7,25,0,3108360038806789268,0.03,0,1,"[[1,0,1],[2,3,0],[3,2,0],[4,3,1],[5,2,0]]",5,139,4100,"[1,1,1,1,1,1,1,0,0,0,0,0,0,0,0,0,0,0,0,0,0,0,0,0,0]",127,7,7,0
cklr_m7_s01_2fb67f2256cdcff8,2fb67f2256cdcff8,7,25,1,4635846501525415371,0.03,0,2,"[[2,3,1],[3,1,2],[3,4,2]]",3,141,4150,"[1,1,1,1,1,1,1,0,0,0,0,0,0,0,0,0,0,0,0,0,0,0,0,0,0]",127,7,7,0
cklr_m7_s02_d1ee4ef76cc5570c,d1ee4ef76cc5570c,7,25,2,5602432522359302686,0.03,0,3,"[[3,2,0],[4,1,0]]",2,142,4175,"[1,1,1,1,1,1,1,0,0,0,0,0,0,0,0,0,0,0,0,0,0,0,0,0,0]",127,7,7,0
cklr_m7_s03_d06ef09880ac862a,d06ef09880ac862a,7,25,3,8945901358984055947,0.03,0,4,"[[0,1,2],[0,2,2],[4,4,0]]",3,141,4150,"[1,1,1,1,1,1,1,0,0,0,0,0,0,0,0,0,0,0,0,0,0,0,0,0,0]",127,7,7,0
cklr_m7_s04_6ddca8a7fbdf8f2a,6ddca8a7fbdf8f2a,7,25,4,8891757934092975467,0.05,1,1,"[[0,0,2],[0,3,2],[2,2,2],[2,3,2],[2,4,0],[3,4,1],[5,1,2],[5,5,1]]",8,136,4025,"[1,1,1,1,1,1,1,0,0,0,0,0,0,0,0,0,0,0,0,0,0,0,0,0,0]",127,7,7,0
cklr_m7_s05_7a05a548c3272ff5,7a05a548c3272ff5,7,25,5,4956132359676442415,0.05,1,2,"[[3,1,0],[5,4,2]]",2,142,4175,"[1,1,1,1,1,1,1,0,0,0,0,0,0,0,0,0,0,0,0,0,0,0,0,0,0]",127,7,7,0
cklr_m7_s06_1589fadaf0ff2c4a,1589fadaf0ff2c4a,7,25,6,2342550900867834095,0.05,1,3,"[[2,5,2],[4,2,0],[6,1,0],[6,5,2]]",4,140,4125,"[1,1,1,1,1,1,1,0,0,0,0,0,0,0,0,0,0,0,0,0,0,0,0,0,0]",127,7,7,0
cklr_m7_s07_e75935b55b7c7c1e,e75935b55b7c7c1e,7,25,7,1749030006709207510,0.05,1,4,"[[0,1,2],[0,5,1],[4,0,1],[5,4,0]]",4,140,4125,"[1,1,1,1,1,1,1,0,0,0,0,0,0,0,0,0,0,0,0,0,0,0,0,0,0]",127,7,7,0
cklr_m7_s08_0e4613b30eff16cb,0e4613b30eff16cb,7,25,8,1975304627938168446,0.07,2,1,"[[1,1,0],[1,1,2],[1,4,2],[2,4,2],[2,5,2],[5,1,2]]",6,138,4075,"[1,1,1,1,1,1,1,0,0,0,0,0,0,0,0,0,0,0,0,0,0,0,0,0,0]",127,7,7,0
cklr_m7_s09_a5578660c628dc43,a5578660c628dc43,7,25,9,1400449167494603485,0.07,2,2,"[[0,1,0],[0,3,1],[0,4,2],[1,0,1],[1,1,0],[1,2,0],[2,3,0],[3,4,2],[4,2,1]]",9,135,4000,"[1,1,1,1,1,1,1,0,0,0,0,0,0,0,0,0,0,0,0,0,0,0,0,0,0]",127,7,7,0
cklr_m7_s10_b6f5f42a77627068,b6f5f42a77627068,7,25,10,4237457210934868959,0.07,2,3,"[[0,5,1],[1,1,1],[1,4,1],[2,1,0],[4,0,2],[4,2,1],[4,3,0]]",7,137,4050,"[1,1,1,1,1,1,1,0,0,0,0,0,0,0,0,0,0,0,0,0,0,0,0,0,0]",127,7,7,0
cklr_m7_s11_6a2426ef0452e6a4,6a2426ef0452e6a4,7,25,11,5345307357018167160,0.07,2,4,"[[0,1,0],[0,5,2],[2,1,0],[2,5,1],[3,0,0],[4,4,1],[5,0,1],[6,4,1]]",8,136,4025,"[1,1,1,1,1,1,1,0,0,0,0,0,0,0,0,0,0,0,0,0,0,0,0,0,0]",127,7,7,0
cklr_m7_s12_231672d8f9839c05,231672d8f9839c05,7,25,12,3424489794125320043,0.09,3,1,"[[0,0,2],[0,1,1],[0,4,1],[0,5,0],[1,1,0],[1,5,1],[1,5,2],[2,4,0],[2,5,0],[4,0,0],[4,1,2],[4,5,0],[4,5,1],[4,5,2],[6,4,0],[6,4,1]]",16,128,3825,"[1,1,1,1,1,1,1,0,0,0,0,0,0,0,0,0,0,0,0,0,0,0,0,0,0]",127,7,7,0
cklr_m7_s13_58e37a516ad7020b,58e37a516ad7020b,7,25,13,4965196288976502073,0.09,3,2,"[[1,1,0],[1,3,1],[2,0,1],[2,1,2],[4,2,0],[5,0,0],[5,2,1],[5,5,0],[6,0,1],[6,2,0]]",10,134,3975,"[1,1,1,1,1,1,1,0,0,0,0,0,0,0,0,0,0,0,0,0,0,0,0,0,0]",127,7,7,0
cklr_m7_s14_c73db706d4e1828e,c73db706d4e1828e,7,25,14,3858880905172519103,0.09,3,3,"[[0,4,2],[2,1,1],[2,3,0],[2,3,2],[3,3,1],[3,4,0],[3,5,2],[4,1,1],[4,2,0],[4,4,1],[4,5,1],[5,0,0],[5,0,1],[5,1,0],[6,0,0],[6,5,0]]",16,128,3825,"[1,1,1,1,1,1,1,0,0,0,0,0,0,0,0,0,0,0,0,0,0,0,0,0,0]",127,7,7,0
cklr_m7_s15_08a5bcb04ae0e28b,08a5bcb04ae0e28b,7,25,15,2266508500693195014,0.09,3,4,"[[1,1,1],[3,2,0],[3,5,2],[4,4,1],[5,4,0],[6,0,2],[6,3,0],[6,5,1]]",8,136,4025,"[1,1,1,1,1,1,1,0,0,0,0,0,0,0,0,0,0,0,0,0,0,0,0,0,0]",127,7,7,0
cklr_m7_s16_c6d5310be88e0674,c6d5310be88e0674,7,25,16,2239967874994441477,0.11,4,1,"[[0,1,2],[0,5,0],[0,5,1],[1,5,2],[2,0,1],[2,0,2],[3,0,1],[3,0,2],[4,3,0],[4,5,1],[5,1,2],[5,3,0],[5,4,2],[5,5,0],[6,4,2]]",15,129,3850,"[1,1,1,1,1,1,1,0,0,0,0,0,0,0,0,0,0,0,0,0,0,0,0,0,0]",127,7,7,0
cklr_m7_s17_a68dc9fdc73eeaac,a68dc9fdc73eeaac,7,25,17,4237875456473324070,0.11,4,2,"[[0,0,2],[0,1,0],[0,4,1],[0,4,2],[0,5,1],[2,0,2],[2,1,2],[3,5,2],[4,3,1],[4,5,1],[5,1,1],[5,2,1],[5,3,0],[5,4,2],[5,5,0],[6,0,0],[6,1,1]]",17,127,3800,"[1,1,1,1,1,1,1,0,0,0,0,0,0,0,0,0,0,0,0,0,0,0,0,0,0]",127,7,7,0
cklr_m7_s18_e0a15f22fdab84da,e0a15f22fdab84da,7,25,18,916094546941735836,0.11,4,3,"[[1,5,0],[2,1,2],[3,2,2],[4,0,0],[4,2,1],[4,2,2],[5,4,0],[6,0,0],[6,1,2],[6,3,2]]",10,134,3975,"[1,1,1,1,1,1,1,0,0,0,0,0,0,0,0,0,0,0,0,0,0,0,0,0,0]",127,7,7,0
cklr_m7_s19_fc29a771707ccbd0,fc29a771707ccbd0,7,25,19,8398726043054381542,0.11,4,4,"[[0,0,2],[0,3,0],[0,3,1],[1,1,2],[1,2,2],[2,1,2],[2,2,0],[2,4,1],[2,4,2],[3,3,1],[4,3,1],[4,4,0]]",12,132,3925,"[1,1,1,1,1,1,1,0,0,0,0,0,0,0,0,0,0,0,0,0,0,0,0,0,0]",127,7,7,0
cklr_m7_s20_8d5bc4a99b25adf0,8d5bc4a99b25adf0,7,25,20,5967050992643394608,0.03,0,1,"[[1,1,0],[1,5,1],[2,2,0],[5,1,1]]",4,140,4125,"[1,1,1,1,1,1,1,0,0,0,0,0,0,0,0,0,0,0,0,0,0,0,0,0,0]",127,7,7,0
cklr_m7_s21_09acd0d722df52f6,09acd0d722df52f6,7,25,21,4867402103291438400,0.03,0,2,"[[1,0,2],[2,5,2],[4,1,2],[4,4,1],[5,2,2]]",5,139,4100,"[1,1,1,1,1,1,1,0,0,0,0,0,0,0,0,0,0,0,0,0,0,0,0,0,0]",127,7,7,0
cklr_m7_s22_b4515145c2e336cb,b4515145c2e336cb,7,25,22,8651582983323548124,0.03,0,3,"[[2,0,2],[3,0,0],[4,3,0],[6,0,1]]",4,140,4125,"[1,1,1,1,1,1,1,0,0,0,0,0,0,0,0,0,0,0,0,0,0,0,0,0,0]",127,7,7,0
cklr_m7_s23_dea2bad6dab52bc4,dea2bad6dab52bc4,7,25,23,3270904752339807399,0.03,0,4,"[[0,0,2],[3,2,1],[4,1,1]]",3,141,4150,"[1,1,1,1,1,1,1,0,0,0,0,0,0,0,0,0,0,0,0,0,0,0,0,0,0]",127,7,7,0
cklr_m7_s24_84069f19ee21c2b0,84069f19ee21c2b0,7,25,24,3672192190394441162,0.03,0,5,"[[0,1,1],[0,2,1],[1,0,2],[2,4,1],[3,0,1],[4,1,0],[5,4,2],[6,3,1]]",8,136,4025,"[1,1,1,1,1,1,1,0,0,0,0,0,0,0,0,0,0,0,0,0,0,0,0,0,0]",127,7,7,0
cklr_m7_s25_178cf83da62fba74,178cf83da62fba74,7,25,25,7000445857927519151,0.03,0,6,"[[1,0,0],[6,4,0]]",2,142,4175,"[1,1,1,1,1,1,1,0,0,0,0,0,0,0,0,0,0,0,0,0,0,0,0,0,0]",127,7,7,0
cklr_m7_s26_da09521de5c620de,da09521de5c620de,7,25,26,8705030010249192907,0.03,0,7,"[[1,3,0],[2,3,0],[3,2,2],[3,4,2],[4,1,1]]",5,139,4100,"[1,1,1,1,1,1,1,0,0,0,0,0,0,0,0,0,0,0,0,0,0,0,0,0,0]",127,7,7,0
cklr_m7_s27_555755d5e256b4d7,555755d5e256b4d7,7,25,27,8282449165347200004,0.03,0,8,"[[0,1,0],[3,0,2],[6,1,0]]",3,141,4150,"[1,1,1,1,1,1,1,0,0,0,0,0,0,0,0,0,0,0,0,0,0,0,0,0,0]",127,7,7,0
cklr_m7_s28_ba7f22bb8ed01f16,ba7f22bb8ed01f16,7,25,28,5723655592144483498,0.03,0,9,"[[0,5,2],[3,3,2],[3,5,2],[4,3,2]]",4,140,4125,"[1,1,1,1,1,1,1,0,0,0,0,0,0,0,0,0,0,0,0,0,0,0,0,0,0]",127,7,7,0
cklr_m7_s29_7b4e191dee1498bc,7b4e191dee1498bc,7,25,29,2715082704911089330,0.03,0,10,"[[0,1,2],[4,3,0],[5,1,2]]",3,141,4150,"[1,1,1,1,1,1,1,0,0,0,0,0,0,0,0,0,0,0,0,0,0,0,0,0,0]",127,7,7,0
cklr_m7_s30_99096cc2eae3d464,99096cc2eae3d464,7,25,30,6285902148031799925,0.03,0,11,"[[3,3,2],[5,2,0],[5,4,0],[6,5,0]]",4,140,4125,"[1,1,1,1,1,1,1,0,0,0,0,0,0,0,0,0,0,0,0,0,0,0,0,0,0]",127,7,7,0
cklr_m7_s31_9dae27f5ac74a855,9dae27f5ac74a855,7,25,31,5673897805244890744,0.03,0,12,"[[5,3,2],[6,3,2]]",2,142,4175,"[1,1,1,1,1,1,1,0,0,0,0,0,0,0,0,0,0,0,0,0,0,0,0,0,0]",127,7,7,0
cklr_m7_s32_99e59d09811353a7,99e59d09811353a7,7,25,32,1270328048000955766,0.03,0,13,"[[2,1,2],[4,3,1]]",2,142,4175,"[1,1,1,1,1,1,1,0,0,0,0,0,0,0,0,0,0,0,0,0,0,0,0,0,0]",127,7,7,0
cklr_m7_s33_219cae4bd3abe53c,219cae4bd3abe53c,7,25,33,1112289356643091416,0.03,0,14,"[[1,3,1],[5,5,1],[6,2,2],[6,5,2]]",4,140,4125,"[1,1,1,1,1,1,1,0,0,0,0,0,0,0,0,0,0,0,0,0,0,0,0,0,0]",127,7,7,0
cklr_m7_s34_e01e119d37619fe6,e01e119d37619fe6,7,25,34,8653214520084053781,0.03,0,15,"[[2,3,1],[3,0,2],[4,1,1],[6,3,2]]",4,140,4125,"[1,1,1,1,1,1,1,0,0,0,0,0,0,0,0,0,0,0,0,0,0,0,0,0,0]",127,7,7,0
cklr_m7_s35_3af0f49bd01ef890,3af0f49bd01ef890,7,25,35,6250299413621186909,0.03,0,16,"[[0,3,1],[1,4,1],[1,5,2],[5,0,1],[5,2,0]]",5,139,4100,"[1,1,1,1,1,1,1,0,0,0,0,0,0,0,0,0,0,0,0,0,0,0,0,0,0]",127,7,7,0
cklr_m7_s36_57653afb60135cfb,57653afb60135cfb,7,25,36,7413575519720524627,0.05,1,1,"[[3,2,2],[3,5,2],[4,2,2],[5,3,0],[5,4,1],[5,5,2]]",6,138,4075,"[1,1,1,1,1,1,1,0,0,0,0,0,0,0,0,0,0,0,0,0,0,0,0,0,0]",127,7,7,0
cklr_m7_s37_cc4cc9ad6f53e3ad,cc4cc9ad6f53e3ad,7,25,37,578409238632430506,0.05,1,2,"[[0,0,1],[1,3,0],[1,5,0],[2,4,1],[2,4,2],[3,1,2],[6,4,1]]",7,137,4050,"[1,1,1,1,1,1,1,0,0,0,0,0,0,0,0,0,0,0,0,0,0,0,0,0,0]",127,7,7,0
cklr_m7_s38_00dccc275b97dbc0,00dccc275b97dbc0,7,25,38,4032039561607044934,0.05,1,3,"[[0,2,0],[1,1,1],[5,4,1],[6,3,0],[6,3,2]]",5,139,4100,"[1,1,1,1,1,1,1,0,0,0,0,0,0,0,0,0,0,0,0,0,0,0,0,0,0]",127,7,7,0
cklr_m7_s39_32f01809b025d742,32f01809b025d742,7,25,39,6373582209027073078,0.05,1,4,"[[0,1,2],[0,3,1],[0,5,0],[1,2,0],[1,3,2],[2,5,1],[3,3,0],[5,2,2],[5,5,1]]",9,135,4000,"[1,1,1,1,1,1,1,0,0,0,0,0,0,0,0,0,0,0,0,0,0,0,0,0,0]",127,7,7,0
cklr_m7_s40_309e64f1d937c08c,309e64f1d937c08c,7,25,40,3699198947961821941,0.05,1,5,"[[1,2,2],[2,1,0],[3,5,0],[6,4,2]]",4,140,4125,"[1,1,1,1,1,1,1,0,0,0,0,0,0,0,0,0,0,0,0,0,0,0,0,0,0]",127,7,7,0
cklr_m7_s41_8faace1ce1ff968b,8faace1ce1ff968b,7,25,41,1914616742331270455,0.05,1,6,"[[0,2,2],[0,4,2],[3,0,1],[5,3,2],[5,5,1],[6,0,2],[6,1,2]]",7,137,4050,"[1,1,1,1,1,1,1,0,0,0,0,0,0,0,0,0,0,0,0,0,0,0,0,0,0]",127,7,7,0
cklr_m7_s42_a01e6ffee914f3da,a01e6ffee914f3da,7,25,42,6850452587282900487,0.05,1,7,"[[1,0,0],[1,3,2],[2,3,2],[4,1,0],[4,5,1],[6,3,0]]",6,138,4075,"[1,1,1,1,1,1,1,0,0,0,0,0,0,0,0,0,0,0,0,0,0,0,0,0,0]",127,7,7,0
cklr_m7_s43_a3c967e33b01546c,a3c967e33b01546c,7,25,43,6102145977875200860,0.05,1,8,"[[0,0,2],[2,2,1],[3,3,1],[4,2,1]]",4,140,4125,"[1,1,1,1,1,1,1,0,0,0,0,0,0,0,0,0,0,0,0,0,0,0,0,0,0]",127,7,7,0
cklr_m7_s44_297fe1b05cbd6acc,297fe1b05cbd6acc,7,25,44,3663673458467925564,0.05,1,9,"[[0,0,2],[0,3,2],[1,3,2],[1,4,0]]",4,140,4125,"[1,1,1,1,1,1,1,0,0,0,0,0,0,0,0,0,0,0,0,0,0,0,0,0,0]",127,7,7,0
cklr_m7_s45_bc6e3ab79a5cc78d,bc6e3ab79a5cc78d,7,25,45,3438325044188214265,0.05,1,10,"[[3,3,0],[4,2,1],[4,3,1],[6,1,2]]",4,140,4125,"[1,1,1,1,1,1,1,0,0,0,0,0,0,0,0,0,0,0,0,0,0,0,0,0,0]",127,7,7,0
cklr_m7_s46_2414d9fce0a4f41c,2414d9fce0a4f41c,7,25,46,6576000056836701806,0.05,1,11,"[[0,1,0],[0,2,2],[0,5,0],[1,1,0],[2,4,0],[3,0,1],[4,4,2],[5,1,0],[6,2,1],[6,3,1]]",10,134,3975,"[1,1,1,1,1,1,1,0,0,0,0,0,0,0,0,0,0,0,0,0,0,0,0,0,0]",127,7,7,0
cklr_m7_s47_c1b1bc498c5bd081,c1b1bc498c5bd081,7,25,47,85645170799628908,0.05,1,12,"[[2,0,2],[2,5,1],[3,0,2],[3,4,1],[6,1,0],[6,2,2]]",6,138,4075,"[1,1,1,1,1,1,1,0,0,0,0,0,0,0,0,0,0,0,0,0,0,0,0,0,0]",127,7,7,0
cklr_m7_s48_2f94b213f2df2e3c,2f94b213f2df2e3c,7,25,48,274853362368384539,0.05,1,13,"[[3,0,1],[3,1,1],[5,1,1]]",3,141,4150,"[1,1,1,1,1,1,1,0,0,0,0,0,0,0,0,0,0,0,0,0,0,0,0,0,0]",127,7,7,0
cklr_m7_s49_f3b78a271763312c,f3b78a271763312c,7,25,49,8973326313961390444,0.05,1,14,"[[1,0,1],[1,3,1],[2,3,1],[4,0,1],[4,0,2],[5,2,1],[6,4,0]]",7,137,4050,"[1,1,1,1,1,1,1,0,0,0,0,0,0,0,0,0,0,0,0,0,0,0,0,0,0]",127,7,7,0
cklr_m7_s50_ea861e2a280ed007,ea861e2a280ed007,7,25,50,574155947971856896,0.05,1,15,"[[0,0,1],[2,2,2],[3,3,1],[4,4,0],[4,5,0],[6,1,2]]",6,138,4075,"[1,1,1,1,1,1,1,0,0,0,0,0,0,0,0,0,0,0,0,0,0,0,0,0,0]",127,7,7,0
cklr_m7_s51_9123271345c2ea46,9123271345c2ea46,7,25,51,8207873866638726679,0.05,1,16,"[[0,2,1],[2,1,1],[2,5,2],[3,1,0],[3,2,1],[4,4,0],[5,3,1],[5,4,2]]",8,136,4025,"[1,1,1,1,1,1,1,0,0,0,0,0,0,0,0,0,0,0,0,0,0,0,0,0,0]",127,7,7,0
cklr_m7_s52_8dcb2a3f1cac60a7,8dcb2a3f1cac60a7,7,25,52,7985094015208092649,0.07,2,1,"[[1,1,0],[1,1,1],[1,1,2],[2,1,2],[3,3,2],[4,2,1],[6,1,2],[6,3,2]]",8,136,4025,"[1,1,1,1,1,1,1,0,0,0,0,0,0,0,0,0,0,0,0,0,0,0,0,0,0]",127,7,7,0
cklr_m7_s53_86b77c563f041298,86b77c563f041298,7,25,53,6953985578330830569,0.07,2,2,"[[1,2,0],[2,4,0],[4,0,0],[4,1,1],[4,3,2],[5,2,0],[6,1,2]]",7,137,4050,"[1,1,1,1,1,1,1,0,0,0,0,0,0,0,0,0,0,0,0,0,0,0,0,0,0]",127,7,7,0
cklr_m7_s54_e321302d6971f592,e321302d6971f592,7,25,54,4415692214419436085,0.07,2,3,"[[0,2,2],[2,0,1],[2,5,2],[5,2,1],[6,2,2],[6,5,0]]",6,138,4075,"[1,1,1,1,1,1,1,0,0,0,0,0,0,0,0,0,0,0,0,0,0,0,0,0,0]",127,7,7,0
cklr_m7_s55_6c890ac8bfc1e4ab,6c890ac8bfc1e4ab,7,25,55,1298227060327520209,0.07,2,4,"[[0,1,1],[0,4,2],[2,0,1],[2,4,2],[3,4,1],[4,3,0],[5,0,0],[5,0,1],[5,3,2],[5,5,1],[6,3,0],[6,3,1]]",12,132,3925,"[1,1,1,1,1,1,1,0,0,0,0,0,0,0,0,0,0,0,0,0,0,0,0,0,0]",127,7,7,0
cklr_m7_s56_84a3a4b2083d4041,84a3a4b2083d4041,7,25,56,8441448340435650027,0.07,2,5,"[[0,3,1],[1,2,2],[2,5,0],[3,0,0],[3,1,1],[3,3,1],[4,1,0],[4,4,2]]",8,136,4025,"[1,1,1,1,1,1,1,0,0,0,0,0,0,0,0,0,0,0,0,0,0,0,0,0,0]",127,7,7,0
cklr_m7_s57_b529ee2fde101018,b529ee2fde101018,7,25,57,4661090134268227170,0.07,2,6,"[[0,0,1],[0,4,1],[1,3,1],[1,5,0],[1,5,1],[2,5,1],[4,5,1],[5,0,1],[5,0,2],[5,1,2],[5,2,0],[5,3,1],[5,4,0]]",13,131,3900,"[1,1,1,1,1,1,1,0,0,0,0,0,0,0,0,0,0,0,0,0,0,0,0,0,0]",127,7,7,0
cklr_m7_s58_b5718628caef8f15,b5718628caef8f15,7,25,58,3240239647471696214,0.07,2,7,"[[0,0,2],[0,5,2],[1,2,0],[1,4,2],[2,5,1],[3,2,0],[4,1,0],[4,4,2],[4,5,1],[5,2,1],[6,4,0]]",11,133,3950,"[1,1,1,1,1,1,1,0,0,0,0,0,0,0,0,0,0,0,0,0,0,0,0,0,0]",127,7,7,0
cklr_m7_s59_c6954372f5fe014d,c6954372f5fe014d,7,25,59,8459324514131987975,0.07,2,8,"[[0,4,2],[0,5,1],[1,0,1],[3,1,0],[5,3,2],[6,1,0],[6,4,2]]",7,137,4050,"[1,1,1,1,1,1,1,0,0,0,0,0,0,0,0,0,0,0,0,0,0,0,0,0,0]",127,7,7,0
cklr_m7_s60_468b014d776e0280,468b014d776e0280,7,25,60,8830001670082295472,0.07,2,9,"[[0,0,1],[0,1,1],[0,4,0],[2,0,2],[5,1,0]]",5,139,4100,"[1,1,1,1,1,1,1,0,0,0,0,0,0,0,0,0,0,0,0,0,0,0,0,0,0]",127,7,7,0
cklr_m7_s61_55161ec437ffb170,55161ec437ffb170,7,25,61,8101399591125462132,0.07,2,10,"[[1,3,2],[2,4,2],[4,4,2],[4,5,0],[5,5,2],[6,2,2]]",6,138,4075,"[1,1,1,1,1,1,1,0,0,0,0,0,0,0,0,0,0,0,0,0,0,0,0,0,0]",127,7,7,0
cklr_m7_s62_751ce8a3a94a8737,751ce8a3a94a8737,7,25,62,740976024188465189,0.07,2,11,"[[1,0,2],[1,2,2],[2,0,1],[2,2,2],[2,4,0],[3,1,2],[4,0,1],[4,2,1],[4,3,1],[5,4,0],[6,5,0],[6,5,2]]",12,132,3925,"[1,1,1,1,1,1,1,0,0,0,0,0,0,0,0,0,0,0,0,0,0,0,0,0,0]",127,7,7,0
cklr_m7_s63_75091e327f108d82,75091e327f108d82,7,25,63,662250692180401200,0.07,2,12,"[[0,1,0],[0,2,1],[1,2,2],[2,5,0],[3,1,0],[3,1,2],[4,3,0],[6,2,2]]",8,136,4025,"[1,1,1,1,1,1,1,0,0,0,0,0,0,0,0,0,0,0,0,0,0,0,0,0,0]",127,7,7,0
cklr_m7_s64_1b7eaec34977df1c,1b7eaec34977df1c,7,25,64,1095981048625493996,0.07,2,13,"[[0,4,0],[1,5,1],[3,3,2],[3,4,1],[4,0,1],[4,0,2],[4,1,1],[4,1,2],[4,5,0],[6,1,1]]",10,134,3975,"[1,1,1,1,1,1,1,0,0,0,0,0,0,0,0,0,0,0,0,0,0,0,0,0,0]",127,7,7,0
cklr_m7_s65_020529afe9a074d5,020529afe9a074d5,7,25,65,7755842847616481006,0.07,2,14,"[[0,2,1],[1,2,1],[2,0,1],[2,0,2],[3,1,0],[3,2,2],[3,5,2],[4,0,1],[4,3,2],[5,1,1],[5,2,0],[5,2,1],[6,5,0]]",13,131,3900,"[1,1,1,1,1,1,1,0,0,0,0,0,0,0,0,0,0,0,0,0,0,0,0,0,0]",127,7,7,0
cklr_m7_s66_dee5cb66b7036a43,dee5cb66b7036a43,7,25,66,589433419229144799,0.07,2,15,"[[0,2,1],[1,2,1],[2,0,1],[4,1,2],[4,2,1],[5,3,0]]",6,138,4075,"[1,1,1,1,1,1,1,0,0,0,0,0,0,0,0,0,0,0,0,0,0,0,0,0,0]",127,7,7,0
cklr_m7_s67_a159101804d03293,a159101804d03293,7,25,67,8827841688207824371,0.07,2,16,"[[0,0,1],[1,0,1],[1,2,2],[2,1,1],[2,5,0],[3,1,0],[4,0,1],[6,0,1],[6,3,0]]",9,135,4000,"[1,1,1,1,1,1,1,0,0,0,0,0,0,0,0,0,0,0,0,0,0,0,0,0,0]",127,7,7,0
cklr_m7_s68_829aba6a83f3ac59,829aba6a83f3ac59,7,25,68,2303412566917284039,0.09,3,1,"[[0,2,1],[3,5,0],[4,0,0],[4,1,1],[4,5,1],[5,1,2],[5,2,0],[5,2,1],[5,3,1],[6,1,1]]",10,134,3975,"[1,1,1,1,1,1,1,0,0,0,0,0,0,0,0,0,0,0,0,0,0,0,0,0,0]",127,7,7,0
cklr_m7_s69_252447808571c79f,252447808571c79f,7,25,69,592785643536432767,0.09,3,2,"[[0,0,0],[1,1,0],[1,2,2],[1,4,0],[2,0,0],[2,0,2],[2,1,2],[2,5,1],[3,0,2],[3,1,0],[3,4,0],[3,5,0],[5,3,0],[6,3,1],[6,4,1],[6,4,2]]",16,128,3825,"[1,1,1,1,1,1,1,0,0,0,0,0,0,0,0,0,0,0,0,0,0,0,0,0,0]",127,7,7,0
cklr_m7_s70_bb8ecc4ad8218505,bb8ecc4ad8218505,7,25,70,1460488368272163472,0.09,3,3,"[[1,1,0],[1,4,0],[2,2,0],[2,5,2],[3,1,2],[3,2,2],[3,3,1],[5,2,0],[6,0,1],[6,4,1]]",10,134,3975,"[1,1,1,1,1,1,1,0,0,0,0,0,0,0,0,0,0,0,0,0,0,0,0,0,0]",127,7,7,0
cklr_m7_s71_817c9a8942d8303d,817c9a8942d8303d,7,25,71,8433434839374036842,0.09,3,4,"[[0,0,0],[0,0,2],[0,2,0],[0,2,1],[2,0,2],[3,0,1],[3,4,2],[4,2,1],[4,2,2],[4,3,2],[5,3,1],[6,2,1],[6,2,2],[6,3,1],[6,5,1]]",15,129,3850,"[1,1,1,1,1,1,1,0,0,0,0,0,0,0,0,0,0,0,0,0,0,0,0,0,0]",127,7,7,0
cklr_m7_s72_326bf37e8d771f1a,326bf37e8d771f1a,7,25,72,3068012332200071909,0.09,3,5,"[[0,4,1],[0,5,2],[1,0,0],[1,0,1],[1,1,1],[1,2,1],[2,1,2],[3,0,1],[3,1,0],[4,3,0],[4,4,1],[4,4,2],[5,3,1],[5,3,2],[5,4,1]]",15,129,3850,"[1,1,1,1,1,1,1,0,0,0,0,0,0,0,0,0,0,0,0,0,0,0,0,0,0]",127,7,7,0
cklr_m7_s73_24d781bf9b442cde,24d781bf9b442cde,7,25,73,9117685028330860631,0.09,3,6,"[[0,5,0],[0,5,1],[3,5,2],[4,2,1],[5,0,0],[5,1,1],[5,2,1],[6,0,1]]",8,136,4025,"[1,1,1,1,1,1,1,0,0,0,0,0,0,0,0,0,0,0,0,0,0,0,0,0,0]",127,7,7,0
cklr_m7_s74_921d79ba0b455ea1,921d79ba0b455ea1,7,25,74,4227276425490591491,0.09,3,7,"[[0,3,0],[1,0,0],[1,3,1],[2,1,0],[3,0,2],[3,4,0],[3,4,1],[4,3,2],[4,4,2],[4,5,1],[5,3,1],[5,4,1],[5,5,1],[6,4,2]]",14,130,3875,"[1,1,1,1,1,1,1,0,0,0,0,0,0,0,0,0,0,0,0,0,0,0,0,0,0]",127,7,7,0
cklr_m7_s75_2a289e075a3b540d,2a289e075a3b540d,7,25,75,3295276017739608416,0.09,3,8,"[[1,0,1],[1,2,0],[3,5,0],[3,5,1],[3,5,2],[4,2,0],[5,4,1],[6,1,0],[6,2,0],[6,5,0]]",10,134,3975,"[1,1,1,1,1,1,1,0,0,0,0,0,0,0,0,0,0,0,0,0,0,0,0,0,0]",127,7,7,0
cklr_m7_s76_b0c6a7bb9a3a4ca5,b0c6a7bb9a3a4ca5,7,25,76,1318131623444788504,0.09,3,9,"[[0,3,2],[1,0,1],[1,3,1],[1,5,2],[2,0,2],[2,3,1],[2,5,0],[3,0,0],[3,4,1],[4,5,1],[5,3,1],[5,5,0],[5,5,2],[6,1,0],[6,3,0]]",15,129,3850,"[1,1,1,1,1,1,1,0,0,0,0,0,0,0,0,0,0,0,0,0,0,0,0,0,0]",127,7,7,0
cklr_m7_s77_b832f575c45b386c,b832f575c45b386c,7,25,77,8546701522154021617,0.09,3,10,"[[0,2,1],[1,2,2],[2,0,0],[2,4,2],[3,4,1],[3,5,0],[4,2,2],[5,1,2],[5,2,0],[5,4,2]]",10,134,3975,"[1,1,1,1,1,1,1,0,0,0,0,0,0,0,0,0,0,0,0,0,0,0,0,0,0]",127,7,7,0
cklr_m7_s78_05d798e444d94042,05d798e444d94042,7,25,78,4058555500586711946,0.09,3,11,"[[0,2,0],[1,0,2],[2,1,0],[2,3,0],[4,0,0],[4,0,2],[5,1,0],[5,4,1],[6,1,0]]",9,135,4000,"[1,1,1,1,1,1,1,0,0,0,0,0,0,0,0,0,0,0,0,0,0,0,0,0,0]",127,7,7,0
cklr_m7_s79_ab324a9a272bc181,ab324a9a272bc181,7,25,79,1771971991372090508,0.09,3,12,"[[0,1,0],[0,3,0],[0,3,2],[0,4,1],[1,2,1],[1,4,0],[2,0,0],[2,1,1],[3,0,0],[3,1,0],[3,2,1],[5,3,2],[6,0,1],[6,2,1]]",14,130,3875,"[1,1,1,1,1,1,1,0,0,0,0,0,0,0,0,0,0,0,0,0,0,0,0,0,0]",127,7,7,0
cklr_m7_s80_4deef4efce550193,4deef4efce550193,7,25,80,454417908542274553,0.09,3,13,"[[0,0,1],[0,2,0],[1,1,2],[2,5,2],[3,2,2],[4,0,2],[4,3,1],[4,4,1],[5,3,0],[5,3,2],[6,4,1],[6,4,2]]",12,132,3925,"[1,1,1,1,1,1,1,0,0,0,0,0,0,0,0,0,0,0,0,0,0,0,0,0,0]",127,7,7,0
cklr_m7_s81_411855dfc808f984,411855dfc808f984,7,25,81,8469206827755295477,0.09,3,14,"[[1,1,0],[1,3,0],[1,5,0],[1,5,1],[2,0,0],[2,4,1],[3,0,2],[4,3,1],[5,2,2],[5,3,0],[6,0,1],[6,1,0]]",12,132,3925,"[1,1,1,1,1,1,1,0,0,0,0,0,0,0,0,0,0,0,0,0,0,0,0,0,0]",127,7,7,0
cklr_m7_s82_a6a0b9f361fa2aac,a6a0b9f361fa2aac,7,25,82,6699165850463247373,0.09,3,15,"[[0,0,2],[1,2,0],[2,1,2],[2,2,1],[2,3,2],[2,5,0],[3,4,1],[4,1,0],[4,2,1]]",9,135,4000,"[1,1,1,1,1,1,1,0,0,0,0,0,0,0,0,0,0,0,0,0,0,0,0,0,0]",127,7,7,0
cklr_m7_s83_3e9853a9f83e6643,3e9853a9f83e6643,7,25,83,1462130131601466183,0.09,3,16,"[[0,1,1],[1,2,1],[1,3,2],[2,5,1],[3,1,2],[4,2,0],[4,3,0],[5,1,0],[5,5,0],[5,5,2],[6,0,2]]",11,133,3950,"[1,1,1,1,1,1,1,0,0,0,0,0,0,0,0,0,0,0,0,0,0,0,0,0,0]",127,7,7,0
cklr_m7_s84_a2ec4fbd32ffe8fc,a2ec4fbd32ffe8fc,7,25,84,3270359220686979157,0.11,4,1,"[[0,0,0],[0,1,1],[0,2,2],[0,4,2],[2,3,0],[2,5,1],[3,3,1],[3,3,2],[3,4,2],[4,0,0],[4,0,1],[4,3,2],[5,3,1],[5,5,0],[6,2,1],[6,4,1]]",16,128,3825,"[1,1,1,1,1,1,1,0,0,0,0,0,0,0,0,0,0,0,0,0,0,0,0,0,0]",127,7,7,0
cklr_m7_s85_6beb9a2906343b65,6beb9a2906343b65,7,25,85,6843784379492335260,0.11,4,2,"[[0,1,1],[0,2,2],[0,5,0],[2,0,1],[2,1,0],[2,3,1],[3,4,0],[4,0,2],[4,1,0],[4,4,0],[4,4,2],[4,5,1],[5,2,2],[5,3,2],[6,1,2],[6,4,1]]",16,128,3825,"[1,1,1,1,1,1,1,0,0,0,0,0,0,0,0,0,0,0,0,0,0,0,0,0,0]",127,7,7,0
cklr_m7_s86_89336bf236843e89,89336bf236843e89,7,25,86,4601434066340880438,0.11,4,3,"[[0,4,2],[1,0,2],[1,4,2],[2,1,2],[2,4,0],[3,3,1],[3,5,2],[4,5,0],[4,5,1],[5,4,0],[5,4,2],[6,0,0],[6,2,2],[6,4,0],[6,5,0]]",15,129,3850,"[1,1,1,1,1,1,1,0,0,0,0,0,0,0,0,0,0,0,0,0,0,0,0,0,0]",127,7,7,0
cklr_m7_s87_f09352a7b6867bbd,f09352a7b6867bbd,7,25,87,5328028348944540390,0.11,4,4,"[[0,2,0],[1,2,1],[1,3,0],[3,0,1],[3,4,0],[3,5,0],[5,1,2],[5,2,1],[6,0,1]]",9,135,4000,"[1,1,1,1,1,1,1,0,0,0,0,0,0,0,0,0,0,0,0,0,0,0,0,0,0]",127,7,7,0
cklr_m7_s88_1d3b2db150fb328d,1d3b2db150fb328d,7,25,88,8302079752280025855,0.11,4,5,"[[1,2,1],[1,4,1],[2,3,1],[3,0,0],[3,2,2],[3,5,0],[3,5,1],[4,4,0],[4,5,2],[5,0,0],[6,1,0],[6,4,2]]",12,132,3925,"[1,1,1,1,1,1,1,0,0,0,0,0,0,0,0,0,0,0,0,0,0,0,0,0,0]",127,7,7,0
cklr_m7_s89_63100a087178655c,63100a087178655c,7,25,89,9112635794269251827,0.11,4,6,"[[0,0,1],[0,2,0],[0,4,2],[0,5,1],[0,5,2],[1,0,1],[1,2,0],[1,5,0],[2,3,1],[2,4,0],[3,0,0],[3,0,1],[3,1,0],[4,5,0],[4,5,1],[5,1,2],[5,3,2],[6,0,2],[6,1,1]]",19,125,3750,"[1,1,1,1,1,1,1,0,0,0,0,0,0,0,0,0,0,0,0,0,0,0,0,0,0]",127,7,7,0
cklr_m7_s90_987d681f836bfe71,987d681f836bfe71,7,25,90,341942877435974331,0.11,4,7,"[[0,0,2],[0,1,0],[0,1,1],[0,1,2],[1,4,1],[2,2,1],[2,4,1],[3,2,2],[3,5,0],[4,2,0],[5,2,2],[5,4,2],[6,1,1],[6,3,0]]",14,130,3875,"[1,1,1,1,1,1,1,0,0,0,0,0,0,0,0,0,0,0,0,0,0,0,0,0,0]",127,7,7,0
cklr_m7_s91_471a97932db78485,471a97932db78485,7,25,91,2825217614785311680,0.11,4,8,"[[0,1,1],[0,2,2],[1,4,0],[2,1,0],[2,5,1],[3,2,2],[3,4,0],[4,2,2],[5,3,2],[6,0,0]]",10,134,3975,"[1,1,1,1,1,1,1,0,0,0,0,0,0,0,0,0,0,0,0,0,0,0,0,0,0]",127,7,7,0
cklr_m7_s92_e67369d78d8469cd,e67369d78d8469cd,7,25,92,1480006056847027074,0.11,4,9,"[[0,4,0],[1,1,2],[2,0,0],[2,5,1],[3,0,2],[3,3,1],[4,0,2],[4,5,2],[5,0,1],[5,0,2],[5,3,0],[5,4,0]]",12,132,3925,"[1,1,1,1,1,1,1,0,0,0,0,0,0,0,0,0,0,0,0,0,0,0,0,0,0]",127,7,7,0
cklr_m7_s93_a9bce86d08469cef,a9bce86d08469cef,7,25,93,364746018275764010,0.11,4,10,"[[0,4,1],[1,3,0],[1,5,2],[2,2,0],[2,3,2],[2,4,0],[3,1,2],[3,2,2],[4,0,2],[4,1,2],[4,2,2],[4,4,0],[6,1,2],[6,2,2]]",14,130,3875,"[1,1,1,1,1,1,1,0,0,0,0,0,0,0,0,0,0,0,0,0,0,0,0,0,0]",127,7,7,0
cklr_m7_s94_b389289943924e7c,b389289943924e7c,7,25,94,8856995239095256845,0.11,4,11,"[[0,4,2],[0,5,2],[1,3,0],[2,0,2],[2,2,1],[2,5,1],[4,1,2],[4,2,0],[4,3,0],[4,5,2],[5,0,2],[5,1,0],[5,1,1],[6,0,2],[6,1,1],[6,2,2],[6,3,1],[6,4,1]]",18,126,3775,"[1,1,1,1,1,1,1,0,0,0,0,0,0,0,0,0,0,0,0,0,0,0,0,0,0]",127,7,7,0
cklr_m7_s95_01586ea0feabda21,01586ea0feabda21,7,25,95,1255443224798409481,0.11,4,12,"[[0,2,0],[0,2,2],[0,5,0],[1,4,0],[1,4,1],[3,0,0],[3,2,0],[3,3,0],[3,3,2],[4,2,1],[4,4,2],[4,5,0],[5,0,2],[5,2,0],[6,2,0],[6,3,0],[6,4,0],[6,4,1],[6,4,2]]",19,125,3750,"[1,1,1,1,1,1,1,0,0,0,0,0,0,0,0,0,0,0,0,0,0,0,0,0,0]",127,7,7,0
cklr_m7_s96_ecd307d20df0e467,ecd307d20df0e467,7,25,96,5655850628849618282,0.11,4,13,"[[0,0,1],[0,5,2],[1,1,1],[1,2,2],[3,1,1],[3,3,2],[3,4,2],[3,5,1],[5,3,1],[5,4,1],[5,5,2],[6,2,0],[6,5,1]]",13,131,3900,"[1,1,1,1,1,1,1,0,0,0,0,0,0,0,0,0,0,0,0,0,0,0,0,0,0]",127,7,7,0
cklr_m7_s97_417eb2327528c6a5,417eb2327528c6a5,7,25,97,174737277896354987,0.11,4,14,"[[0,0,1],[0,0,2],[0,4,1],[1,4,0],[2,1,0],[2,2,0],[2,5,1],[3,3,0],[3,5,2],[4,3,2],[5,2,2],[6,5,1]]",12,132,3925,"[1,1,1,1,1,1,1,0,0,0,0,0,0,0,0,0,0,0,0,0,0,0,0,0,0]",127,7,7,0
cklr_m7_s98_ee3620db58e701a4,ee3620db58e701a4,7,25,98,2902887447385653948,0.11,4,15,"[[0,1,0],[0,4,2],[0,5,0],[0,5,1],[1,0,0],[1,3,0],[2,1,0],[2,3,1],[2,5,2],[3,3,0],[4,1,2],[4,3,1],[4,3,2],[5,1,0],[5,5,1],[6,4,2],[6,5,1]]",17,127,3800,"[1,1,1,1,1,1,1,0,0,0,0,0,0,0,0,0,0,0,0,0,0,0,0,0,0]",127,7,7,0
cklr_m7_s99_bf05e18274f3bb7d,bf05e18274f3bb7d,7,25,99,8931002984682812014,0.11,4,16,"[[0,1,0],[0,1,1],[2,1,1],[2,3,0],[2,4,0],[3,4,2],[4,0,1],[4,0,2],[4,1,1],[4,2,2],[5,2,2],[6,0,0],[6,1,1],[6,4,2]]",14,130,3875,"[1,1,1,1,1,1,1,0,0,0,0,0,0,0,0,0,0,0,0,0,0,0,0,0,0]",127,7,7,0
cklr_m7_s100_2e7fdd8ddc067cb8,2e7fdd8ddc067cb8,7,25,100,2952167692217014684,0.03,0,1,"[[1,4,0],[1,4,2],[3,2,0]]",3,141,4150,"[1,1,1,1,1,1,1,0,0,0,0,0,0,0,0,0,0,0,0,0,0,0,0,0,0]",127,7,7,0
cklr_m7_s101_591251c3a0f59e76,591251c3a0f59e76,7,25,101,5294678294765243153,0.03,0,2,"[[6,3,1]]",1,143,4200,"[1,1,1,1,1,1,1,0,0,0,0,0,0,0,0,0,0,0,0,0,0,0,0,0,0]",127,7,7,0
cklr_m7_s102_9b8886e7a13bbbb3,9b8886e7a13bbbb3,7,25,102,8481135343251702816,0.03,0,3,"[[0,5,0],[1,2,2],[4,4,2]]",3,141,4150,"[1,1,1,1,1,1,1,0,0,0,0,0,0,0,0,0,0,0,0,0,0,0,0,0,0]",127,7,7,0
cklr_m7_s103_8371dd5e366d788a,8371dd5e366d788a,7,25,103,6088338389525701056,0.03,0,4,"[[0,2,1],[0,2,2],[0,5,0],[3,3,0],[3,4,2],[4,1,2]]",6,138,4075,"[1,1,1,1,1,1,1,0,0,0,0,0,0,0,0,0,0,0,0,0,0,0,0,0,0]",127,7,7,0
cklr_m7_s104_75ba1d031cf83ceb,75ba1d031cf83ceb,7,25,104,347340635497995421,0.03,0,5,"[[0,4,2],[1,5,0],[2,1,1],[2,2,0],[3,1,1],[5,1,0],[6,4,1]]",7,137,4050,"[1,1,1,1,1,1,1,0,0,0,0,0,0,0,0,0,0,0,0,0,0,0,0,0,0]",127,7,7,0
cklr_m7_s105_04efc553daf844b0,04efc553daf844b0,7,25,105,8724301499394294165,0.03,0,6,"[[1,3,0],[4,5,0],[5,2,0]]",3,141,4150,"[1,1,1,1,1,1,1,0,0,0,0,0,0,0,0,0,0,0,0,0,0,0,0,0,0]",127,7,7,0
cklr_m7_s106_36ab32d148aa96f2,36ab32d148aa96f2,7,25,106,1303729364867718631,0.03,0,7,"[[0,1,0],[0,2,2],[1,1,0],[4,1,1],[6,2,0]]",5,139,4100,"[1,1,1,1,1,1,1,0,0,0,0,0,0,0,0,0,0,0,0,0,0,0,0,0,0]",127,7,7,0
cklr_m7_s107_c5126d8cc7fe4d1f,c5126d8cc7fe4d1f,7,25,107,874427594102583005,0.03,0,8,"[[1,0,2],[1,4,1],[3,5,1],[6,4,0]]",4,140,4125,"[1,1,1,1,1,1,1,0,0,0,0,0,0,0,0,0,0,0,0,0,0,0,0,0,0]",127,7,7,0
cklr_m7_s108_5333a37b21896920,5333a37b21896920,7,25,108,3235455769401770649,0.03,0,9,"[[3,1,2]]",1,143,4200,"[1,1,1,1,1,1,1,0,0,0,0,0,0,0,0,0,0,0,0,0,0,0,0,0,0]",127,7,7,0
cklr_m7_s109_1698395303fd1762,1698395303fd1762,7,25,109,5124392698977880432,0.03,0,10,"[[1,4,1],[2,1,2]]",2,142,4175,"[1,1,1,1,1,1,1,0,0,0,0,0,0,0,0,0,0,0,0,0,0,0,0,0,0]",127,7,7,0
cklr_m7_s110_2aec8080a3c75648,2aec8080a3c75648,7,25,110,4018437018145590140,0.03,0,11,"[[4,2,2],[6,0,0]]",2,142,4175,"[1,1,1,1,1,1,1,0,0,0,0,0,0,0,0,0,0,0,0,0,0,0,0,0,0]",127,7,7,0
cklr_m7_s111_f7d9b9f621ed2e0a,f7d9b9f621ed2e0a,7,25,111,924908946073217456,0.03,0,12,"[[0,3,2],[1,0,2],[1,1,1],[5,3,2],[6,4,0],[6,4,1]]",6,138,4075,"[1,1,1,1,1,1,1,0,0,0,0,0,0,0,0,0,0,0,0,0,0,0,0,0,0]",127,7,7,0
cklr_m7_s112_25311208948e5f94,25311208948e5f94,7,25,112,4769218395494010657,0.03,0,13,"[[3,0,1],[6,5,0]]",2,142,4175,"[1,1,1,1,1,1,1,0,0,0,0,0,0,0,0,0,0,0,0,0,0,0,0,0,0]",127,7,7,0
cklr_m7_s113_284ca69ba262eb46,284ca69ba262eb46,7,25,113,4692243634231424122,0.03,0,14,"[[0,5,2],[2,1,0],[2,4,2],[3,3,1]]",4,140,4125,"[1,1,1,1,1,1,1,0,0,0,0,0,0,0,0,0,0,0,0,0,0,0,0,0,0]",127,7,7,0
cklr_m7_s114_53fbafa065d962b3,53fbafa065d962b3,7,25,114,4768835545917906818,0.03,0,15,"[[1,1,0],[5,1,2]]",2,142,4175,"[1,1,1,1,1,1,1,0,0,0,0,0,0,0,0,0,0,0,0,0,0,0,0,0,0]",127,7,7,0
cklr_m7_s115_8876252ec60590f8,8876252ec60590f8,7,25,115,3926019649667993349,0.03,0,16,"[[2,2,0],[2,2,2],[4,4,0],[5,1,0],[6,0,2]]",5,139,4100,"[1,1,1,1,1,1,1,0,0,0,0,0,0,0,0,0,0,0,0,0,0,0,0,0,0]",127,7,7,0
cklr_m7_s116_0ac63f5606292541,0ac63f5606292541,7,25,116,7737481773824276592,0.03,0,17,"[[0,1,2],[3,4,2],[6,3,0]]",3,141,4150,"[1,1,1,1,1,1,1,0,0,0,0,0,0,0,0,0,0,0,0,0,0,0,0,0,0]",127,7,7,0
cklr_m7_s117_5405b4596aae4426,5405b4596aae4426,7,25,117,227089778427000854,0.03,0,18,"[[3,2,0],[4,1,1],[6,4,0]]",3,141,4150,"[1,1,1,1,1,1,1,0,0,0,0,0,0,0,0,0,0,0,0,0,0,0,0,0,0]",127,7,7,0
cklr_m7_s118_1149b791de089131,1149b791de089131,7,25,118,6151071728667697397,0.03,0,19,"[[1,0,1],[1,1,0],[1,4,0],[3,3,2],[3,5,1],[4,0,0]]",6,138,4075,"[1,1,1,1,1,1,1,0,0,0,0,0,0,0,0,0,0,0,0,0,0,0,0,0,0]",127,7,7,0
cklr_m7_s119_fcf08fad279d02a0,fcf08fad279d02a0,7,25,119,6744293434129887817,0.03,0,20,"[[5,4,2],[6,5,1]]",2,142,4175,"[1,1,1,1,1,1,1,0,0,0,0,0,0,0,0,0,0,0,0,0,0,0,0,0,0]",127,7,7,0
cklr_m7_s120_64c4c89dbec70818,64c4c89dbec70818,7,25,120,2280427961887984286,0.05,1,1,"[[0,2,1],[1,0,1],[1,3,1],[1,5,2],[2,1,2],[4,5,1]]",6,138,4075,"[1,1,1,1,1,1,1,0,0,0,0,0,0,0,0,0,0,0,0,0,0,0,0,0,0]",127,7,7,0
cklr_m7_s121_ee509bc9b6f45972,ee509bc9b6f45972,7,25,121,7365821755700702503,0.05,1,2,"[[3,1,1],[3,1,2],[4,1,0],[4,1,2],[5,3,1],[6,5,0]]",6,138,4075,"[1,1,1,1,1,1,1,0,0,0,0,0,0,0,0,0,0,0,0,0,0,0,0,0,0]",127,7,7,0
cklr_m7_s122_c5f68e5db797ede1,c5f68e5db797ede1,7,25,122,7507216511991399086,0.05,1,3,"[[2,4,1],[3,1,2],[3,2,0],[5,3,0],[5,4,0]]",5,139,4100,"[1,1,1,1,1,1,1,0,0,0,0,0,0,0,0,0,0,0,0,0,0,0,0,0,0]",127,7,7,0
cklr_m7_s123_261c91e434a8b456,261c91e434a8b456,7,25,123,7510533124330642021,0.05,1,4,"[[0,4,2],[4,3,0],[6,0,2],[6,3,0]]",4,140,4125,"[1,1,1,1,1,1,1,0,0,0,0,0,0,0,0,0,0,0,0,0,0,0,0,0,0]",127,7,7,0
cklr_m7_s124_8da5693225735041,8da5693225735041,7,25,124,2283632171785474943,0.05,1,5,"[[0,3,1],[2,1,1],[2,1,2],[2,2,1],[3,0,0],[3,1,2],[3,3,1],[4,3,1],[5,1,0]]",9,135,4000,"[1,1,1,1,1,1,1,0,0,0,0,0,0,0,0,0,0,0,0,0,0,0,0,0,0]",127,7,7,0
cklr_m7_s125_230fc887beecfe0c,230fc887beecfe0c,7,25,125,941063040864949886,0.05,1,6,"[[0,5,0],[1,2,1],[2,0,1],[2,1,2],[3,4,1],[6,0,2],[6,1,1],[6,3,2]]",8,136,4025,"[1,1,1,1,1,1,1,0,0,0,0,0,0,0,0,0,0,0,0,0,0,0,0,0,0]",127,7,7,0
cklr_m7_s126_d529f00c2c0cc4f8,d529f00c2c0cc4f8,7,25,126,3088146716766809665,0.05,1,7,"[[0,3,0],[0,4,2],[1,2,2],[2,5,1],[3,1,2],[4,4,0],[4,5,2],[6,4,0],[6,5,0]]",9,135,4000,"[1,1,1,1,1,1,1,0,0,0,0,0,0,0,0,0,0,0,0,0,0,0,0,0,0]",127,7,7,0
cklr_m7_s127_56b0acb80873ca18,56b0acb80873ca18,7,25,127,1395172702399054368,0.05,1,8,"[[2,1,2],[4,0,2],[4,3,0],[4,4,2],[5,0,0],[5,5,0],[6,5,2]]",7,137,4050,"[1,1,1,1,1,1,1,0,0,0,0,0,0,0,0,0,0,0,0,0,0,0,0,0,0]",127,7,7,0
cklr_m7_s128_95dd7fe0b9035251,95dd7fe0b9035251,7,25,128,7161034141741333027,0.05,1,9,"[[1,1,1],[1,3,2],[4,0,2],[5,0,1],[5,3,1],[6,2,0],[6,5,2]]",7,137,4050,"[1,1,1,1,1,1,1,0,0,0,0,0,0,0,0,0,0,0,0,0,0,0,0,0,0]",127,7,7,0
cklr_m7_s129_aad778ccfe085f10,aad778ccfe085f10,7,25,129,1209209948331723590,0.05,1,10,"[[1,1,1],[2,1,1],[4,4,0]]",3,141,4150,"[1,1,1,1,1,1,1,0,0,0,0,0,0,0,0,0,0,0,0,0,0,0,0,0,0]",127,7,7,0
cklr_m7_s130_37a95905e84c4fa7,37a95905e84c4fa7,7,25,130,6090004319842555717,0.05,1,11,"[[1,2,0],[3,2,2],[3,5,0],[4,1,0],[6,2,1]]",5,139,4100,"[1,1,1,1,1,1,1,0,0,0,0,0,0,0,0,0,0,0,0,0,0,0,0,0,0]",127,7,7,0
cklr_m7_s131_e3850ae043f47695,e3850ae043f47695,7,25,131,3290121202832362458,0.05,1,12,"[[2,1,2],[2,3,0],[4,2,0]]",3,141,4150,"[1,1,1,1,1,1,1,0,0,0,0,0,0,0,0,0,0,0,0,0,0,0,0,0,0]",127,7,7,0
cklr_m7_s132_21681f51ee223e02,21681f51ee223e02,7,25,132,6359234778353451505,0.05,1,13,"[[0,1,0],[2,5,1],[3,3,1],[5,1,2],[5,4,1],[6,0,1],[6,0,2],[6,4,0]]",8,136,4025,"[1,1,1,1,1,1,1,0,0,0,0,0,0,0,0,0,0,0,0,0,0,0,0,0,0]",127,7,7,0
cklr_m7_s133_8a7aa025e83fb33f,8a7aa025e83fb33f,7,25,133,104870636998435976,0.05,1,14,"[[0,1,0],[0,3,1],[0,5,2],[1,2,0],[2,0,0],[3,4,1],[4,1,0],[5,1,1],[6,2,0]]",9,135,4000,"[1,1,1,1,1,1,1,0,0,0,0,0,0,0,0,0,0,0,0,0,0,0,0,0,0]",127,7,7,0
cklr_m7_s134_2b4667633c63a548,2b4667633c63a548,7,25,134,2535857759560701645,0.05,1,15,"[[0,3,1],[1,5,1],[5,1,2],[6,1,2],[6,3,0]]",5,139,4100,"[1,1,1,1,1,1,1,0,0,0,0,0,0,0,0,0,0,0,0,0,0,0,0,0,0]",127,7,7,0
cklr_m7_s135_c9f86da7b7de3e32,c9f86da7b7de3e32,7,25,135,612682804785465570,0.05,1,16,"[[0,1,1],[4,5,0],[5,1,0],[5,2,1]]",4,140,4125,"[1,1,1,1,1,1,1,0,0,0,0,0,0,0,0,0,0,0,0,0,0,0,0,0,0]",127,7,7,0
cklr_m7_s136_2a1b6996b89a25f7,2a1b6996b89a25f7,7,25,136,6931262046210052943,0.05,1,17,"[[0,4,1],[0,5,0],[2,0,0],[4,0,0],[5,4,0],[6,5,2]]",6,138,4075,"[1,1,1,1,1,1,1,0,0,0,0,0,0,0,0,0,0,0,0,0,0,0,0,0,0]",127,7,7,0
cklr_m7_s137_a9987822810858b0,a9987822810858b0,7,25,137,7790728178617356368,0.05,1,18,"[[6,3,0]]",1,143,4200,"[1,1,1,1,1,1,1,0,0,0,0,0,0,0,0,0,0,0,0,0,0,0,0,0,0]",127,7,7,0
cklr_m7_s138_d2169673e1777fc4,d2169673e1777fc4,7,25,138,8560842083911364266,0.05,1,19,"[[0,4,1],[2,0,1],[2,2,1],[3,0,1],[4,2,1],[4,5,1],[5,3,1],[5,3,2]]",8,136,4025,"[1,1,1,1,1,1,1,0,0,0,0,0,0,0,0,0,0,0,0,0,0,0,0,0,0]",127,7,7,0
cklr_m7_s139_608d1c29f0877d84,608d1c29f0877d84,7,25,139,8759130922264507909,0.05,1,20,"[[0,3,0],[0,3,1],[0,4,1],[2,4,0],[5,3,1],[6,4,0]]",6,138,4075,"[1,1,1,1,1,1,1,0,0,0,0,0,0,0,0,0,0,0,0,0,0,0,0,0,0]",127,7,7,0
cklr_m7_s140_f13423b9d72a2b2e,f13423b9d72a2b2e,7,25,140,6031989338983663409,0.07,2,1,"[[0,4,0],[1,0,0],[1,3,0],[2,2,0],[2,2,2],[3,2,1],[5,1,0],[6,0,1],[6,1,1]]",9,135,4000,"[1,1,1,1,1,1,1,0,0,0,0,0,0,0,0,0,0,0,0,0,0,0,0,0,0]",127,7,7,0
cklr_m7_s141_7bf6e80af61d8c27,7bf6e80af61d8c27,7,25,141,6848165885360262230,0.07,2,2,"[[0,2,0],[0,2,2],[5,0,1],[5,3,1],[6,1,0],[6,3,2],[6,5,2]]",7,137,4050,"[1,1,1,1,1,1,1,0,0,0,0,0,0,0,0,0,0,0,0,0,0,0,0,0,0]",127,7,7,0
cklr_m7_s142_820ca061c002fd19,820ca061c002fd19,7,25,142,8382943946244528616,0.07,2,3,"[[0,4,2],[1,3,1],[1,4,0],[2,1,1],[2,3,1],[3,2,1],[4,0,1],[4,4,1],[5,1,1],[5,3,2]]",10,134,3975,"[1,1,1,1,1,1,1,0,0,0,0,0,0,0,0,0,0,0,0,0,0,0,0,0,0]",127,7,7,0
cklr_m7_s143_9da8edff428d8671,9da8edff428d8671,7,25,143,9050286458904785236,0.07,2,4,"[[0,4,0],[0,5,0],[1,0,2],[1,4,1],[1,5,1],[3,5,0],[4,1,1],[4,4,0],[6,1,0],[6,1,2]]",10,134,3975,"[1,1,1,1,1,1,1,0,0,0,0,0,0,0,0,0,0,0,0,0,0,0,0,0,0]",127,7,7,0
cklr_m7_s144_872327c61b30bb34,872327c61b30bb34,7,25,144,6266458847432463023,0.07,2,5,"[[0,1,0],[1,2,0],[4,1,0],[4,1,2],[4,2,1],[5,0,1],[5,2,1],[5,2,2],[6,2,2],[6,5,0]]",10,134,3975,"[1,1,1,1,1,1,1,0,0,0,0,0,0,0,0,0,0,0,0,0,0,0,0,0,0]",127,7,7,0
cklr_m7_s145_91c7cfbe13277aea,91c7cfbe13277aea,7,25,145,2321799542570700760,0.07,2,6,"[[0,1,0],[1,3,2],[1,5,2],[3,0,1],[3,1,2],[3,4,0],[4,5,2],[5,0,1],[6,2,0],[6,3,0]]",10,134,3975,"[1,1,1,1,1,1,1,0,0,0,0,0,0,0,0,0,0,0,0,0,0,0,0,0,0]",127,7,7,0
cklr_m7_s146_53484622fbb72f95,53484622fbb72f95,7,25,146,5082075760040622611,0.07,2,7,"[[1,1,2],[1,3,0],[2,0,2],[3,2,0],[3,2,2],[3,4,0],[3,5,0],[5,0,0],[5,1,1],[5,4,1],[6,5,1]]",11,133,3950,"[1,1,1,1,1,1,1,0,0,0,0,0,0,0,0,0,0,0,0,0,0,0,0,0,0]",127,7,7,0
cklr_m7_s147_0f84bf431915b511,0f84bf431915b511,7,25,147,5100869102777368476,0.07,2,8,"[[0,3,1],[1,5,2],[3,3,0],[5,0,2],[5,4,0]]",5,139,4100,"[1,1,1,1,1,1,1,0,0,0,0,0,0,0,0,0,0,0,0,0,0,0,0,0,0]",127,7,7,0
cklr_m7_s148_bb72ae42ef48ec3c,bb72ae42ef48ec3c,7,25,148,3349204548641808495,0.07,2,9,"[[0,0,0],[0,2,2],[2,0,0],[2,1,0],[2,5,2],[3,4,1],[4,5,1],[5,5,2]]",8,136,4025,"[1,1,1,1,1,1,1,0,0,0,0,0,0,0,0,0,0,0,0,0,0,0,0,0,0]",127,7,7,0
cklr_m7_s149_c14333900eaeef24,c14333900eaeef24,7,25,149,6361161670802694393,0.07,2,10,"[[0,0,2],[0,2,0],[0,4,0],[1,1,0],[2,1,1],[2,2,1],[2,3,2],[3,1,0],[4,0,2],[4,3,0],[5,0,0],[5,1,0],[5,1,2]]",13,131,3900,"[1,1,1,1,1,1,1,0,0,0,0,0,0,0,0,0,0,0,0,0,0,0,0,0,0]",127,7,7,0
cklr_m7_s150_5db0a6d32caa20ee,5db0a6d32caa20ee,7,25,150,3959902784920621004,0.07,2,11,"[[0,1,2],[0,2,2],[0,4,1],[3,0,1],[3,2,1],[4,3,2],[5,1,1],[5,2,0],[5,3,0],[6,3,0]]",10,134,3975,"[1,1,1,1,1,1,1,0,0,0,0,0,0,0,0,0,0,0,0,0,0,0,0,0,0]",127,7,7,0
cklr_m7_s151_62e05ac2e8938dd3,62e05ac2e8938dd3,7,25,151,5825331589401211995,0.07,2,12,"[[0,3,0],[0,3,1],[0,5,2],[1,2,0],[1,4,1],[2,1,0],[2,1,2],[2,2,2],[3,3,0],[4,0,0],[4,0,2],[4,3,1],[4,5,2],[5,0,2],[6,2,2],[6,3,2]]",16,128,3825,"[1,1,1,1,1,1,1,0,0,0,0,0,0,0,0,0,0,0,0,0,0,0,0,0,0]",127,7,7,0
cklr_m7_s152_397d59df13785281,397d59df13785281,7,25,152,8060776193420106727,0.07,2,13,"[[1,3,0],[1,4,2],[2,3,1],[3,3,0],[4,2,0],[4,3,1],[4,4,2],[4,5,1],[5,5,1],[6,5,0]]",10,134,3975,"[1,1,1,1,1,1,1,0,0,0,0,0,0,0,0,0,0,0,0,0,0,0,0,0,0]",127,7,7,0
cklr_m7_s153_e0ffbfa63f1858ec,e0ffbfa63f1858ec,7,25,153,63863420687218362,0.07,2,14,"[[0,4,0],[0,5,0],[0,5,1],[2,5,1],[3,3,2],[3,4,2],[4,3,2],[5,1,0],[6,2,1],[6,4,1],[6,4,2]]",11,133,3950,"[1,1,1,1,1,1,1,0,0,0,0,0,0,0,0,0,0,0,0,0,0,0,0,0,0]",127,7,7,0
cklr_m7_s154_63ea9fee5ae9dd53,63ea9fee5ae9dd53,7,25,154,8408775940908743025,0.07,2,15,"[[1,0,1],[1,2,0],[3,4,0],[5,2,0],[5,3,2],[5,5,2],[6,4,2]]",7,137,4050,"[1,1,1,1,1,1,1,0,0,0,0,0,0,0,0,0,0,0,0,0,0,0,0,0,0]",127,7,7,0
cklr_m7_s155_12f48c0f613cc67c,12f48c0f613cc67c,7,25,155,5273492269545704322,0.07,2,16,"[[0,0,0],[0,2,1],[1,2,1],[1,3,0],[1,4,2],[2,2,2],[2,3,0],[5,3,2],[6,4,2]]",9,135,4000,"[1,1,1,1,1,1,1,0,0,0,0,0,0,0,0,0,0,0,0,0,0,0,0,0,0]",127,7,7,0
cklr_m7_s156_38f1ad8a0cfd8ff4,38f1ad8a0cfd8ff4,7,25,156,4097716686907987295,0.07,2,17,"[[0,2,1],[0,4,1],[0,4,2],[1,3,2],[1,4,2],[3,5,2],[4,4,2],[5,0,0],[5,4,2],[6,0,0],[6,3,0]]",11,133,3950,"[1,1,1,1,1,1,1,0,0,0,0,0,0,0,0,0,0,0,0,0,0,0,0,0,0]",127,7,7,0
cklr_m7_s157_f5891ba2e570cc82,f5891ba2e570cc82,7,25,157,5990958004822240575,0.07,2,18,"[[0,4,2],[1,4,2],[2,0,2],[2,1,2],[3,0,2],[3,2,1],[3,2,2],[3,4,0],[4,3,2],[4,4,1],[4,4,2],[5,3,1],[6,2,1],[6,4,1],[6,5,2]]",15,129,3850,"[1,1,1,1,1,1,1,0,0,0,0,0,0,0,0,0,0,0,0,0,0,0,0,0,0]",127,7,7,0
cklr_m7_s158_640fde4672a1723d,640fde4672a1723d,7,25,158,2306595855351709598,0.07,2,19,"[[0,5,1],[0,5,2],[1,4,0],[5,3,1],[6,0,0],[6,5,2]]",6,138,4075,"[1,1,1,1,1,1,1,0,0,0,0,0,0,0,0,0,0,0,0,0,0,0,0,0,0]",127,7,7,0
cklr_m7_s159_4a0e69dc1ea59f0e,4a0e69dc1ea59f0e,7,25,159,9136941592014920284,0.07,2,20,"[[0,5,2],[1,0,0],[2,1,1],[2,2,1],[2,3,1],[2,4,2],[4,0,0],[4,0,2],[5,2,0],[5,4,1],[6,2,0]]",11,133,3950,"[1,1,1,1,1,1,1,0,0,0,0,0,0,0,0,0,0,0,0,0,0,0,0,0,0]",127,7,7,0
cklr_m7_s160_d3531b8df7588e13,d3531b8df7588e13,7,25,160,264986140614108782,0.09,3,1,"[[0,0,0],[2,0,0],[3,0,0],[3,1,2],[3,2,0],[4,5,0],[5,0,0],[5,4,1],[6,0,0],[6,4,0]]",10,134,3975,"[1,1,1,1,1,1,1,0,0,0,0,0,0,0,0,0,0,0,0,0,0,0,0,0,0]",127,7,7,0
cklr_m7_s161_296015a0eb7fdfdf,296015a0eb7fdfdf,7,25,161,201568297174736299,0.09,3,2,"[[0,1,0],[0,2,0],[0,5,2],[1,0,2],[1,1,2],[1,3,2],[1,4,1],[2,0,1],[3,0,0],[4,5,0],[5,0,2],[5,4,1],[6,3,0],[6,4,1]]",14,130,3875,"[1,1,1,1,1,1,1,0,0,0,0,0,0,0,0,0,0,0,0,0,0,0,0,0,0]",127,7,7,0
cklr_m7_s162_c7fb30a70f416479,c7fb30a70f416479,7,25,162,3933123714322201325,0.09,3,3,"[[0,1,0],[0,3,0],[0,5,0],[1,0,1],[1,1,2],[1,3,0],[1,3,1],[2,2,2],[2,3,0],[2,5,1],[4,3,0],[5,2,0],[5,3,2],[5,5,2]]",14,130,3875,"[1,1,1,1,1,1,1,0,0,0,0,0,0,0,0,0,0,0,0,0,0,0,0,0,0]",127,7,7,0
cklr_m7_s163_ded12d214c533009,ded12d214c533009,7,25,163,6101223589008846760,0.09,3,4,"[[0,0,0],[0,2,0],[0,5,2],[1,2,2],[1,3,0],[1,4,0],[2,0,0],[2,0,2],[2,3,2],[2,4,0],[2,4,1],[2,5,1],[3,2,0],[3,2,1],[3,4,2],[4,0,0],[4,4,0],[4,4,1],[5,1,2],[5,2,0],[5,5,1],[6,0,1],[6,2,2]]",23,121,3650,"[1,1,1,1,1,1,1,0,0,0,0,0,0,0,0,0,0,0,0,0,0,0,0,0,0]",127,7,7,0
cklr_m7_s164_ccec01d2af4a2cd0,ccec01d2af4a2cd0,7,25,164,8619638182744945430,0.09,3,5,"[[0,0,0],[0,1,2],[0,3,1],[0,4,1],[0,5,0],[1,0,0],[1,1,0],[1,1,2],[1,2,1],[1,5,0],[2,4,0],[2,5,0],[3,1,2],[3,5,1],[5,0,2],[5,3,0],[6,3,0],[6,3,1],[6,3,2]]",19,125,3750,"[1,1,1,1,1,1,1,0,0,0,0,0,0,0,0,0,0,0,0,0,0,0,0,0,0]",127,7,7,0
cklr_m7_s165_3a8983482b6276ee,3a8983482b6276ee,7,25,165,3230308104023556581,0.09,3,6,"[[0,1,1],[0,5,1],[1,2,1],[1,5,0],[2,1,0],[4,2,1],[5,3,1],[6,2,0],[6,3,1],[6,5,0]]",10,134,3975,"[1,1,1,1,1,1,1,0,0,0,0,0,0,0,0,0,0,0,0,0,0,0,0,0,0]",127,7,7,0
cklr_m7_s166_3a95bd72e712436f,3a95bd72e712436f,7,25,166,173745667373540110,0.09,3,7,"[[0,5,2],[3,1,1],[4,1,1],[4,2,1],[4,4,0],[4,5,0],[5,3,0],[5,5,2],[6,0,2],[6,4,0]]",10,134,3975,"[1,1,1,1,1,1,1,0,0,0,0,0,0,0,0,0,0,0,0,0,0,0,0,0,0]",127,7,7,0
cklr_m7_s167_f2df2505f2b0b868,f2df2505f2b0b868,7,25,167,7896103065243337845,0.09,3,8,"[[0,1,0],[0,5,1],[1,0,1],[1,1,2],[1,3,2],[3,0,1],[3,0,2],[4,2,1],[5,1,1],[5,3,2],[5,5,0],[6,1,2]]",12,132,3925,"[1,1,1,1,1,1,1,0,0,0,0,0,0,0,0,0,0,0,0,0,0,0,0,0,0]",127,7,7,0
cklr_m7_s168_04a227de24f53468,04a227de24f53468,7,25,168,6492475820193900898,0.09,3,9,"[[1,0,1],[1,2,2],[1,3,2],[2,5,0],[3,1,1],[4,2,0],[4,5,1],[4,5,2],[5,3,0],[5,3,2],[5,4,2],[6,5,1]]",12,132,3925,"[1,1,1,1,1,1,1,0,0,0,0,0,0,0,0,0,0,0,0,0,0,0,0,0,0]",127,7,7,0
cklr_m7_s169_e694e5a6bdf9d5af,e694e5a6bdf9d5af,7,25,169,3834155433898191896,0.09,3,10,"[[0,0,2],[0,3,1],[0,4,1],[1,0,2],[1,2,2],[3,0,2],[3,4,1],[4,4,1],[6,4,2]]",9,135,4000,"[1,1,1,1,1,1,1,0,0,0,0,0,0,0,0,0,0,0,0,0,0,0,0,0,0]",127,7,7,0
cklr_m7_s170_5e0826113a182c79,5e0826113a182c79,7,25,170,9147535719465733640,0.09,3,11,"[[1,0,1],[2,5,1],[3,0,2],[3,1,0],[4,2,0],[4,4,0],[5,1,1],[6,0,0],[6,1,2],[6,2,2],[6,3,1],[6,4,1]]",12,132,3925,"[1,1,1,1,1,1,1,0,0,0,0,0,0,0,0,0,0,0,0,0,0,0,0,0,0]",127,7,7,0
cklr_m7_s171_150ae3612158dda0,150ae3612158dda0,7,25,171,4229991787526753084,0.09,3,12,"[[0,0,1],[0,3,2],[0,4,2],[3,0,0],[5,0,1],[5,5,1],[6,0,0],[6,2,1]]",8,136,4025,"[1,1,1,1,1,1,1,0,0,0,0,0,0,0,0,0,0,0,0,0,0,0,0,0,0]",127,7,7,0
cklr_m7_s172_0750d1e85363ca03,0750d1e85363ca03,7,25,172,7951471052813734286,0.09,3,13,"[[0,0,0],[0,3,1],[1,1,0],[1,1,1],[2,3,1],[4,3,2],[4,5,0],[5,5,0],[6,3,2],[6,4,1]]",10,134,3975,"[1,1,1,1,1,1,1,0,0,0,0,0,0,0,0,0,0,0,0,0,0,0,0,0,0]",127,7,7,0
cklr_m7_s173_1b7616b6d8a47713,1b7616b6d8a47713,7,25,173,8900139399372899869,0.09,3,14,"[[0,5,2],[1,2,2],[2,0,0],[2,1,1],[2,5,0],[3,0,2],[3,2,1],[3,5,2],[4,2,1],[4,3,1],[6,3,2]]",11,133,3950,"[1,1,1,1,1,1,1,0,0,0,0,0,0,0,0,0,0,0,0,0,0,0,0,0,0]",127,7,7,0
cklr_m7_s174_6bb192ed7aabb244,6bb192ed7aabb244,7,25,174,4030817713096158796,0.09,3,15,"[[0,2,1],[1,0,0],[1,0,1],[2,0,1],[2,1,1],[2,2,2],[2,5,1],[3,2,2],[3,3,0],[3,4,0],[3,5,2],[4,0,0],[4,3,0],[4,4,1],[5,1,0],[5,2,1],[5,4,0],[6,0,2],[6,1,2],[6,4,2]]",20,124,3725,"[1,1,1,1,1,1,1,0,0,0,0,0,0,0,0,0,0,0,0,0,0,0,0,0,0]",127,7,7,0
cklr_m7_s175_cd4922b4d6fcbfc3,cd4922b4d6fcbfc3,7,25,175,2114628171829578019,0.09,3,16,"[[0,1,1],[0,1,2],[1,1,1],[1,1,2],[3,2,1],[4,1,0],[4,2,2],[5,0,2],[5,1,1],[5,3,2],[6,3,2]]",11,133,3950,"[1,1,1,1,1,1,1,0,0,0,0,0,0,0,0,0,0,0,0,0,0,0,0,0,0]",127,7,7,0
cklr_m7_s176_34c50627fb777799,34c50627fb777799,7,25,176,1026104363459378308,0.09,3,17,"[[0,4,0],[1,3,2],[1,4,1],[1,4,2],[2,2,2],[2,4,0],[2,5,0],[4,5,0],[5,0,2]]",9,135,4000,"[1,1,1,1,1,1,1,0,0,0,0,0,0,0,0,0,0,0,0,0,0,0,0,0,0]",127,7,7,0
cklr_m7_s177_644d0434ef04ba03,644d0434ef04ba03,7,25,177,7059684662951313000,0.09,3,18,"[[0,1,0],[0,1,1],[0,2,0],[0,3,0],[0,4,0],[0,5,0],[1,0,2],[1,2,0],[1,2,1],[2,1,2],[2,3,2],[4,1,1],[4,2,2],[5,4,0],[6,0,1],[6,2,2],[6,5,0]]",17,127,3800,"[1,1,1,1,1,1,1,0,0,0,0,0,0,0,0,0,0,0,0,0,0,0,0,0,0]",127,7,7,0
cklr_m7_s178_4eb1a2162cdb0387,4eb1a2162cdb0387,7,25,178,727068725956554016,0.09,3,19,"[[0,1,2],[0,4,1],[0,5,0],[2,0,1],[2,1,2],[2,4,1],[4,0,2]]",7,137,4050,"[1,1,1,1,1,1,1,0,0,0,0,0,0,0,0,0,0,0,0,0,0,0,0,0,0]",127,7,7,0
cklr_m7_s179_630fad4e05d0906e,630fad4e05d0906e,7,25,179,6360139744234892100,0.09,3,20,"[[0,1,1],[0,2,0],[1,3,1],[2,2,2],[3,0,1],[3,1,0],[4,0,1],[4,1,0],[4,5,0],[5,0,1],[5,2,1],[5,4,1],[6,2,2],[6,5,2]]",14,130,3875,"[1,1,1,1,1,1,1,0,0,0,0,0,0,0,0,0,0,0,0,0,0,0,0,0,0]",127,7,7,0
cklr_m7_s180_2f284b24a1409350,2f284b24a1409350,7,25,180,8165063393219645519,0.11,4,1,"[[0,3,1],[1,4,1],[2,5,1],[3,4,0],[5,2,0],[5,4,0],[5,4,2],[6,0,1]]",8,136,4025,"[1,1,1,1,1,1,1,0,0,0,0,0,0,0,0,0,0,0,0,0,0,0,0,0,0]",127,7,7,0
cklr_m7_s181_ea863da08053042e,ea863da08053042e,7,25,181,7349351200140480372,0.11,4,2,"[[0,4,1],[1,2,2],[1,4,1],[1,5,0],[2,2,0],[3,1,0],[3,3,1],[3,4,2],[5,0,2],[5,3,2],[5,5,1],[6,4,2]]",12,132,3925,"[1,1,1,1,1,1,1,0,0,0,0,0,0,0,0,0,0,0,0,0,0,0,0,0,0]",127,7,7,0
cklr_m7_s182_f8a837e97c583dda,f8a837e97c583dda,7,25,182,7389416125789679162,0.11,4,3,"[[0,5,2],[1,3,1],[2,3,0],[2,5,0],[3,2,0],[3,3,1],[4,0,2],[4,3,2],[4,4,2],[5,2,2],[5,4,2],[6,2,2],[6,3,0],[6,5,2]]",14,130,3875,"[1,1,1,1,1,1,1,0,0,0,0,0,0,0,0,0,0,0,0,0,0,0,0,0,0]",127,7,7,0
cklr_m7_s183_c94ccd9a37d34917,c94ccd9a37d34917,7,25,183,2845516051435921784,0.11,4,4,"[[0,1,0],[0,2,1],[0,4,2],[0,5,0],[3,5,0],[4,4,2],[5,3,0],[5,5,1],[6,2,1],[6,5,1]]",10,134,3975,"[1,1,1,1,1,1,1,0,0,0,0,0,0,0,0,0,0,0,0,0,0,0,0,0,0]",127,7,7,0
cklr_m7_s184_5253eec353d8cd46,5253eec353d8cd46,7,25,184,5675821369249273787,0.11,4,5,"[[1,2,2],[3,2,2],[3,3,0],[4,0,0],[4,1,1]]",5,139,4100,"[1,1,1,1,1,1,1,0,0,0,0,0,0,0,0,0,0,0,0,0,0,0,0,0,0]",127,7,7,0
cklr_m7_s185_4a82afb695dbdf5f,4a82afb695dbdf5f,7,25,185,5580893244449992205,0.11,4,6,"[[0,0,0],[0,0,2],[1,5,1],[1,5,2],[2,3,0],[3,5,1],[4,0,2],[4,3,2],[5,0,0],[5,4,2],[6,1,2],[6,2,0],[6,2,1],[6,2,2]]",14,130,3875,"[1,1,1,1,1,1,1,0,0,0,0,0,0,0,0,0,0,0,0,0,0,0,0,0,0]",127,7,7,0
cklr_m7_s186_40c3a9ff4eddf387,40c3a9ff4eddf387,7,25,186,4143765537591033388,0.11,4,7,"[[0,1,2],[0,2,1],[0,3,2],[0,4,1],[0,5,0],[2,1,0],[2,2,0],[2,3,1],[3,1,0],[3,3,1],[3,5,2],[4,4,2],[4,5,2],[5,2,2],[5,5,2],[6,3,0],[6,3,1]]",17,127,3800,"[1,1,1,1,1,1,1,0,0,0,0,0,0,0,0,0,0,0,0,0,0,0,0,0,0]",127,7,7,0
cklr_m7_s187_37b9485ec7ddf706,37b9485ec7ddf706,7,25,187,6940762145624078645,0.11,4,8,"[[0,0,1],[0,1,1],[0,1,2],[0,4,1],[1,1,0],[1,4,0],[2,3,2],[3,2,0],[4,2,1],[4,5,2],[5,0,2],[5,4,1],[5,4,2],[5,5,0],[5,5,2],[6,5,0]]",16,128,3825,"[1,1,1,1,1,1,1,0,0,0,0,0,0,0,0,0,0,0,0,0,0,0,0,0,0]",127,7,7,0
cklr_m7_s188_7bf8b6e343a00b14,7bf8b6e343a00b14,7,25,188,6596364388752840104,0.11,4,9,"[[0,1,2],[0,5,0],[1,0,2],[1,4,0],[1,4,2],[1,5,0],[2,5,0],[3,3,1],[3,5,0],[3,5,1],[4,1,2],[5,4,0],[6,4,0]]",13,131,3900,"[1,1,1,1,1,1,1,0,0,0,0,0,0,0,0,0,0,0,0,0,0,0,0,0,0]",127,7,7,0
cklr_m7_s189_860c40fc33fc936a,860c40fc33fc936a,7,25,189,4957057713791225971,0.11,4,10,"[[0,1,0],[0,3,2],[1,1,1],[3,0,0],[3,0,2],[3,2,0],[4,0,1],[5,2,2],[6,1,2],[6,2,0],[6,4,1],[6,5,1]]",12,132,3925,"[1,1,1,1,1,1,1,0,0,0,0,0,0,0,0,0,0,0,0,0,0,0,0,0,0]",127,7,7,0
cklr_m7_s190_eb6272852dc61dfc,eb6272852dc61dfc,7,25,190,9084976971235420839,0.11,4,11,"[[0,3,2],[1,3,0],[3,0,1],[3,2,0],[4,0,2],[4,2,0],[4,4,0],[5,0,2],[5,3,0],[6,3,1]]",10,134,3975,"[1,1,1,1,1,1,1,0,0,0,0,0,0,0,0,0,0,0,0,0,0,0,0,0,0]",127,7,7,0
cklr_m7_s191_67bdd57dec92b787,67bdd57dec92b787,7,25,191,74618430695332569,0.11,4,12,"[[0,0,0],[0,0,1],[0,2,2],[0,3,2],[1,0,1],[1,2,1],[2,1,2],[2,4,0],[3,2,2],[4,4,0],[4,4,1],[4,5,0],[5,1,0],[5,2,2],[5,3,0],[6,3,0],[6,3,1],[6,5,0]]",18,126,3775,"[1,1,1,1,1,1,1,0,0,0,0,0,0,0,0,0,0,0,0,0,0,0,0,0,0]",127,7,7,0
cklr_m7_s192_ded461ea5e89a046,ded461ea5e89a046,7,25,192,2347955447177769396,0.11,4,13,"[[0,0,0],[0,0,2],[0,4,2],[1,0,1],[1,0,2],[2,0,0],[2,2,2],[2,3,0],[3,1,0],[4,5,0],[5,0,0],[5,0,2],[6,2,1]]",13,131,3900,"[1,1,1,1,1,1,1,0,0,0,0,0,0,0,0,0,0,0,0,0,0,0,0,0,0]",127,7,7,0
cklr_m7_s193_2a1927756c652103,2a1927756c652103,7,25,193,8647796960201163809,0.11,4,14,"[[1,1,1],[1,2,1],[2,0,1],[3,1,1],[3,2,0],[3,2,1],[3,4,1],[4,4,2],[4,5,2],[5,4,2],[6,5,2]]",11,133,3950,"[1,1,1,1,1,1,1,0,0,0,0,0,0,0,0,0,0,0,0,0,0,0,0,0,0]",127,7,7,0
cklr_m7_s194_8173154b3ae1885c,8173154b3ae1885c,7,25,194,8145201311181031986,0.11,4,15,"[[0,2,2],[1,1,1],[2,5,2],[3,5,1],[3,5,2],[4,2,1],[6,0,2],[6,4,1]]",8,136,4025,"[1,1,1,1,1,1,1,0,0,0,0,0,0,0,0,0,0,0,0,0,0,0,0,0,0]",127,7,7,0
cklr_m7_s195_8601e2abb0d91572,8601e2abb0d91572,7,25,195,9061309616276803689,0.11,4,16,"[[0,4,1],[2,0,1],[2,4,0],[2,5,1],[3,1,0],[3,2,0],[3,2,2],[3,5,1],[5,3,2],[5,5,0],[6,3,1],[6,5,2]]",12,132,3925,"[1,1,1,1,1,1,1,0,0,0,0,0,0,0,0,0,0,0,0,0,0,0,0,0,0]",127,7,7,0
cklr_m7_s196_334bd36eebc2983e,334bd36eebc2983e,7,25,196,7485274702305072092,0.11,4,17,"[[0,0,2],[1,1,1],[1,3,1],[1,4,0],[1,5,1],[2,1,1],[4,5,2],[5,2,0],[5,2,1],[5,5,1],[6,2,0],[6,3,2]]",12,132,3925,"[1,1,1,1,1,1,1,0,0,0,0,0,0,0,0,0,0,0,0,0,0,0,0,0,0]",127,7,7,0
cklr_m7_s197_c9cd9c25414df6dc,c9cd9c25414df6dc,7,25,197,4789556017861139624,0.11,4,18,"[[0,5,1],[1,2,1],[1,3,1],[3,2,2],[4,0,0],[4,1,0],[4,2,0],[4,4,2],[5,0,1],[5,1,2],[5,3,0]]",11,133,3950,"[1,1,1,1,1,1,1,0,0,0,0,0,0,0,0,0,0,0,0,0,0,0,0,0,0]",127,7,7,0
cklr_m7_s198_4ef88e2308007e6e,4ef88e2308007e6e,7,25,198,6058155891368338128,0.11,4,19,"[[1,3,2],[2,5,0],[3,0,1],[3,3,1],[3,3,2],[3,4,0],[3,4,1],[4,1,0],[4,5,2],[5,0,2],[5,1,0],[6,0,1],[6,4,0],[6,4,1]]",14,130,3875,"[1,1,1,1,1,1,1,0,0,0,0,0,0,0,0,0,0,0,0,0,0,0,0,0,0]",127,7,7,0
cklr_m7_s199_4a7986851e43c4bb,4a7986851e43c4bb,7,25,199,4499235912017832892,0.11,4,20,"[[0,5,2],[1,4,0],[1,4,2],[2,0,0],[2,0,2],[2,1,2],[2,4,2],[3,0,0],[4,0,1],[5,0,2],[5,2,1],[5,4,1],[6,5,1]]",13,131,3900,"[1,1,1,1,1,1,1,0,0,0,0,0,0,0,0,0,0,0,0,0,0,0,0,0,0]",127,7,7,0
cklr_m8_s00_ae91298444794277,ae91298444794277,8,29,0,243478547362238731,0.03,0,1,"[[4,0,2]]",1,188,6293,"[1,1,1,1,1,1,1,1,0,0,0,0,0,0,0,0,0,0,0,0,0,0,0,0,0,0,0,0,0]",255,8,8,0
cklr_m8_s01_343b592acc4bdf67,343b592acc4bdf67,8,29,1,4821550493137560312,0.03,0,2,"[[1,5,2],[3,2,1],[4,1,1],[4,6,0],[5,1,2],[6,2,2],[7,3,0]]",7,182,6119,"[1,1,1,1,1,1,1,1,0,0,0,0,0,0,0,0,0,0,0,0,0,0,0,0,0,0,0,0,0]",255,8,8,0
cklr_m8_s02_6260043e0c859118,6260043e0c859118,8,29,2,4332227270202639952,0.03,0,3,"[[1,3,2],[2,0,2],[3,4,2],[6,5,0]]",4,185,6206,"[1,1,1,1,1,1,1,1,0,0,0,0,0,0,0,0,0,0,0,0,0,0,0,0,0,0,0,0,0]",255,8,8,0
cklr_m8_s03_1377686f3c892655,1377686f3c892655,8,29,3,3542990434559141395,0.03,0,4,"[[0,3,1],[1,4,1],[5,5,0],[6,3,1],[7,6,2]]",5,184,6177,"[1,1,1,1,1,1,1,1,0,0,0,0,0,0,0,0,0,0,0,0,0,0,0,0,0,0,0,0,0]",255,8,8,0
cklr_m8_s04_5baa8f32c4d6c526,5baa8f32c4d6c526,8,29,4,3471096343080144703,0.05,1,1,"[[2,6,1],[5,4,1],[5,5,1],[6,4,0],[6,5,2],[7,4,2]]",6,183,6148,"[1,1,1,1,1,1,1,1,0,0,0,0,0,0,0,0,0,0,0,0,0,0,0,0,0,0,0,0,0]",255,8,8,0
cklr_m8_s05_0635c6ba8ea425a5,0635c6ba8ea425a5,8,29,5,2849450524640450488,0.05,1,2,"[[0,1,2],[0,2,0],[3,4,0],[3,6,0],[4,1,2],[5,2,2],[5,5,0],[6,2,2],[6,4,2],[7,1,0]]",10,179,6032,"[1,1,1,1,1,1,1,1,0,0,0,0,0,0,0,0,0,0,0,0,0,0,0,0,0,0,0,0,0]",255,8,8,0
cklr_m8_s06_a0316004d2fb7e79,a0316004d2fb7e79,8,29,6,2144186139266495275,0.05,1,3,"[[2,1,2],[3,0,0],[5,1,0],[5,4,2],[6,1,1],[6,5,1],[7,0,2],[7,1,1],[7,3,0]]",9,180,6061,"[1,1,1,1,1,1,1,1,0,0,0,0,0,0,0,0,0,0,0,0,0,0,0,0,0,0,0,0,0]",255,8,8,0
cklr_m8_s07_46a93de5fa082569,46a93de5fa082569,8,29,7,2849561966202894430,0.05,1,4,"[[1,0,0],[1,0,1],[2,4,2],[3,1,1],[5,0,2],[6,0,0],[7,1,1]]",7,182,6119,"[1,1,1,1,1,1,1,1,0,0,0,0,0,0,0,0,0,0,0,0,0,0,0,0,0,0,0,0,0]",255,8,8,0
cklr_m8_s08_44b95c6e363b4718,44b95c6e363b4718,8,29,8,8606192297603835174,0.07,2,1,"[[0,6,0],[1,4,2],[1,5,0],[1,6,2],[2,5,1],[3,3,1],[4,3,1],[4,4,0],[6,4,2],[7,6,0],[7,6,2]]",11,178,6003,"[1,1,1,1,1,1,1,1,0,0,0,0,0,0,0,0,0,0,0,0,0,0,0,0,0,0,0,0,0]",255,8,8,0
cklr_m8_s09_29c12219409843bd,29c12219409843bd,8,29,9,2620454554855973407,0.07,2,2,"[[0,4,2],[1,0,0],[1,3,2],[3,3,0],[5,6,0],[6,2,0],[6,3,0],[6,5,2],[7,2,1]]",9,180,6061,"[1,1,1,1,1,1,1,1,0,0,0,0,0,0,0,0,0,0,0,0,0,0,0,0,0,0,0,0,0]",255,8,8,0
cklr_m8_s10_2154fe2a460a0c75,2154fe2a460a0c75,8,29,10,8234437650453387556,0.07,2,3,"[[1,1,2],[2,2,1],[3,1,2],[4,2,0],[4,2,2],[5,5,1],[7,4,1]]",7,182,6119,"[1,1,1,1,1,1,1,1,0,0,0,0,0,0,0,0,0,0,0,0,0,0,0,0,0,0,0,0,0]",255,8,8,0
cklr_m8_s11_47b35a891333c5f7,47b35a891333c5f7,8,29,11,2803827974230579545,0.07,2,4,"[[0,1,2],[1,2,1],[2,3,0],[3,2,0],[3,5,1],[4,6,0],[5,3,1],[6,2,2],[6,4,1],[7,0,0],[7,2,2]]",11,178,6003,"[1,1,1,1,1,1,1,1,0,0,0,0,0,0,0,0,0,0,0,0,0,0,0,0,0,0,0,0,0]",255,8,8,0
cklr_m8_s12_fdb6a625a06ee8bc,fdb6a625a06ee8bc,8,29,12,6311177869127459599,0.09,3,1,"[[0,2,1],[1,3,2],[2,6,2],[3,0,0],[3,3,2],[3,4,2],[3,6,0],[3,6,1],[5,0,1],[5,6,1],[6,4,0],[6,5,1],[7,4,1],[7,5,0]]",14,175,5916,"[1,1,1,1,1,1,1,1,0,0,0,0,0,0,0,0,0,0,0,0,0,0,0,0,0,0,0,0,0]",255,8,8,0
cklr_m8_s13_1470af2091ccbfd7,1470af2091ccbfd7,8,29,13,1973364398359898886,0.09,3,2,"[[0,2,1],[0,3,0],[0,5,1],[2,4,1],[3,5,2],[3,6,2],[4,3,0],[4,5,0],[5,1,2],[6,6,1],[6,6,2],[7,5,0]]",12,177,5974,"[1,1,1,1,1,1,1,1,0,0,0,0,0,0,0,0,0,0,0,0,0,0,0,0,0,0,0,0,0]",255,8,8,0
cklr_m8_s14_c9f8e0299ff44f84,c9f8e0299ff44f84,8,29,14,1587217385405587910,0.09,3,3,"[[0,5,1],[0,5,2],[1,6,1],[2,0,0],[2,4,0],[2,5,1],[4,2,2],[5,0,2],[5,1,0],[5,2,1],[5,5,0],[5,5,1],[6,1,1],[6,2,2],[6,4,1],[6,5,1],[7,0,1],[7,2,0],[7,5,0]]",19,170,5771,"[1,1,1,1,1,1,1,1,0,0,0,0,0,0,0,0,0,0,0,0,0,0,0,0,0,0,0,0,0]",255,8,8,0
cklr_m8_s15_7f20f23333f4b79d,7f20f23333f4b79d,8,29,15,512575349051163496,0.09,3,4,"[[0,3,0],[0,4,2],[1,0,2],[1,1,1],[1,2,1],[2,2,2],[2,4,0],[2,6,1],[3,0,0],[4,0,2],[4,2,1],[4,4,2],[4,5,0],[5,0,2],[5,1,1],[6,1,0],[6,3,2],[6,6,0],[7,3,0],[7,3,2],[7,5,0]]",21,168,5713,"[1,1,1,1,1,1,1,1,0,0,0,0,0,0,0,0,0,0,0,0,0,0,0,0,0,0,0,0,0]",255,8,8,0
cklr_m8_s16_71f913f79c5724ca,71f913f79c5724ca,8,29,16,7244571232612577794,0.11,4,1,"[[1,2,2],[1,4,2],[1,6,2],[2,3,2],[2,4,2],[3,0,2],[3,2,2],[3,4,1],[3,4,2],[3,5,2],[4,1,1],[4,1,2],[4,4,1],[4,5,1],[4,6,2],[5,1,0],[5,3,2],[7,0,2],[7,2,1]]",19,170,5771,"[1,1,1,1,1,1,1,1,0,0,0,0,0,0,0,0,0,0,0,0,0,0,0,0,0,0,0,0,0]",255,8,8,0
cklr_m8_s17_61c090ac2f54d318,61c090ac2f54d318,8,29,17,6279194561208356293,0.11,4,2,"[[1,1,0],[1,4,0],[1,6,1],[3,2,1],[3,3,1],[3,3,2],[4,3,1],[4,3,2],[5,0,2],[5,2,2],[5,5,2],[6,0,0],[6,6,0],[6,6,1],[7,1,0],[7,3,0],[7,3,2]]",17,172,5829,"[1,1,1,1,1,1,1,1,0,0,0,0,0,0,0,0,0,0,0,0,0,0,0,0,0,0,0,0,0]",255,8,8,0
cklr_m8_s18_78239233e5cb62b6,78239233e5cb62b6,8,29,18,6667141774264256919,0.11,4,3,"[[0,0,2],[0,2,0],[0,5,0],[0,5,1],[0,5,2],[1,3,2],[1,4,1],[2,2,2],[2,4,1],[3,1,0],[3,4,0],[4,0,1],[4,3,0],[4,4,2],[4,5,1],[4,6,0],[4,6,1],[4,6,2],[5,1,1],[5,2,0],[5,2,2],[5,5,1],[6,1,0],[7,0,1],[7,0,2],[7,1,1],[7,3,1],[7,4,1],[7,5,1]]",29,160,5481,"[1,1,1,1,1,1,1,1,0,0,0,0,0,0,0,0,0,0,0,0,0,0,0,0,0,0,0,0,0]",255,8,8,0
cklr_m8_s19_35fea8252b7285f4,35fea8252b7285f4,8,29,19,7287829693023931823,0.11,4,4,"[[0,0,2],[0,3,1],[0,4,1],[0,5,0],[0,5,1],[2,2,1],[2,2,2],[2,6,0],[3,1,1],[4,4,0],[4,5,0],[6,3,2],[7,0,2],[7,1,1],[7,2,0],[7,3,2],[7,4,2]]",17,172,5829,"[1,1,1,1,1,1,1,1,0,0,0,0,0,0,0,0,0,0,0,0,0,0,0,0,0,0,0,0,0]",255,8,8,0
cklr_m8_s20_cc0f3403f76374cd,cc0f3403f76374cd,8,29,20,1968699800697576985,0.03,0,1,"[[2,1,2],[4,6,1],[5,0,1],[6,1,2]]",4,185,6206,"[1,1,1,1,1,1,1,1,0,0,0,0,0,0,0,0,0,0,0,0,0,0,0,0,0,0,0,0,0]",255,8,8,0
cklr_m8_s21_b49bc4ddbde80c5f,b49bc4ddbde80c5f,8,29,21,4098415643983236138,0.03,0,2,"[[3,6,2],[5,5,2]]",2,187,6264,"[1,1,1,1,1,1,1,1,0,0,0,0,0,0,0,0,0,0,0,0,0,0,0,0,0,0,0,0,0]",255,8,8,0
cklr_m8_s22_dac206ea267a2c91,dac206ea267a2c91,8,29,22,6655502342709781159,0.03,0,3,"[[1,2,2],[1,6,0],[5,4,0],[6,4,1]]",4,185,6206,"[1,1,1,1,1,1,1,1,0,0,0,0,0,0,0,0,0,0,0,0,0,0,0,0,0,0,0,0,0]",255,8,8,0
cklr_m8_s23_007d13a386328006,007d13a386328006,8,29,23,1152252872334694204,0.03,0,4,"[[0,0,0],[0,5,1],[1,6,1],[3,3,2],[4,2,1],[4,5,2],[5,2,1],[5,3,2],[5,6,1],[6,5,1],[7,3,0]]",11,178,6003,"[1,1,1,1,1,1,1,1,0,0,0,0,0,0,0,0,0,0,0,0,0,0,0,0,0,0,0,0,0]",255,8,8,0
cklr_m8_s24_5322088bd38fb974,5322088bd38fb974,8,29,24,360461419701414590,0.03,0,5,"[[1,6,1],[5,0,2],[5,6,0],[6,1,2]]",4,185,6206,"[1,1,1,1,1,1,1,1,0,0,0,0,0,0,0,0,0,0,0,0,0,0,0,0,0,0,0,0,0]",255,8,8,0
cklr_m8_s25_7a4b062b3a7fc142,7a4b062b3a7fc142,8,29,25,7941668538840813420,0.03,0,6,"[[0,2,0],[1,1,0],[4,2,0],[4,3,1],[4,5,0]]",5,184,6177,"[1,1,1,1,1,1,1,1,0,0,0,0,0,0,0,0,0,0,0,0,0,0,0,0,0,0,0,0,0]",255,8,8,0
cklr_m8_s26_73eaf459a13b2237,73eaf459a13b2237,8,29,26,3656737069960273711,0.03,0,7,"[[0,3,2],[1,4,1],[3,2,0],[6,1,2]]",4,185,6206,"[1,1,1,1,1,1,1,1,0,0,0,0,0,0,0,0,0,0,0,0,0,0,0,0,0,0,0,0,0]",255,8,8,0
cklr_m8_s27_331eca736b7007b5,331eca736b7007b5,8,29,27,2807711249387531640,0.03,0,8,"[[2,3,0],[2,4,1],[2,4,2],[6,1,0]]",4,185,6206,"[1,1,1,1,1,1,1,1,0,0,0,0,0,0,0,0,0,0,0,0,0,0,0,0,0,0,0,0,0]",255,8,8,0
cklr_m8_s28_92eca29dbdba3ef4,92eca29dbdba3ef4,8,29,28,2944041431898410455,0.03,0,9,"[[0,2,1],[0,3,0],[1,2,1],[1,6,2],[3,3,2],[4,1,2],[4,3,2]]",7,182,6119,"[1,1,1,1,1,1,1,1,0,0,0,0,0,0,0,0,0,0,0,0,0,0,0,0,0,0,0,0,0]",255,8,8,0
cklr_m8_s29_00a9674c1dec3515,00a9674c1dec3515,8,29,29,3890832226108314444,0.03,0,10,"[[5,5,0]]",1,188,6293,"[1,1,1,1,1,1,1,1,0,0,0,0,0,0,0,0,0,0,0,0,0,0,0,0,0,0,0,0,0]",255,8,8,0
cklr_m8_s30_f080d432279f78bb,f080d432279f78bb,8,29,30,2797279844342832348,0.03,0,11,"[[0,4,1],[6,3,2],[7,2,0]]",3,186,6235,"[1,1,1,1,1,1,1,1,0,0,0,0,0,0,0,0,0,0,0,0,0,0,0,0,0,0,0,0,0]",255,8,8,0
cklr_m8_s31_2fe435f1c33796c4,2fe435f1c33796c4,8,29,31,4371074621970683337,0.03,0,12,"[[0,5,1],[1,1,2],[3,0,1],[4,1,1],[5,2,0]]",5,184,6177,"[1,1,1,1,1,1,1,1,0,0,0,0,0,0,0,0,0,0,0,0,0,0,0,0,0,0,0,0,0]",255,8,8,0
cklr_m8_s32_7e8194f4b70dfbc3,7e8194f4b70dfbc3,8,29,32,8303165034817951290,0.03,0,13,"[[0,0,1],[0,3,2],[4,0,1],[7,4,1]]",4,185,6206,"[1,1,1,1,1,1,1,1,0,0,0,0,0,0,0,0,0,0,0,0,0,0,0,0,0,0,0,0,0]",255,8,8,0
cklr_m8_s33_0b0cffb83b39e1ea,0b0cffb83b39e1ea,8,29,33,2003733862622650903,0.03,0,14,"[[0,6,0],[6,1,2],[7,5,1]]",3,186,6235,"[1,1,1,1,1,1,1,1,0,0,0,0,0,0,0,0,0,0,0,0,0,0,0,0,0,0,0,0,0]",255,8,8,0
cklr_m8_s34_565e914e6e6e168f,565e914e6e6e168f,8,29,34,537853522211941092,0.03,0,15,"[[0,0,1],[0,2,2],[0,5,1],[1,2,1],[4,4,0],[5,5,2],[6,2,1],[6,3,0]]",8,181,6090,"[1,1,1,1,1,1,1,1,0,0,0,0,0,0,0,0,0,0,0,0,0,0,0,0,0,0,0,0,0]",255,8,8,0
cklr_m8_s35_e2b034994d8bcb1c,e2b034994d8bcb1c,8,29,35,8758713093676704305,0.03,0,16,"[[0,6,0],[0,6,1],[1,6,0],[4,2,1],[7,6,2]]",5,184,6177,"[1,1,1,1,1,1,1,1,0,0,0,0,0,0,0,0,0,0,0,0,0,0,0,0,0,0,0,0,0]",255,8,8,0
cklr_m8_s36_a0d494c520cfee0d,a0d494c520cfee0d,8,29,36,8625082292578573196,0.05,1,1,"[[0,5,0],[1,0,2],[1,5,1],[3,2,1],[4,1,1],[4,5,1],[5,2,0],[5,4,2],[5,6,2],[7,5,0],[7,6,1]]",11,178,6003,"[1,1,1,1,1,1,1,1,0,0,0,0,0,0,0,0,0,0,0,0,0,0,0,0,0,0,0,0,0]",255,8,8,0
cklr_m8_s37_8cb833d4a001c38d,8cb833d4a001c38d,8,29,37,5970149451484531338,0.05,1,2,"[[1,2,0],[2,2,0],[2,3,1],[3,3,0],[3,6,2],[4,0,1],[5,2,1],[5,4,0],[5,5,0],[5,6,0],[6,4,1],[7,1,1]]",12,177,5974,"[1,1,1,1,1,1,1,1,0,0,0,0,0,0,0,0,0,0,0,0,0,0,0,0,0,0,0,0,0]",255,8,8,0
cklr_m8_s38_536fba4ea1a8ffbf,536fba4ea1a8ffbf,8,29,38,7049019525581065070,0.05,1,3,"[[0,1,0],[0,3,0],[1,2,2],[2,6,0],[3,3,2],[3,6,1],[4,0,1],[4,2,2],[5,3,1]]",9,180,6061,"[1,1,1,1,1,1,1,1,0,0,0,0,0,0,0,0,0,0,0,0,0,0,0,0,0,0,0,0,0]",255,8,8,0
cklr_m8_s39_bd18704a58e98757,bd18704a58e98757,8,29,39,7117835885294026853,0.05,1,4,"[[0,0,1],[0,3,0],[1,5,2],[2,0,0],[2,2,1],[2,3,0],[2,6,2],[3,1,1],[4,1,1],[6,4,2],[7,3,2]]",11,178,6003,"[1,1,1,1,1,1,1,1,0,0,0,0,0,0,0,0,0,0,0,0,0,0,0,0,0,0,0,0,0]",255,8,8,0
cklr_m8_s40_bf3d54c750ff0614,bf3d54c750ff0614,8,29,40,3232873918773413198,0.05,1,5,"[[0,2,2],[5,0,2],[6,1,0]]",3,186,6235,"[1,1,1,1,1,1,1,1,0,0,0,0,0,0,0,0,0,0,0,0,0,0,0,0,0,0,0,0,0]",255,8,8,0
cklr_m8_s41_961b1f86b86d4fca,961b1f86b86d4fca,8,29,41,4889922483816614814,0.05,1,6,"[[1,5,2],[5,3,2],[6,1,2],[7,3,2],[7,5,0],[7,5,2]]",6,183,6148,"[1,1,1,1,1,1,1,1,0,0,0,0,0,0,0,0,0,0,0,0,0,0,0,0,0,0,0,0,0]",255,8,8,0
cklr_m8_s42_cd3e430dce1f46b5,cd3e430dce1f46b5,8,29,42,4489221973651652272,0.05,1,7,"[[1,0,1],[2,3,2],[3,4,2],[4,5,2],[5,1,0],[6,1,0],[7,1,1],[7,5,1]]",8,181,6090,"[1,1,1,1,1,1,1,1,0,0,0,0,0,0,0,0,0,0,0,0,0,0,0,0,0,0,0,0,0]",255,8,8,0
cklr_m8_s43_c3131f6bde6e41af,c3131f6bde6e41af,8,29,43,8119008396613453159,0.05,1,8,"[[1,6,1],[1,6,2],[2,5,2],[4,1,1],[4,6,1],[5,6,2],[6,3,0],[7,5,0]]",8,181,6090,"[1,1,1,1,1,1,1,1,0,0,0,0,0,0,0,0,0,0,0,0,0,0,0,0,0,0,0,0,0]",255,8,8,0
cklr_m8_s44_21f9920a05df1282,21f9920a05df1282,8,29,44,4366372989960265860,0.05,1,9,"[[1,2,2],[1,3,0],[2,0,0],[2,3,1],[3,5,1],[4,0,0],[4,2,0],[6,2,0],[7,2,1]]",9,180,6061,"[1,1,1,1,1,1,1,1,0,0,0,0,0,0,0,0,0,0,0,0,0,0,0,0,0,0,0,0,0]",255,8,8,0
cklr_m8_s45_f17d2a0abfe0c871,f17d2a0abfe0c871,8,29,45,3329114109722168994,0.05,1,10,"[[0,2,1],[1,0,2],[3,4,2],[5,2,1],[5,6,2],[7,5,1],[7,6,0]]",7,182,6119,"[1,1,1,1,1,1,1,1,0,0,0,0,0,0,0,0,0,0,0,0,0,0,0,0,0,0,0,0,0]",255,8,8,0
cklr_m8_s46_35f67f8935db8b10,35f67f8935db8b10,8,29,46,2399794675483476347,0.05,1,11,"[[0,2,2],[0,4,1],[1,1,1],[1,2,1],[2,0,1],[3,0,2],[3,1,0],[4,3,0],[5,0,0],[6,6,2],[7,4,2],[7,6,2]]",12,177,5974,"[1,1,1,1,1,1,1,1,0,0,0,0,0,0,0,0,0,0,0,0,0,0,0,0,0,0,0,0,0]",255,8,8,0
cklr_m8_s47_44ee6ca35a1e7f05,44ee6ca35a1e7f05,8,29,47,6411397075669321405,0.05,1,12,"[[1,4,2],[4,1,1],[4,4,0],[6,4,0],[7,5,0]]",5,184,6177,"[1,1,1,1,1,1,1,1,0,0,0,0,0,0,0,0,0,0,0,0,0,0,0,0,0,0,0,0,0]",255,8,8,0
cklr_m8_s48_0afa788dd179e698,0afa788dd179e698,8,29,48,2857770453754045802,0.05,1,13,"[[3,1,2],[3,3,1],[3,4,1],[3,6,1],[3,6,2],[4,3,2],[6,1,0],[7,3,1],[7,5,0]]",9,180,6061,"[1,1,1,1,1,1,1,1,0,0,0,0,0,0,0,0,0,0,0,0,0,0,0,0,0,0,0,0,0]",255,8,8,0
cklr_m8_s49_3d78f763ab2c1b47,3d78f763ab2c1b47,8,29,49,1527378370926265326,0.05,1,14,"[[1,6,2],[2,2,2],[2,3,2],[2,5,1],[5,5,0],[6,0,0],[7,0,1]]",7,182,6119,"[1,1,1,1,1,1,1,1,0,0,0,0,0,0,0,0,0,0,0,0,0,0,0,0,0,0,0,0,0]",255,8,8,0
cklr_m8_s50_cab24f3f1948d219,cab24f3f1948d219,8,29,50,16455462041656082,0.05,1,15,"[[0,2,1],[1,0,1],[1,4,2],[1,5,1],[4,3,0],[5,1,1],[6,0,0]]",7,182,6119,"[1,1,1,1,1,1,1,1,0,0,0,0,0,0,0,0,0,0,0,0,0,0,0,0,0,0,0,0,0]",255,8,8,0
cklr_m8_s51_85fdc1930a34b701,85fdc1930a34b701,8,29,51,5001959129962707304,0.05,1,16,"[[1,0,0],[2,4,0],[3,1,0],[6,2,0],[6,4,2],[7,6,1]]",6,183,6148,"[1,1,1,1,1,1,1,1,0,0,0,0,0,0,0,0,0,0,0,0,0,0,0,0,0,0,0,0,0]",255,8,8,0
cklr_m8_s52_48d6dbd5c4483ae1,48d6dbd5c4483ae1,8,29,52,2495807826893334930,0.07,2,1,"[[1,1,2],[2,3,2],[4,2,2],[6,0,1],[6,6,0],[7,5,2]]",6,183,6148,"[1,1,1,1,1,1,1,1,0,0,0,0,0,0,0,0,0,0,0,0,0,0,0,0,0,0,0,0,0]",255,8,8,0
cklr_m8_s53_71aacd0a2d071c94,71aacd0a2d071c94,8,29,53,8624567379593043340,0.07,2,2,"[[0,6,2],[1,1,2],[3,1,1],[4,6,0],[4,6,1],[5,6,2],[6,1,0],[7,0,2]]",8,181,6090,"[1,1,1,1,1,1,1,1,0,0,0,0,0,0,0,0,0,0,0,0,0,0,0,0,0,0,0,0,0]",255,8,8,0
cklr_m8_s54_71047482592ee22e,71047482592ee22e,8,29,54,5507154719412239535,0.07,2,3,"[[0,0,2],[0,1,1],[0,2,2],[2,2,2],[2,4,2],[3,4,2],[4,3,2],[5,2,0],[5,5,1],[7,4,2]]",10,179,6032,"[1,1,1,1,1,1,1,1,0,0,0,0,0,0,0,0,0,0,0,0,0,0,0,0,0,0,0,0,0]",255,8,8,0
cklr_m8_s55_16551808d5056e54,16551808d5056e54,8,29,55,2885669769909642214,0.07,2,4,"[[0,1,2],[1,0,1],[1,2,2],[4,0,0],[4,6,0],[5,1,0],[6,4,2],[7,2,1],[7,3,1]]",9,180,6061,"[1,1,1,1,1,1,1,1,0,0,0,0,0,0,0,0,0,0,0,0,0,0,0,0,0,0,0,0,0]",255,8,8,0
cklr_m8_s56_579510093f5da679,579510093f5da679,8,29,56,8253501292958134281,0.07,2,5,"[[1,4,1],[1,5,2],[1,6,1],[2,6,0],[2,6,1],[4,3,1],[4,5,2],[5,6,1],[6,2,2],[7,3,0]]",10,179,6032,"[1,1,1,1,1,1,1,1,0,0,0,0,0,0,0,0,0,0,0,0,0,0,0,0,0,0,0,0,0]",255,8,8,0
cklr_m8_s57_360007e9f9cdeea3,360007e9f9cdeea3,8,29,57,7387361311684924840,0.07,2,6,"[[0,3,1],[0,6,1],[4,4,1],[6,0,0],[7,6,0]]",5,184,6177,"[1,1,1,1,1,1,1,1,0,0,0,0,0,0,0,0,0,0,0,0,0,0,0,0,0,0,0,0,0]",255,8,8,0
cklr_m8_s58_7da78489855a5731,7da78489855a5731,8,29,58,1657734767828043404,0.07,2,7,"[[0,3,0],[0,3,2],[1,0,0],[1,1,2],[1,6,0],[3,4,1],[4,2,0],[4,2,1],[4,6,1],[5,4,2],[6,0,2],[6,4,1],[7,0,2],[7,5,1]]",14,175,5916,"[1,1,1,1,1,1,1,1,0,0,0,0,0,0,0,0,0,0,0,0,0,0,0,0,0,0,0,0,0]",255,8,8,0
cklr_m8_s59_92b0d3fe5b91cad5,92b0d3fe5b91cad5,8,29,59,5024319117008510844,0.07,2,8,"[[0,0,0],[1,1,1],[1,2,0],[1,5,1],[1,6,0],[2,2,0],[5,1,1],[6,3,0],[6,5,1]]",9,180,6061,"[1,1,1,1,1,1,1,1,0,0,0,0,0,0,0,0,0,0,0,0,0,0,0,0,0,0,0,0,0]",255,8,8,0
cklr_m8_s60_61cdb462f43c6123,61cdb462f43c6123,8,29,60,8538707726731649111,0.07,2,9,"[[3,3,0],[3,5,2],[3,6,1],[4,2,2],[5,0,0],[6,1,0],[6,2,2],[7,0,0],[7,1,0]]",9,180,6061,"[1,1,1,1,1,1,1,1,0,0,0,0,0,0,0,0,0,0,0,0,0,0,0,0,0,0,0,0,0]",255,8,8,0
cklr_m8_s61_b6e82211b7944cf4,b6e82211b7944cf4,8,29,61,8739895613007816665,0.07,2,10,"[[0,0,0],[1,2,0],[1,5,2],[3,5,2],[4,0,0],[4,1,0],[4,4,2],[5,1,1],[5,5,1],[6,0,2]]",10,179,6032,"[1,1,1,1,1,1,1,1,0,0,0,0,0,0,0,0,0,0,0,0,0,0,0,0,0,0,0,0,0]",255,8,8,0
cklr_m8_s62_de018930fb2e688f,de018930fb2e688f,8,29,62,811210166826336631,0.07,2,11,"[[0,1,2],[0,2,0],[0,3,0],[0,4,2],[2,0,0],[2,0,1],[3,2,0],[4,5,0],[5,4,2],[6,6,2]]",10,179,6032,"[1,1,1,1,1,1,1,1,0,0,0,0,0,0,0,0,0,0,0,0,0,0,0,0,0,0,0,0,0]",255,8,8,0
cklr_m8_s63_594fb43f1b23f01c,594fb43f1b23f01c,8,29,63,1774933860701740490,0.07,2,12,"[[1,3,0],[2,0,1],[2,1,0],[2,1,1],[3,5,2],[3,6,1],[5,2,2],[6,0,1],[6,4,1],[7,5,0],[7,5,1]]",11,178,6003,"[1,1,1,1,1,1,1,1,0,0,0,0,0,0,0,0,0,0,0,0,0,0,0,0,0,0,0,0,0]",255,8,8,0
cklr_m8_s64_1b31ca49a3af9990,1b31ca49a3af9990,8,29,64,3442469436210950042,0.07,2,13,"[[2,1,1],[3,1,1],[3,2,1],[4,0,2],[4,6,0],[5,0,0],[5,0,1],[6,0,2],[6,3,0],[6,5,2],[6,6,1],[7,0,0],[7,1,2],[7,2,2],[7,4,0]]",15,174,5887,"[1,1,1,1,1,1,1,1,0,0,0,0,0,0,0,0,0,0,0,0,0,0,0,0,0,0,0,0,0]",255,8,8,0
cklr_m8_s65_a49257093b8a396a,a49257093b8a396a,8,29,65,3027770430545197641,0.07,2,14,"[[0,3,0],[0,5,1],[0,6,0],[1,0,1],[1,4,0],[1,5,2],[2,4,0],[3,1,1],[5,3,0],[5,4,1]]",10,179,6032,"[1,1,1,1,1,1,1,1,0,0,0,0,0,0,0,0,0,0,0,0,0,0,0,0,0,0,0,0,0]",255,8,8,0
cklr_m8_s66_3f3bccaaf1a400d0,3f3bccaaf1a400d0,8,29,66,2560310885448264173,0.07,2,15,"[[0,0,1],[0,3,1],[0,4,0],[3,0,1],[4,0,2],[4,1,2],[5,0,1],[6,3,2],[6,4,2],[7,1,1]]",10,179,6032,"[1,1,1,1,1,1,1,1,0,0,0,0,0,0,0,0,0,0,0,0,0,0,0,0,0,0,0,0,0]",255,8,8,0
cklr_m8_s67_5f701e6a2fdd424a,5f701e6a2fdd424a,8,29,67,7924421848011702338,0.07,2,16,"[[1,0,2],[1,2,0],[3,2,0],[4,1,0],[5,6,0],[5,6,2],[6,4,0],[7,2,0],[7,4,2],[7,5,1]]",10,179,6032,"[1,1,1,1,1,1,1,1,0,0,0,0,0,0,0,0,0,0,0,0,0,0,0,0,0,0,0,0,0]",255,8,8,0
cklr_m8_s68_76f2584f759a09ce,76f2584f759a09ce,8,29,68,8284235615447445227,0.09,3,1,"[[1,0,0],[1,1,0],[1,2,0],[1,3,1],[2,0,1],[2,1,2],[3,2,2],[3,5,0],[4,4,1],[4,5,1],[4,5,2],[5,3,1],[7,4,2]]",13,176,5945,"[1,1,1,1,1,1,1,1,0,0,0,0,0,0,0,0,0,0,0,0,0,0,0,0,0,0,0,0,0]",255,8,8,0
cklr_m8_s69_4710823b91e32a37,4710823b91e32a37,8,29,69,8551598594447303679,0.09,3,2,"[[1,3,1],[1,3,2],[2,1,1],[3,2,0],[4,1,2],[4,2,1],[4,6,2],[5,6,2],[6,3,0],[6,4,2],[6,5,2],[7,0,2]]",12,177,5974,"[1,1,1,1,1,1,1,1,0,0,0,0,0,0,0,0,0,0,0,0,0,0,0,0,0,0,0,0,0]",255,8,8,0
cklr_m8_s70_4c08cbcf77e191ca,4c08cbcf77e191ca,8,29,70,4484977379273371234,0.09,3,3,"[[0,1,1],[0,3,1],[0,4,2],[0,5,1],[1,3,0],[1,4,1],[2,4,2],[2,6,0],[3,0,2],[3,1,1],[3,3,2],[4,2,2],[5,2,1],[5,2,2],[5,3,2],[6,4,1],[7,2,2]]",17,172,5829,"[1,1,1,1,1,1,1,1,0,0,0,0,0,0,0,0,0,0,0,0,0,0,0,0,0,0,0,0,0]",255,8,8,0
cklr_m8_s71_2250781ca3554bf5,2250781ca3554bf5,8,29,71,7111554317062491982,0.09,3,4,"[[0,6,1],[1,3,0],[1,4,0],[1,4,1],[2,6,1],[2,6,2],[3,1,0],[4,0,1],[4,3,1],[5,0,0],[5,3,2],[6,1,0],[6,4,2],[6,5,0],[7,2,0]]",15,174,5887,"[1,1,1,1,1,1,1,1,0,0,0,0,0,0,0,0,0,0,0,0,0,0,0,0,0,0,0,0,0]",255,8,8,0
cklr_m8_s72_452020d06ebc979a,452020d06ebc979a,8,29,72,7368432144136948489,0.09,3,5,"[[1,0,2],[1,2,2],[1,3,2],[1,4,0],[1,4,1],[1,5,2],[2,1,2],[2,4,0],[3,0,0],[3,0,2],[3,1,2],[6,0,2],[6,2,1],[6,3,0],[6,3,1],[7,6,1]]",16,173,5858,"[1,1,1,1,1,1,1,1,0,0,0,0,0,0,0,0,0,0,0,0,0,0,0,0,0,0,0,0,0]",255,8,8,0
cklr_m8_s73_cfb9dc27ba53f9dc,cfb9dc27ba53f9dc,8,29,73,6213720113073710290,0.09,3,6,"[[0,0,2],[0,1,2],[0,4,1],[0,4,2],[0,5,2],[1,0,0],[1,6,1],[2,1,1],[2,3,2],[3,0,0],[3,1,0],[3,1,1],[3,2,2],[4,1,1],[5,1,1],[5,4,1],[5,5,2],[6,6,0],[6,6,1],[7,4,1],[7,4,2]]",21,168,5713,"[1,1,1,1,1,1,1,1,0,0,0,0,0,0,0,0,0,0,0,0,0,0,0,0,0,0,0,0,0]",255,8,8,0
cklr_m8_s74_f8acabfa265a5841,f8acabfa265a5841,8,29,74,6854973926552493323,0.09,3,7,"[[1,6,2],[3,6,2],[4,3,1],[5,4,0],[5,6,1],[5,6,2],[6,5,2],[7,2,0],[7,6,1]]",9,180,6061,"[1,1,1,1,1,1,1,1,0,0,0,0,0,0,0,0,0,0,0,0,0,0,0,0,0,0,0,0,0]",255,8,8,0
cklr_m8_s75_6d575e4d2f10c48e,6d575e4d2f10c48e,8,29,75,6536027098405644127,0.09,3,8,"[[0,2,1],[0,5,0],[1,1,2],[1,4,1],[1,5,1],[2,2,1],[3,3,0],[3,4,0],[3,4,1],[3,5,2],[4,0,2],[5,0,1],[6,0,2],[6,1,0],[6,3,0],[6,6,0]]",16,173,5858,"[1,1,1,1,1,1,1,1,0,0,0,0,0,0,0,0,0,0,0,0,0,0,0,0,0,0,0,0,0]",255,8,8,0
cklr_m8_s76_5a32e96d96a8fb4e,5a32e96d96a8fb4e,8,29,76,8990392689752818111,0.09,3,9,"[[0,0,2],[0,1,1],[0,6,1],[1,3,0],[1,4,1],[2,2,1],[2,5,0],[3,3,2],[3,4,0],[5,1,1],[6,3,1],[6,5,1],[7,0,1],[7,1,0],[7,3,0]]",15,174,5887,"[1,1,1,1,1,1,1,1,0,0,0,0,0,0,0,0,0,0,0,0,0,0,0,0,0,0,0,0,0]",255,8,8,0
cklr_m8_s77_aa0525e940934e51,aa0525e940934e51,8,29,77,256755402815029232,0.09,3,10,"[[0,0,0],[0,5,2],[1,2,2],[1,3,2],[1,5,1],[3,2,2],[3,6,2],[4,5,0],[4,6,1],[5,0,2],[5,1,2],[5,3,0],[6,3,0],[6,5,2]]",14,175,5916,"[1,1,1,1,1,1,1,1,0,0,0,0,0,0,0,0,0,0,0,0,0,0,0,0,0,0,0,0,0]",255,8,8,0
cklr_m8_s78_6f4082e3d60ac35a,6f4082e3d60ac35a,8,29,78,1791384314164553499,0.09,3,11,"[[0,1,0],[0,4,0],[1,0,0],[1,1,0],[1,3,0],[2,0,0],[2,3,1],[2,3,2],[3,5,2],[4,1,1],[4,2,2],[4,6,1],[6,3,0],[6,5,1],[7,1,0],[7,1,1],[7,6,2]]",17,172,5829,"[1,1,1,1,1,1,1,1,0,0,0,0,0,0,0,0,0,0,0,0,0,0,0,0,0,0,0,0,0]",255,8,8,0
cklr_m8_s79_5485300c6da12ae2,5485300c6da12ae2,8,29,79,2775438694819725938,0.09,3,12,"[[0,1,0],[0,1,1],[0,3,1],[0,4,0],[0,4,1],[1,0,2],[1,4,0],[1,5,0],[3,3,0],[4,2,0],[5,0,0],[6,0,0],[7,4,1]]",13,176,5945,"[1,1,1,1,1,1,1,1,0,0,0,0,0,0,0,0,0,0,0,0,0,0,0,0,0,0,0,0,0]",255,8,8,0
cklr_m8_s80_c0392c83b7b6fa7e,c0392c83b7b6fa7e,8,29,80,8323994962016820688,0.09,3,13,"[[0,2,0],[1,4,1],[1,6,1],[2,0,1],[2,4,0],[2,5,0],[3,2,0],[4,3,2],[4,5,0],[4,5,2],[4,6,1],[4,6,2],[6,0,1],[6,1,1],[6,1,2],[6,2,1],[6,4,1],[7,3,0]]",18,171,5800,"[1,1,1,1,1,1,1,1,0,0,0,0,0,0,0,0,0,0,0,0,0,0,0,0,0,0,0,0,0]",255,8,8,0
cklr_m8_s81_0989e7da262c993e,0989e7da262c993e,8,29,81,3829485721082243391,0.09,3,14,"[[0,4,0],[1,2,1],[2,1,1],[3,2,1],[3,6,1],[4,0,0],[4,2,2],[4,5,2],[5,2,2],[5,4,2],[5,6,1],[6,0,0],[6,2,1],[7,2,2]]",14,175,5916,"[1,1,1,1,1,1,1,1,0,0,0,0,0,0,0,0,0,0,0,0,0,0,0,0,0,0,0,0,0]",255,8,8,0
cklr_m8_s82_b490e23f7b964471,b490e23f7b964471,8,29,82,7813377795039945323,0.09,3,15,"[[0,0,0],[0,5,1],[0,6,1],[1,4,0],[3,6,2],[4,3,2],[5,1,1],[6,3,2],[7,1,2],[7,2,0],[7,6,0]]",11,178,6003,"[1,1,1,1,1,1,1,1,0,0,0,0,0,0,0,0,0,0,0,0,0,0,0,0,0,0,0,0,0]",255,8,8,0
cklr_m8_s83_7cccdf0f21a8083b,7cccdf0f21a8083b,8,29,83,5629629164972589756,0.09,3,16,"[[0,1,1],[0,2,0],[0,2,1],[0,6,1],[1,0,2],[1,1,0],[1,4,0],[1,6,1],[2,0,2],[3,2,1],[3,5,0],[3,5,2],[4,0,0],[4,3,0],[4,4,1],[5,2,0],[6,0,1],[6,1,1],[6,5,2],[7,0,2],[7,1,1],[7,5,1]]",22,167,5684,"[1,1,1,1,1,1,1,1,0,0,0,0,0,0,0,0,0,0,0,0,0,0,0,0,0,0,0,0,0]",255,8,8,0
cklr_m8_s84_ba86c07277072750,ba86c07277072750,8,29,84,3607148878186277979,0.11,4,1,"[[0,3,2],[0,6,2],[1,0,1],[1,0,2],[1,2,0],[2,1,2],[2,3,0],[3,4,0],[3,5,1],[3,6,2],[4,1,1],[4,5,2],[4,6,0],[5,0,2],[5,1,1],[5,1,2],[5,3,1],[5,4,1],[6,1,0],[6,3,0],[6,5,0],[6,6,1],[7,0,1],[7,2,2],[7,3,0],[7,4,2]]",26,163,5568,"[1,1,1,1,1,1,1,1,0,0,0,0,0,0,0,0,0,0,0,0,0,0,0,0,0,0,0,0,0]",255,8,8,0
cklr_m8_s85_1634075a74a3b7fb,1634075a74a3b7fb,8,29,85,2895366632684010284,0.11,4,2,"[[0,0,1],[0,4,1],[0,6,0],[0,6,1],[1,3,1],[1,5,1],[2,5,1],[4,3,0],[5,4,1],[6,0,0],[6,1,1],[7,2,0],[7,5,2]]",13,176,5945,"[1,1,1,1,1,1,1,1,0,0,0,0,0,0,0,0,0,0,0,0,0,0,0,0,0,0,0,0,0]",255,8,8,0
cklr_m8_s86_b8ea09f9860ce80c,b8ea09f9860ce80c,8,29,86,1039355291166413081,0.11,4,3,"[[0,4,2],[0,5,2],[0,6,1],[2,6,1],[3,0,1],[3,3,0],[3,6,1],[4,3,1],[4,4,0],[4,4,2],[4,5,1],[4,5,2],[4,6,2],[5,6,0],[6,5,0],[6,5,2],[7,1,0],[7,1,2],[7,5,1],[7,5,2],[7,6,1]]",21,168,5713,"[1,1,1,1,1,1,1,1,0,0,0,0,0,0,0,0,0,0,0,0,0,0,0,0,0,0,0,0,0]",255,8,8,0
cklr_m8_s87_6eb636e9080407d1,6eb636e9080407d1,8,29,87,5778626051758971875,0.11,4,4,"[[0,5,1],[0,5,2],[0,6,0],[1,4,0],[1,4,1],[1,4,2],[2,0,0],[2,2,0],[2,3,0],[2,4,2],[2,5,2],[3,1,0],[3,2,0],[3,4,2],[4,1,0],[4,3,2],[4,4,0],[4,5,0],[5,0,1],[5,1,2],[5,3,2],[6,6,1],[7,1,0],[7,5,0],[7,6,0]]",25,164,5597,"[1,1,1,1,1,1,1,1,0,0,0,0,0,0,0,0,0,0,0,0,0,0,0,0,0,0,0,0,0]",255,8,8,0
cklr_m8_s88_34bef491dd0233c5,34bef491dd0233c5,8,29,88,8321009124981550774,0.11,4,5,"[[0,0,0],[0,1,1],[0,4,2],[0,5,2],[0,6,1],[1,0,0],[1,2,2],[1,4,1],[1,6,0],[3,0,1],[3,1,2],[4,0,2],[4,2,2],[4,6,0],[5,0,2],[6,2,2],[6,4,1],[6,5,0],[7,0,2],[7,1,1],[7,4,0],[7,4,1],[7,5,2]]",23,166,5655,"[1,1,1,1,1,1,1,1,0,0,0,0,0,0,0,0,0,0,0,0,0,0,0,0,0,0,0,0,0]",255,8,8,0
cklr_m8_s89_786fdb69b1f8f193,786fdb69b1f8f193,8,29,89,7248320916274480682,0.11,4,6,"[[0,0,1],[0,5,2],[0,6,2],[1,1,0],[1,1,2],[1,6,2],[2,0,2],[2,1,0],[2,4,1],[2,4,2],[3,3,1],[3,3,2],[3,4,1],[3,6,0],[3,6,1],[4,0,2],[4,1,2],[5,1,2],[5,6,1],[6,0,1],[7,3,2],[7,6,0]]",22,167,5684,"[1,1,1,1,1,1,1,1,0,0,0,0,0,0,0,0,0,0,0,0,0,0,0,0,0,0,0,0,0]",255,8,8,0
cklr_m8_s90_03ad4cdcb9e9a467,03ad4cdcb9e9a467,8,29,90,2346172652223261057,0.11,4,7,"[[0,1,0],[0,6,0],[0,6,2],[2,2,0],[2,6,0],[3,1,0],[3,3,2],[4,0,0],[4,2,2],[4,3,1],[5,3,0],[5,4,2],[6,0,2],[6,2,0],[6,5,1],[6,5,2],[6,6,0],[7,2,0],[7,3,0],[7,6,2]]",20,169,5742,"[1,1,1,1,1,1,1,1,0,0,0,0,0,0,0,0,0,0,0,0,0,0,0,0,0,0,0,0,0]",255,8,8,0
cklr_m8_s91_4fee2aceb0d90d1b,4fee2aceb0d90d1b,8,29,91,1947322880537582731,0.11,4,8,"[[0,1,1],[0,4,2],[1,4,0],[1,4,2],[2,0,1],[3,4,1],[3,4,2],[4,1,0],[4,1,2],[4,2,0],[4,2,1],[4,3,0],[4,5,2],[5,0,2],[5,5,1],[5,6,1],[6,2,0]]",17,172,5829,"[1,1,1,1,1,1,1,1,0,0,0,0,0,0,0,0,0,0,0,0,0,0,0,0,0,0,0,0,0]",255,8,8,0
cklr_m8_s92_f9f56b27fd52ffac,f9f56b27fd52ffac,8,29,92,7946977290781783367,0.11,4,9,"[[0,3,1],[0,3,2],[0,5,1],[1,1,2],[1,3,1],[1,4,2],[2,1,1],[2,4,0],[2,4,2],[2,5,0],[3,2,2],[3,3,1],[4,3,1],[4,4,0],[6,0,2],[6,4,1],[6,5,1],[6,5,2],[7,4,0],[7,4,2]]",20,169,5742,"[1,1,1,1,1,1,1,1,0,0,0,0,0,0,0,0,0,0,0,0,0,0,0,0,0,0,0,0,0]",255,8,8,0
cklr_m8_s93_fbe96eab862f8735,fbe96eab862f8735,8,29,93,1357111411447410045,0.11,4,10,"[[0,1,0],[1,2,1],[1,3,2],[1,6,0],[1,6,2],[2,0,0],[2,0,2],[2,6,0],[3,1,0],[3,5,2],[3,6,1],[4,0,1],[4,2,0],[4,4,0],[4,4,1],[4,5,1],[4,6,1],[5,2,1],[7,0,0],[7,1,1],[7,5,0],[7,6,2]]",22,167,5684,"[1,1,1,1,1,1,1,1,0,0,0,0,0,0,0,0,0,0,0,0,0,0,0,0,0,0,0,0,0]",255,8,8,0
cklr_m8_s94_b0350fa34333f4b7,b0350fa34333f4b7,8,29,94,2026792669400628412,0.11,4,11,"[[0,3,1],[0,5,0],[2,0,0],[2,1,2],[2,4,1],[2,5,2],[3,4,1],[4,0,2],[5,2,2],[5,3,2],[6,4,1],[6,6,2],[7,4,1]]",13,176,5945,"[1,1,1,1,1,1,1,1,0,0,0,0,0,0,0,0,0,0,0,0,0,0,0,0,0,0,0,0,0]",255,8,8,0
cklr_m8_s95_50baa796e5cab205,50baa796e5cab205,8,29,95,1386597065661472128,0.11,4,12,"[[1,2,2],[1,3,0],[1,6,2],[2,0,1],[3,0,2],[3,2,2],[3,3,1],[4,3,0],[6,0,0],[6,1,2],[6,2,1],[6,4,0],[7,0,1],[7,1,0],[7,2,1],[7,3,0],[7,3,2],[7,5,0],[7,6,0]]",19,170,5771,"[1,1,1,1,1,1,1,1,0,0,0,0,0,0,0,0,0,0,0,0,0,0,0,0,0,0,0,0,0]",255,8,8,0
cklr_m8_s96_da9c14f77ac23524,da9c14f77ac23524,8,29,96,2430156298978394225,0.11,4,13,"[[0,2,2],[1,6,0],[2,4,0],[2,5,1],[2,5,2],[3,0,1],[3,2,0],[3,5,2],[4,0,1],[4,5,2],[5,1,1],[5,3,1],[5,6,0],[6,1,0],[6,1,1],[6,2,1],[6,4,2],[6,6,1],[6,6,2],[7,1,1],[7,2,0]]",21,168,5713,"[1,1,1,1,1,1,1,1,0,0,0,0,0,0,0,0,0,0,0,0,0,0,0,0,0,0,0,0,0]",255,8,8,0
cklr_m8_s97_1c84f7ba41f393e3,1c84f7ba41f393e3,8,29,97,8079222345216265507,0.11,4,14,"[[0,3,2],[1,2,2],[1,3,0],[1,3,2],[1,5,0],[2,1,1],[2,1,2],[2,3,2],[2,6,1],[3,4,1],[3,5,1],[4,2,2],[4,6,0],[5,0,0],[5,4,0],[5,6,2],[6,2,0],[6,6,2],[7,2,0],[7,2,1]]",20,169,5742,"[1,1,1,1,1,1,1,1,0,0,0,0,0,0,0,0,0,0,0,0,0,0,0,0,0,0,0,0,0]",255,8,8,0
cklr_m8_s98_6197ecaa2b1ae1b4,6197ecaa2b1ae1b4,8,29,98,7128078079153346264,0.11,4,15,"[[0,2,2],[1,2,0],[1,2,2],[2,0,2],[2,1,2],[3,3,1],[4,3,1],[4,6,1],[5,4,1],[5,4,2],[5,5,1],[5,6,1],[6,3,1],[6,4,2],[7,2,0],[7,4,1],[7,5,0]]",17,172,5829,"[1,1,1,1,1,1,1,1,0,0,0,0,0,0,0,0,0,0,0,0,0,0,0,0,0,0,0,0,0]",255,8,8,0
cklr_m8_s99_9c8232f8af9482fa,9c8232f8af9482fa,8,29,99,3543738164183212364,0.11,4,16,"[[0,1,1],[0,2,0],[0,3,0],[1,0,0],[1,1,0],[2,5,1],[2,5,2],[4,1,2],[4,2,1],[4,3,1],[4,6,1],[5,1,2],[6,0,2],[6,2,1],[6,6,2],[7,2,0]]",16,173,5858,"[1,1,1,1,1,1,1,1,0,0,0,0,0,0,0,0,0,0,0,0,0,0,0,0,0,0,0,0,0]",255,8,8,0
cklr_m8_s100_fad0a36a6d6bd65c,fad0a36a6d6bd65c,8,29,100,4292251040798426488,0.03,0,1,"[[1,3,0],[2,2,0],[5,2,2],[6,1,1]]",4,185,6206,"[1,1,1,1,1,1,1,1,0,0,0,0,0,0,0,0,0,0,0,0,0,0,0,0,0,0,0,0,0]",255,8,8,0
cklr_m8_s101_e1c54b7957a3724c,e1c54b7957a3724c,8,29,101,1246666823151746266,0.03,0,2,"[[0,2,0],[3,2,0],[5,6,1],[6,4,0],[7,0,1]]",5,184,6177,"[1,1,1,1,1,1,1,1,0,0,0,0,0,0,0,0,0,0,0,0,0,0,0,0,0,0,0,0,0]",255,8,8,0
cklr_m8_s102_904546fb1ee3a8f2,904546fb1ee3a8f2,8,29,102,2809833700384421515,0.03,0,3,"[[1,4,1],[2,1,1],[6,3,2]]",3,186,6235,"[1,1,1,1,1,1,1,1,0,0,0,0,0,0,0,0,0,0,0,0,0,0,0,0,0,0,0,0,0]",255,8,8,0
cklr_m8_s103_da9bf4e2ae5b12c8,da9bf4e2ae5b12c8,8,29,103,4166091185752988268,0.03,0,4,"[[0,2,1],[3,0,2],[3,5,2],[4,3,2],[4,6,2],[5,0,0],[6,0,2],[7,1,2]]",8,181,6090,"[1,1,1,1,1,1,1,1,0,0,0,0,0,0,0,0,0,0,0,0,0,0,0,0,0,0,0,0,0]",255,8,8,0
cklr_m8_s104_1cbe1b87fc4bfc35,1cbe1b87fc4bfc35,8,29,104,247291003601123037,0.03,0,5,"[[1,3,1],[2,3,0]]",2,187,6264,"[1,1,1,1,1,1,1,1,0,0,0,0,0,0,0,0,0,0,0,0,0,0,0,0,0,0,0,0,0]",255,8,8,0
cklr_m8_s105_dc01db36fe0301d2,dc01db36fe0301d2,8,29,105,6200372049953310471,0.03,0,6,"[[2,1,1],[2,1,2],[3,4,1]]",3,186,6235,"[1,1,1,1,1,1,1,1,0,0,0,0,0,0,0,0,0,0,0,0,0,0,0,0,0,0,0,0,0]",255,8,8,0
cklr_m8_s106_c975cad3e677d7f9,c975cad3e677d7f9,8,29,106,4666114013348648998,0.03,0,8,"[[0,0,1],[0,3,0],[2,4,1],[2,4,2],[5,0,1]]",5,184,6177,"[1,1,1,1,1,1,1,1,0,0,0,0,0,0,0,0,0,0,0,0,0,0,0,0,0,0,0,0,0]",255,8,8,0
cklr_m8_s107_35da90fe7ff20592,35da90fe7ff20592,8,29,107,7763184832600131075,0.03,0,9,"[[0,5,1],[1,5,0],[4,2,1],[4,6,2],[5,0,2],[5,1,1],[6,6,1],[7,0,1]]",8,181,6090,"[1,1,1,1,1,1,1,1,0,0,0,0,0,0,0,0,0,0,0,0,0,0,0,0,0,0,0,0,0]",255,8,8,0
cklr_m8_s108_180725b58226a201,180725b58226a201,8,29,108,7480224358244417240,0.03,0,10,"[[0,1,2],[2,0,0],[4,2,1],[4,4,2],[7,5,0]]",5,184,6177,"[1,1,1,1,1,1,1,1,0,0,0,0,0,0,0,0,0,0,0,0,0,0,0,0,0,0,0,0,0]",255,8,8,0
cklr_m8_s109_8d3a3b61284af138,8d3a3b61284af138,8,29,109,3973044075625879009,0.03,0,11,"[[2,2,2],[2,6,0],[4,1,0],[4,5,1],[5,3,0],[5,6,0],[7,0,1],[7,2,2],[7,5,0]]",9,180,6061,"[1,1,1,1,1,1,1,1,0,0,0,0,0,0,0,0,0,0,0,0,0,0,0,0,0,0,0,0,0]",255,8,8,0
cklr_m8_s110_8b13232f3553a462,8b13232f3553a462,8,29,110,8232548335475988554,0.03,0,12,"[[6,2,1]]",1,188,6293,"[1,1,1,1,1,1,1,1,0,0,0,0,0,0,0,0,0,0,0,0,0,0,0,0,0,0,0,0,0]",255,8,8,0
cklr_m8_s111_9d8beca07a76df3f,9d8beca07a76df3f,8,29,111,4250359967179445978,0.03,0,13,"[[1,1,0],[1,3,1],[2,1,0],[3,0,2],[7,2,2],[7,6,2]]",6,183,6148,"[1,1,1,1,1,1,1,1,0,0,0,0,0,0,0,0,0,0,0,0,0,0,0,0,0,0,0,0,0]",255,8,8,0
cklr_m8_s112_ca7335f4aa063359,ca7335f4aa063359,8,29,112,4710070242971272098,0.03,0,14,"[[1,3,1],[5,0,2],[6,6,0]]",3,186,6235,"[1,1,1,1,1,1,1,1,0,0,0,0,0,0,0,0,0,0,0,0,0,0,0,0,0,0,0,0,0]",255,8,8,0
cklr_m8_s113_2200e098fdcadb94,2200e098fdcadb94,8,29,113,6014663362082848088,0.03,0,15,"[[0,5,0],[2,3,1],[6,5,0]]",3,186,6235,"[1,1,1,1,1,1,1,1,0,0,0,0,0,0,0,0,0,0,0,0,0,0,0,0,0,0,0,0,0]",255,8,8,0
cklr_m8_s114_bfae84cccd713fa7,bfae84cccd713fa7,8,29,114,4555220389208974580,0.03,0,16,"[[1,6,2]]",1,188,6293,"[1,1,1,1,1,1,1,1,0,0,0,0,0,0,0,0,0,0,0,0,0,0,0,0,0,0,0,0,0]",255,8,8,0
cklr_m8_s115_76f66f9ddb6943b4,76f66f9ddb6943b4,8,29,115,5454742155067290635,0.03,0,17,"[[1,2,1],[2,4,1],[3,4,0],[3,5,0],[4,0,1],[6,0,0]]",6,183,6148,"[1,1,1,1,1,1,1,1,0,0,0,0,0,0,0,0,0,0,0,0,0,0,0,0,0,0,0,0,0]",255,8,8,0
cklr_m8_s116_00d6472b6d514ce2,00d6472b6d514ce2,8,29,116,7332581787701513692,0.03,0,18,"[[0,3,2],[4,1,1],[4,3,1]]",3,186,6235,"[1,1,1,1,1,1,1,1,0,0,0,0,0,0,0,0,0,0,0,0,0,0,0,0,0,0,0,0,0]",255,8,8,0
cklr_m8_s117_4c8b83b0d8df2579,4c8b83b0d8df2579,8,29,117,9173140592375690074,0.03,0,19,"[[0,1,0],[3,0,0],[3,3,2],[5,3,1],[5,3,2],[6,2,0]]",6,183,6148,"[1,1,1,1,1,1,1,1,0,0,0,0,0,0,0,0,0,0,0,0,0,0,0,0,0,0,0,0,0]",255,8,8,0
cklr_m8_s118_1983501330be57fb,1983501330be57fb,8,29,118,1070105753168138705,0.03,0,20,"[[0,4,1],[1,5,2],[6,6,0]]",3,186,6235,"[1,1,1,1,1,1,1,1,0,0,0,0,0,0,0,0,0,0,0,0,0,0,0,0,0,0,0,0,0]",255,8,8,0
cklr_m8_s119_b8ab46f35ec93ff1,b8ab46f35ec93ff1,8,29,119,4193292280043489128,0.03,0,21,"[[0,5,1],[1,1,1],[1,5,1],[3,2,2],[4,0,1],[7,4,2]]",6,183,6148,"[1,1,1,1,1,1,1,1,0,0,0,0,0,0,0,0,0,0,0,0,0,0,0,0,0,0,0,0,0]",255,8,8,0
cklr_m8_s120_4e5cb0b38ecb6447,4e5cb0b38ecb6447,8,29,120,3416012113461540776,0.05,1,1,"[[0,5,1],[1,5,1],[2,3,1],[2,5,2],[2,6,2],[6,2,2],[6,3,2],[7,0,1]]",8,181,6090,"[1,1,1,1,1,1,1,1,0,0,0,0,0,0,0,0,0,0,0,0,0,0,0,0,0,0,0,0,0]",255,8,8,0
cklr_m8_s121_e1f75c8446eaac2d,e1f75c8446eaac2d,8,29,121,5652907480657214990,0.05,1,2,"[[0,6,2],[2,1,2],[4,2,1],[4,2,2],[4,4,0],[5,4,2]]",6,183,6148,"[1,1,1,1,1,1,1,1,0,0,0,0,0,0,0,0,0,0,0,0,0,0,0,0,0,0,0,0,0]",255,8,8,0
cklr_m8_s122_263b60329a0f6541,263b60329a0f6541,8,29,122,7852273483647240134,0.05,1,3,"[[0,3,0],[0,3,2],[1,6,1],[2,3,1],[4,1,2],[4,2,0],[4,4,0],[5,0,1],[5,2,1],[6,0,0],[6,2,1],[6,3,2],[7,3,2],[7,6,1]]",14,175,5916,"[1,1,1,1,1,1,1,1,0,0,0,0,0,0,0,0,0,0,0,0,0,0,0,0,0,0,0,0,0]",255,8,8,0
cklr_m8_s123_c740e2ef4e68b8a2,c740e2ef4e68b8a2,8,29,123,2273316907917054160,0.05,1,4,"[[0,0,2],[0,1,2],[1,1,0],[1,6,2],[2,6,0],[4,2,1],[4,3,0],[4,5,1],[5,4,1],[7,6,2]]",10,179,6032,"[1,1,1,1,1,1,1,1,0,0,0,0,0,0,0,0,0,0,0,0,0,0,0,0,0,0,0,0,0]",255,8,8,0
cklr_m8_s124_a5e4e2d8c94ed2df,a5e4e2d8c94ed2df,8,29,124,7245941176114558018,0.05,1,5,"[[0,4,1],[1,2,2],[2,1,1],[3,4,0],[3,4,2],[4,3,2],[5,0,2],[5,4,2]]",8,181,6090,"[1,1,1,1,1,1,1,1,0,0,0,0,0,0,0,0,0,0,0,0,0,0,0,0,0,0,0,0,0]",255,8,8,0
cklr_m8_s125_48f2d51705a0a857,48f2d51705a0a857,8,29,125,1757138063300481431,0.05,1,6,"[[1,0,0],[1,2,1],[1,3,2],[2,2,2],[2,6,0],[3,0,2],[3,6,2],[6,1,1],[7,2,1],[7,5,0],[7,5,1]]",11,178,6003,"[1,1,1,1,1,1,1,1,0,0,0,0,0,0,0,0,0,0,0,0,0,0,0,0,0,0,0,0,0]",255,8,8,0
cklr_m8_s126_9ea2041f300edfe7,9ea2041f300edfe7,8,29,126,4917322204357762145,0.05,1,7,"[[0,1,1],[0,3,2],[2,1,1],[2,2,1],[4,0,0],[6,3,2],[6,4,2],[7,2,1]]",8,181,6090,"[1,1,1,1,1,1,1,1,0,0,0,0,0,0,0,0,0,0,0,0,0,0,0,0,0,0,0,0,0]",255,8,8,0
cklr_m8_s127_7917a2246840ce6f,7917a2246840ce6f,8,29,127,3536662565290685660,0.05,1,8,"[[0,2,0],[1,2,0],[3,2,1],[3,3,2],[5,3,0],[6,0,0],[6,3,0],[6,3,1]]",8,181,6090,"[1,1,1,1,1,1,1,1,0,0,0,0,0,0,0,0,0,0,0,0,0,0,0,0,0,0,0,0,0]",255,8,8,0
cklr_m8_s128_abd16113d7035c31,abd16113d7035c31,8,29,128,3700374596117222249,0.05,1,9,"[[0,0,1],[5,0,2],[6,3,0],[6,6,0]]",4,185,6206,"[1,1,1,1,1,1,1,1,0,0,0,0,0,0,0,0,0,0,0,0,0,0,0,0,0,0,0,0,0]",255,8,8,0
cklr_m8_s129_d37978ed6e5fa3fa,d37978ed6e5fa3fa,8,29,129,879907652578962305,0.05,1,10,"[[2,5,2],[4,3,1],[4,3,2],[4,5,0],[6,6,2],[7,4,2]]",6,183,6148,"[1,1,1,1,1,1,1,1,0,0,0,0,0,0,0,0,0,0,0,0,0,0,0,0,0,0,0,0,0]",255,8,8,0
cklr_m8_s130_14968a361d7fbffb,14968a361d7fbffb,8,29,130,2809087036602480827,0.05,1,11,"[[0,5,0],[1,4,1],[3,1,2],[3,3,0],[6,1,1]]",5,184,6177,"[1,1,1,1,1,1,1,1,0,0,0,0,0,0,0,0,0,0,0,0,0,0,0,0,0,0,0,0,0]",255,8,8,0
cklr_m8_s131_0740aec83a856773,0740aec83a856773,8,29,131,2369963289303783515,0.05,1,12,"[[0,2,0],[0,4,0],[1,0,0],[1,1,2],[1,2,1],[3,6,0],[3,6,1],[4,2,2],[4,6,0],[5,0,2],[6,3,1]]",11,178,6003,"[1,1,1,1,1,1,1,1,0,0,0,0,0,0,0,0,0,0,0,0,0,0,0,0,0,0,0,0,0]",255,8,8,0
cklr_m8_s132_2b2630e32ddd1095,2b2630e32ddd1095,8,29,132,6875461832487408696,0.05,1,13,"[[0,4,1],[1,5,2],[4,0,1],[4,1,2],[5,6,1],[6,0,0]]",6,183,6148,"[1,1,1,1,1,1,1,1,0,0,0,0,0,0,0,0,0,0,0,0,0,0,0,0,0,0,0,0,0]",255,8,8,0
cklr_m8_s133_d90ca94cbfc40da8,d90ca94cbfc40da8,8,29,133,2492749289585294153,0.05,1,14,"[[2,5,0],[4,0,1],[5,2,1],[5,3,0],[5,4,0],[6,4,1]]",6,183,6148,"[1,1,1,1,1,1,1,1,0,0,0,0,0,0,0,0,0,0,0,0,0,0,0,0,0,0,0,0,0]",255,8,8,0
cklr_m8_s134_50f4c8cf3269bede,50f4c8cf3269bede,8,29,134,2521560363951673038,0.05,1,15,"[[0,0,1],[0,2,0],[0,4,2],[1,0,0],[2,6,2],[3,3,1],[4,5,0],[4,6,0],[7,5,0]]",9,180,6061,"[1,1,1,1,1,1,1,1,0,0,0,0,0,0,0,0,0,0,0,0,0,0,0,0,0,0,0,0,0]",255,8,8,0
cklr_m8_s135_c8792f855b8d0161,c8792f855b8d0161,8,29,135,8451062434768682817,0.05,1,16,"[[0,2,1],[1,2,0],[1,5,0],[2,6,2],[4,1,2],[4,3,2],[4,4,1],[7,2,0]]",8,181,6090,"[1,1,1,1,1,1,1,1,0,0,0,0,0,0,0,0,0,0,0,0,0,0,0,0,0,0,0,0,0]",255,8,8,0
cklr_m8_s136_d9a83bd148548b3a,d9a83bd148548b3a,8,29,136,7709656726166808025,0.05,1,17,"[[2,0,1],[2,0,2],[3,1,1],[4,0,0],[4,4,1],[6,0,2]]",6,183,6148,"[1,1,1,1,1,1,1,1,0,0,0,0,0,0,0,0,0,0,0,0,0,0,0,0,0,0,0,0,0]",255,8,8,0
cklr_m8_s137_b21bb13f9d0c8f4f,b21bb13f9d0c8f4f,8,29,137,140985491994517996,0.05,1,18,"[[3,0,2],[3,1,2],[3,4,0],[3,6,0],[3,6,2],[4,2,2],[5,1,2],[5,5,2],[6,0,2],[6,5,1]]",10,179,6032,"[1,1,1,1,1,1,1,1,0,0,0,0,0,0,0,0,0,0,0,0,0,0,0,0,0,0,0,0,0]",255,8,8,0
cklr_m8_s138_78a6e62962a0734c,78a6e62962a0734c,8,29,138,4961642273209976917,0.05,1,19,"[[0,6,1],[1,0,1],[2,6,2],[3,3,2],[5,5,0],[7,3,0]]",6,183,6148,"[1,1,1,1,1,1,1,1,0,0,0,0,0,0,0,0,0,0,0,0,0,0,0,0,0,0,0,0,0]",255,8,8,0
cklr_m8_s139_7c072692388c95ea,7c072692388c95ea,8,29,139,1858878725069407369,0.05,1,20,"[[0,3,2],[1,4,2],[2,2,1],[2,2,2],[4,1,0],[4,2,2],[4,4,0],[5,2,1],[7,2,1]]",9,180,6061,"[1,1,1,1,1,1,1,1,0,0,0,0,0,0,0,0,0,0,0,0,0,0,0,0,0,0,0,0,0]",255,8,8,0
cklr_m8_s140_e12266e03aa15c51,e12266e03aa15c51,8,29,140,2795576309927869186,0.07,2,1,"[[0,4,0],[0,4,2],[0,5,0],[1,2,1],[2,1,1],[2,2,1],[2,3,2],[3,6,2],[5,1,0],[5,2,2],[6,4,2],[6,5,1],[7,3,1],[7,4,0]]",14,175,5916,"[1,1,1,1,1,1,1,1,0,0,0,0,0,0,0,0,0,0,0,0,0,0,0,0,0,0,0,0,0]",255,8,8,0
cklr_m8_s141_dd39e9140ed75f0b,dd39e9140ed75f0b,8,29,141,6797286529840182021,0.07,2,2,"[[0,3,0],[0,5,0],[0,6,1],[1,4,0],[1,5,1],[1,6,1],[1,6,2],[2,0,0],[2,0,2],[2,1,2],[2,5,0],[2,6,1],[3,1,0],[3,2,0],[3,4,0],[3,4,2],[4,1,0],[4,1,2],[6,2,1],[7,2,1]]",20,169,5742,"[1,1,1,1,1,1,1,1,0,0,0,0,0,0,0,0,0,0,0,0,0,0,0,0,0,0,0,0,0]",255,8,8,0
cklr_m8_s142_076bf4769c081089,076bf4769c081089,8,29,142,4989226637943381801,0.07,2,3,"[[0,4,0],[0,5,1],[1,4,0],[2,4,1],[2,6,2],[3,3,0],[4,1,1],[4,4,0],[5,1,0],[5,5,0],[5,6,1],[6,1,2],[7,1,0],[7,2,1]]",14,175,5916,"[1,1,1,1,1,1,1,1,0,0,0,0,0,0,0,0,0,0,0,0,0,0,0,0,0,0,0,0,0]",255,8,8,0
cklr_m8_s143_9c5e559f5dd2846e,9c5e559f5dd2846e,8,29,143,1213238945119068774,0.07,2,4,"[[0,0,2],[0,1,0],[0,3,0],[0,4,0],[1,0,1],[1,2,0],[1,5,1],[2,6,0],[4,5,1],[4,6,1],[5,2,2],[5,3,0],[5,4,0],[6,1,0],[7,3,1],[7,3,2],[7,5,2]]",17,172,5829,"[1,1,1,1,1,1,1,1,0,0,0,0,0,0,0,0,0,0,0,0,0,0,0,0,0,0,0,0,0]",255,8,8,0
cklr_m8_s144_5f91c03185ece08f,5f91c03185ece08f,8,29,144,4587471577752684419,0.07,2,5,"[[0,1,2],[0,3,0],[1,4,0],[1,4,2],[2,6,0],[4,4,0],[5,0,2],[5,2,0],[6,0,0],[6,2,1],[7,1,0],[7,3,0]]",12,177,5974,"[1,1,1,1,1,1,1,1,0,0,0,0,0,0,0,0,0,0,0,0,0,0,0,0,0,0,0,0,0]",255,8,8,0
cklr_m8_s145_2abbdb5cc68b654c,2abbdb5cc68b654c,8,29,145,7532751032368283713,0.07,2,6,"[[0,1,1],[1,6,2],[2,0,2],[2,3,2],[2,4,1],[3,0,0],[3,2,2],[4,1,1],[4,3,2],[5,0,2],[5,1,1],[6,0,0],[6,1,1]]",13,176,5945,"[1,1,1,1,1,1,1,1,0,0,0,0,0,0,0,0,0,0,0,0,0,0,0,0,0,0,0,0,0]",255,8,8,0
cklr_m8_s146_b9277f9c4d1575b6,b9277f9c4d1575b6,8,29,146,1890638361825166297,0.07,2,7,"[[0,1,1],[0,3,1],[1,4,2],[1,5,1],[2,5,0],[2,6,2],[4,0,2],[4,6,0],[5,3,0],[6,3,2],[7,2,0],[7,3,1]]",12,177,5974,"[1,1,1,1,1,1,1,1,0,0,0,0,0,0,0,0,0,0,0,0,0,0,0,0,0,0,0,0,0]",255,8,8,0
cklr_m8_s147_b5b697e950839f4e,b5b697e950839f4e,8,29,147,4427449947504375072,0.07,2,8,"[[0,2,1],[0,3,0],[1,1,0],[1,2,2],[1,5,2],[3,0,2],[3,5,0],[5,5,2],[7,0,2]]",9,180,6061,"[1,1,1,1,1,1,1,1,0,0,0,0,0,0,0,0,0,0,0,0,0,0,0,0,0,0,0,0,0]",255,8,8,0
cklr_m8_s148_f98dabd786122eae,f98dabd786122eae,8,29,148,4683978146135355541,0.07,2,9,"[[2,1,2],[2,4,0],[3,3,1],[4,3,2],[5,3,2],[5,6,2],[6,5,0],[7,3,0],[7,3,1],[7,6,1]]",10,179,6032,"[1,1,1,1,1,1,1,1,0,0,0,0,0,0,0,0,0,0,0,0,0,0,0,0,0,0,0,0,0]",255,8,8,0
cklr_m8_s149_61ff1333c9c44255,61ff1333c9c44255,8,29,149,8258764174636095632,0.07,2,10,"[[0,2,2],[0,6,0],[1,1,0],[1,4,2],[1,6,0],[2,1,2],[2,5,1],[3,5,1],[4,0,0],[5,0,2],[5,1,1],[5,3,0],[6,2,2],[7,3,0]]",14,175,5916,"[1,1,1,1,1,1,1,1,0,0,0,0,0,0,0,0,0,0,0,0,0,0,0,0,0,0,0,0,0]",255,8,8,0
cklr_m8_s150_11e50ea2c6942746,11e50ea2c6942746,8,29,150,462069543783612082,0.07,2,11,"[[0,0,0],[0,0,1],[0,5,2],[1,2,0],[1,2,1],[2,2,2],[2,5,2],[4,0,0],[4,2,2],[5,5,0]]",10,179,6032,"[1,1,1,1,1,1,1,1,0,0,0,0,0,0,0,0,0,0,0,0,0,0,0,0,0,0,0,0,0]",255,8,8,0
cklr_m8_s151_96053a88a5baaa68,96053a88a5baaa68,8,29,151,8289325021070246068,0.07,2,12,"[[0,0,0],[0,1,0],[1,0,2],[1,5,0],[2,3,1],[3,6,1],[4,3,0],[4,3,1],[4,5,0],[5,5,0],[5,6,2],[6,3,1],[7,2,2],[7,5,1]]",14,175,5916,"[1,1,1,1,1,1,1,1,0,0,0,0,0,0,0,0,0,0,0,0,0,0,0,0,0,0,0,0,0]",255,8,8,0
cklr_m8_s152_537eca948d6ea99c,537eca948d6ea99c,8,29,152,6435812602172299083,0.07,2,13,"[[1,5,2],[2,1,0],[2,4,2],[2,5,0],[3,4,0],[3,5,2],[4,6,2],[5,4,1],[6,3,2],[7,5,2],[7,6,0]]",11,178,6003,"[1,1,1,1,1,1,1,1,0,0,0,0,0,0,0,0,0,0,0,0,0,0,0,0,0,0,0,0,0]",255,8,8,0
cklr_m8_s153_5b5ef71391467583,5b5ef71391467583,8,29,153,142096001544193739,0.07,2,14,"[[0,0,1],[0,2,1],[0,3,2],[0,4,2],[2,1,1],[2,3,0],[2,4,2],[3,0,1],[3,2,1],[3,3,0],[3,4,2],[4,1,0],[5,3,0],[6,2,1],[6,6,0]]",15,174,5887,"[1,1,1,1,1,1,1,1,0,0,0,0,0,0,0,0,0,0,0,0,0,0,0,0,0,0,0,0,0]",255,8,8,0
cklr_m8_s154_f5ee4f4bcc11fbbf,f5ee4f4bcc11fbbf,8,29,154,3433572234856142392,0.07,2,15,"[[0,4,2],[1,1,2],[1,3,0],[3,2,0],[4,4,1],[5,2,0],[6,1,1],[6,4,2],[7,3,1]]",9,180,6061,"[1,1,1,1,1,1,1,1,0,0,0,0,0,0,0,0,0,0,0,0,0,0,0,0,0,0,0,0,0]",255,8,8,0
cklr_m8_s155_1e82eac158a3bb05,1e82eac158a3bb05,8,29,155,3554674375139517563,0.07,2,16,"[[0,2,2],[0,3,2],[1,0,1],[2,1,1],[2,3,0],[3,4,0],[3,6,1],[4,4,2],[4,5,1],[5,0,2],[5,4,2]]",11,178,6003,"[1,1,1,1,1,1,1,1,0,0,0,0,0,0,0,0,0,0,0,0,0,0,0,0,0,0,0,0,0]",255,8,8,0
cklr_m8_s156_7bc1c5aa417d11ba,7bc1c5aa417d11ba,8,29,156,8964488498405974093,0.07,2,17,"[[1,1,2],[2,2,0],[3,1,1],[3,5,1],[4,1,2],[4,4,1],[5,0,0],[5,1,0],[5,5,0],[5,6,2],[6,2,2],[7,1,1]]",12,177,5974,"[1,1,1,1,1,1,1,1,0,0,0,0,0,0,0,0,0,0,0,0,0,0,0,0,0,0,0,0,0]",255,8,8,0
cklr_m8_s157_a72c8d36cd33fd6e,a72c8d36cd33fd6e,8,29,157,4255979189654331960,0.07,2,18,"[[0,6,2],[1,1,1],[2,0,2],[3,4,2],[5,1,1]]",5,184,6177,"[1,1,1,1,1,1,1,1,0,0,0,0,0,0,0,0,0,0,0,0,0,0,0,0,0,0,0,0,0]",255,8,8,0
cklr_m8_s158_e692d21fab194d0a,e692d21fab194d0a,8,29,158,1733601508768304102,0.07,2,19,"[[0,0,0],[0,1,0],[1,4,2],[3,1,2],[3,2,1],[3,2,2],[3,6,0],[4,0,0],[4,3,2],[4,6,2],[5,6,1],[6,0,1],[7,0,1],[7,6,0]]",14,175,5916,"[1,1,1,1,1,1,1,1,0,0,0,0,0,0,0,0,0,0,0,0,0,0,0,0,0,0,0,0,0]",255,8,8,0
cklr_m8_s159_f6b1a2e1e64ddbcc,f6b1a2e1e64ddbcc,8,29,159,6221715921892969074,0.07,2,20,"[[0,0,2],[0,1,1],[0,5,1],[1,2,0],[1,3,0],[1,3,1],[1,4,0],[2,1,1],[2,4,0],[3,5,0],[5,1,1],[6,2,2],[7,2,0],[7,5,1]]",14,175,5916,"[1,1,1,1,1,1,1,1,0,0,0,0,0,0,0,0,0,0,0,0,0,0,0,0,0,0,0,0,0]",255,8,8,0
cklr_m8_s160_b61389e449352e4a,b61389e449352e4a,8,29,160,1109448484092850647,0.09,3,1,"[[0,4,1],[2,3,0],[2,4,2],[2,5,1],[2,5,2],[3,0,0],[3,0,1],[3,2,1],[3,6,1],[4,0,1],[4,5,2],[4,6,1],[6,3,0],[6,5,2],[7,4,2],[7,6,1]]",16,173,5858,"[1,1,1,1,1,1,1,1,0,0,0,0,0,0,0,0,0,0,0,0,0,0,0,0,0,0,0,0,0]",255,8,8,0
cklr_m8_s161_fd6b346ecc16418e,fd6b346ecc16418e,8,29,161,2077161191675713788,0.09,3,2,"[[0,0,0],[0,1,0],[0,4,0],[0,4,2],[0,5,1],[0,6,0],[0,6,2],[1,3,0],[1,4,0],[1,4,2],[1,6,1],[2,0,2],[3,0,0],[3,4,0],[3,4,1],[4,5,0],[6,0,0],[6,1,2],[6,2,2],[6,5,0],[7,2,1],[7,3,2],[7,4,0]]",23,166,5655,"[1,1,1,1,1,1,1,1,0,0,0,0,0,0,0,0,0,0,0,0,0,0,0,0,0,0,0,0,0]",255,8,8,0
cklr_m8_s162_226a02d37e60d201,226a02d37e60d201,8,29,162,7892250259879602125,0.09,3,3,"[[0,0,1],[0,2,1],[0,3,1],[0,6,1],[1,1,1],[1,2,2],[2,2,0],[2,3,1],[3,5,0],[3,5,2],[4,0,1],[4,4,1],[6,4,2]]",13,176,5945,"[1,1,1,1,1,1,1,1,0,0,0,0,0,0,0,0,0,0,0,0,0,0,0,0,0,0,0,0,0]",255,8,8,0
cklr_m8_s163_84538e4d9fe232e1,84538e4d9fe232e1,8,29,163,5284793991214102442,0.09,3,4,"[[0,4,2],[0,5,0],[1,0,2],[1,5,0],[2,1,0],[2,3,1],[3,1,2],[4,0,0],[4,4,1],[5,1,1],[5,2,1],[5,4,0],[6,0,1],[6,3,1],[7,3,0]]",15,174,5887,"[1,1,1,1,1,1,1,1,0,0,0,0,0,0,0,0,0,0,0,0,0,0,0,0,0,0,0,0,0]",255,8,8,0
cklr_m8_s164_8f16355e027fb847,8f16355e027fb847,8,29,164,2063407177819411050,0.09,3,5,"[[0,0,0],[0,4,2],[0,5,2],[1,1,1],[1,6,1],[1,6,2],[2,1,2],[2,3,1],[2,6,1],[3,2,1],[3,3,0],[4,3,1],[4,4,1],[4,5,2],[5,0,0],[5,3,1],[6,3,0],[6,4,2],[7,1,2],[7,5,2]]",20,169,5742,"[1,1,1,1,1,1,1,1,0,0,0,0,0,0,0,0,0,0,0,0,0,0,0,0,0,0,0,0,0]",255,8,8,0
cklr_m8_s165_b57f3149203f5f45,b57f3149203f5f45,8,29,165,7370795548946063860,0.09,3,6,"[[0,3,1],[1,1,1],[3,2,0],[4,3,1],[4,4,1],[6,2,2],[6,3,2],[7,0,0],[7,0,1],[7,3,1],[7,5,0]]",11,178,6003,"[1,1,1,1,1,1,1,1,0,0,0,0,0,0,0,0,0,0,0,0,0,0,0,0,0,0,0,0,0]",255,8,8,0
cklr_m8_s166_5d1bd96c7581ea02,5d1bd96c7581ea02,8,29,166,2766294692647974247,0.09,3,7,"[[0,0,2],[2,2,1],[3,2,2],[3,3,1],[3,3,2],[5,5,0],[6,0,2],[6,5,0],[6,5,1],[7,0,2],[7,6,0]]",11,178,6003,"[1,1,1,1,1,1,1,1,0,0,0,0,0,0,0,0,0,0,0,0,0,0,0,0,0,0,0,0,0]",255,8,8,0
cklr_m8_s167_f134b924e9a3aca4,f134b924e9a3aca4,8,29,167,4184751996587798515,0.09,3,8,"[[0,0,0],[0,3,2],[1,0,1],[1,2,0],[1,6,1],[2,0,0],[2,1,2],[2,2,1],[3,5,1],[6,1,2],[6,2,1]]",11,178,6003,"[1,1,1,1,1,1,1,1,0,0,0,0,0,0,0,0,0,0,0,0,0,0,0,0,0,0,0,0,0]",255,8,8,0
cklr_m8_s168_baf5bf242c9b8826,baf5bf242c9b8826,8,29,168,5072492462927784744,0.09,3,9,"[[0,0,2],[0,2,0],[0,4,2],[0,5,2],[1,3,2],[1,6,2],[2,3,1],[4,3,1],[5,1,1],[5,5,0],[7,0,1],[7,1,1],[7,4,2],[7,5,0],[7,5,1],[7,6,0]]",16,173,5858,"[1,1,1,1,1,1,1,1,0,0,0,0,0,0,0,0,0,0,0,0,0,0,0,0,0,0,0,0,0]",255,8,8,0
cklr_m8_s169_486275e85dbe9200,486275e85dbe9200,8,29,169,6759898674896209908,0.09,3,10,"[[0,5,2],[1,0,1],[1,0,2],[2,1,0],[2,4,1],[4,1,1],[4,2,2],[4,4,2],[5,2,0],[5,3,1],[5,5,2],[6,0,1],[6,5,1],[6,5,2],[7,2,1]]",15,174,5887,"[1,1,1,1,1,1,1,1,0,0,0,0,0,0,0,0,0,0,0,0,0,0,0,0,0,0,0,0,0]",255,8,8,0
cklr_m8_s170_c7fbda3acabd2528,c7fbda3acabd2528,8,29,170,6660416322539886852,0.09,3,11,"[[1,0,1],[2,1,0],[2,4,1],[2,4,2],[2,5,1],[3,4,1],[3,5,1],[3,6,1],[4,1,0],[4,3,0],[5,0,0],[5,2,0],[5,4,1],[5,6,2],[6,1,2],[6,2,2],[6,4,1]]",17,172,5829,"[1,1,1,1,1,1,1,1,0,0,0,0,0,0,0,0,0,0,0,0,0,0,0,0,0,0,0,0,0]",255,8,8,0
cklr_m8_s171_fc8576476a7618da,fc8576476a7618da,8,29,171,99382104480907517,0.09,3,12,"[[0,0,2],[0,5,0],[0,6,0],[1,2,1],[1,3,0],[2,0,2],[2,1,0],[2,1,1],[2,6,2],[3,2,1],[3,4,0],[4,2,1],[4,5,2],[5,4,1],[6,0,0],[6,2,0],[7,1,1]]",17,172,5829,"[1,1,1,1,1,1,1,1,0,0,0,0,0,0,0,0,0,0,0,0,0,0,0,0,0,0,0,0,0]",255,8,8,0
cklr_m8_s172_2b92c556916f7eb9,2b92c556916f7eb9,8,29,172,6837333362008479330,0.09,3,13,"[[0,4,2],[0,5,0],[0,5,1],[1,2,0],[1,3,1],[2,0,0],[2,1,1],[2,1,2],[2,6,0],[3,0,1],[4,0,1],[4,0,2],[4,2,0],[4,3,1],[4,6,0],[5,2,0],[6,2,0],[6,5,2],[7,0,1],[7,2,1]]",20,169,5742,"[1,1,1,1,1,1,1,1,0,0,0,0,0,0,0,0,0,0,0,0,0,0,0,0,0,0,0,0,0]",255,8,8,0
cklr_m8_s173_5e44e1d03b0ecc2e,5e44e1d03b0ecc2e,8,29,173,4356250642346280679,0.09,3,14,"[[0,2,1],[1,2,2],[1,3,1],[1,4,2],[1,6,2],[2,5,2],[4,3,2],[4,4,0],[5,1,2],[5,2,0],[5,6,0],[7,0,2],[7,2,0],[7,3,2],[7,6,1]]",15,174,5887,"[1,1,1,1,1,1,1,1,0,0,0,0,0,0,0,0,0,0,0,0,0,0,0,0,0,0,0,0,0]",255,8,8,0
cklr_m8_s174_653b6f53b6fe4fe5,653b6f53b6fe4fe5,8,29,174,8186631908469864640,0.09,3,15,"[[0,1,1],[2,0,2],[2,1,0],[2,6,1],[3,0,2],[3,2,1],[3,2,2],[3,3,2],[4,1,1],[4,5,0],[5,4,1],[6,0,2],[6,1,2],[6,6,1],[7,0,0],[7,3,1],[7,5,2]]",17,172,5829,"[1,1,1,1,1,1,1,1,0,0,0,0,0,0,0,0,0,0,0,0,0,0,0,0,0,0,0,0,0]",255,8,8,0
cklr_m8_s175_cf5d3f0f8314e505,cf5d3f0f8314e505,8,29,175,2338559393828696493,0.09,3,16,"[[0,0,1],[0,2,2],[1,3,0],[1,6,2],[2,3,2],[3,0,1],[3,3,1],[3,4,1],[4,6,0],[5,5,2],[6,0,1],[7,6,1]]",12,177,5974,"[1,1,1,1,1,1,1,1,0,0,0,0,0,0,0,0,0,0,0,0,0,0,0,0,0,0,0,0,0]",255,8,8,0
cklr_m8_s176_542cd21eb2889e56,542cd21eb2889e56,8,29,176,5982284082027311226,0.09,3,17,"[[0,2,1],[0,4,1],[0,5,1],[1,1,0],[1,3,0],[1,3,1],[1,4,1],[3,3,2],[4,3,2],[4,4,2],[4,5,1],[5,2,1],[5,5,0],[5,5,1],[6,6,1],[7,3,2]]",16,173,5858,"[1,1,1,1,1,1,1,1,0,0,0,0,0,0,0,0,0,0,0,0,0,0,0,0,0,0,0,0,0]",255,8,8,0
cklr_m8_s177_a7e5dc077c741f6d,a7e5dc077c741f6d,8,29,177,1363521167035813877,0.09,3,18,"[[0,2,2],[0,3,2],[0,5,1],[1,0,1],[1,5,2],[1,6,0],[2,1,2],[3,1,1],[3,1,2],[3,4,2],[3,5,2],[4,1,0],[4,1,1],[5,5,0],[6,1,0],[6,1,2],[6,2,1]]",17,172,5829,"[1,1,1,1,1,1,1,1,0,0,0,0,0,0,0,0,0,0,0,0,0,0,0,0,0,0,0,0,0]",255,8,8,0
cklr_m8_s178_cca5d11cea200721,cca5d11cea200721,8,29,178,489832163495010376,0.09,3,19,"[[0,5,1],[1,2,1],[1,5,0],[2,6,2],[3,0,1],[3,4,2],[4,0,2],[5,0,2],[5,1,2],[5,2,2],[5,3,1],[5,4,2],[6,6,2],[7,5,2]]",14,175,5916,"[1,1,1,1,1,1,1,1,0,0,0,0,0,0,0,0,0,0,0,0,0,0,0,0,0,0,0,0,0]",255,8,8,0
cklr_m8_s179_24206680a3a32c98,24206680a3a32c98,8,29,179,3923890347692221283,0.09,3,20,"[[1,1,1],[2,1,1],[2,5,0],[2,5,1],[2,6,1],[3,2,1],[4,0,1],[4,2,0],[4,5,1],[4,6,0],[4,6,1],[5,4,1],[5,6,2],[6,5,2],[7,1,0],[7,3,1]]",16,173,5858,"[1,1,1,1,1,1,1,1,0,0,0,0,0,0,0,0,0,0,0,0,0,0,0,0,0,0,0,0,0]",255,8,8,0
cklr_m8_s180_937fa235a23247ab,937fa235a23247ab,8,29,180,3974700103337183554,0.11,4,1,"[[0,1,0],[2,5,1],[3,0,1],[3,1,1],[3,2,2],[3,4,0],[4,4,1],[5,1,0],[5,2,2],[6,0,1],[6,5,1],[7,2,2],[7,4,2]]",13,176,5945,"[1,1,1,1,1,1,1,1,0,0,0,0,0,0,0,0,0,0,0,0,0,0,0,0,0,0,0,0,0]",255,8,8,0
cklr_m8_s181_bf3d27319bc01d71,bf3d27319bc01d71,8,29,181,4017086021839773572,0.11,4,2,"[[1,4,2],[2,1,1],[2,3,0],[3,1,0],[3,5,0],[6,2,2],[6,3,1],[6,5,1],[7,1,2]]",9,180,6061,"[1,1,1,1,1,1,1,1,0,0,0,0,0,0,0,0,0,0,0,0,0,0,0,0,0,0,0,0,0]",255,8,8,0
cklr_m8_s182_8230c21488f68014,8230c21488f68014,8,29,182,4987090211347156087,0.11,4,3,"[[1,1,0],[1,5,0],[2,3,1],[2,3,2],[2,4,2],[2,5,2],[3,3,2],[3,4,2],[3,5,2],[4,0,1],[4,1,0],[4,1,1],[4,1,2],[4,3,0],[5,0,2],[5,3,2],[6,1,0],[6,3,0],[6,6,1],[7,1,0],[7,5,2],[7,6,1]]",22,167,5684,"[1,1,1,1,1,1,1,1,0,0,0,0,0,0,0,0,0,0,0,0,0,0,0,0,0,0,0,0,0]",255,8,8,0
cklr_m8_s183_1cb82b7cc7ede9ff,1cb82b7cc7ede9ff,8,29,183,4382612463519448201,0.11,4,4,"[[0,5,0],[1,3,1],[1,6,0],[2,4,2],[2,6,1],[3,1,1],[3,3,1],[3,4,2],[4,0,0],[4,1,2],[4,5,2],[5,1,0],[5,4,0],[5,6,2],[6,4,2],[6,6,1],[7,5,2],[7,6,1]]",18,171,5800,"[1,1,1,1,1,1,1,1,0,0,0,0,0,0,0,0,0,0,0,0,0,0,0,0,0,0,0,0,0]",255,8,8,0
cklr_m8_s184_8f55ab9bf655f084,8f55ab9bf655f084,8,29,184,2677278384904127554,0.11,4,5,"[[1,2,1],[1,4,1],[2,0,2],[2,3,0],[4,6,2],[5,2,2],[5,5,1],[5,6,0],[5,6,1],[6,1,0],[6,3,0],[6,3,2],[7,0,1],[7,6,1]]",14,175,5916,"[1,1,1,1,1,1,1,1,0,0,0,0,0,0,0,0,0,0,0,0,0,0,0,0,0,0,0,0,0]",255,8,8,0
cklr_m8_s185_72df7cd9d24ff83f,72df7cd9d24ff83f,8,29,185,8941716642463482428,0.11,4,6,"[[0,1,0],[0,4,0],[0,5,2],[1,0,1],[1,1,0],[1,2,0],[1,4,2],[2,3,2],[2,6,1],[3,1,0],[3,1,2],[3,5,0],[4,0,2],[4,2,1],[4,4,0],[4,5,2],[4,6,1],[5,0,1],[5,1,1],[6,0,1],[6,6,0],[6,6,1],[7,0,1],[7,2,1],[7,2,2]]",25,164,5597,"[1,1,1,1,1,1,1,1,0,0,0,0,0,0,0,0,0,0,0,0,0,0,0,0,0,0,0,0,0]",255,8,8,0
cklr_m8_s186_863f64c591511b3d,863f64c591511b3d,8,29,186,6589000576647194362,0.11,4,7,"[[0,4,0],[1,2,1],[2,6,1],[3,1,2],[3,2,0],[3,2,1],[3,3,0],[3,5,2],[3,6,1],[4,3,0],[4,4,2],[5,1,2],[5,3,0],[5,5,1],[6,1,0],[6,4,0],[6,6,0],[7,6,1]]",18,171,5800,"[1,1,1,1,1,1,1,1,0,0,0,0,0,0,0,0,0,0,0,0,0,0,0,0,0,0,0,0,0]",255,8,8,0
cklr_m8_s187_98dfc801ce7680e3,98dfc801ce7680e3,8,29,187,4026938120921382735,0.11,4,8,"[[0,4,0],[1,0,1],[1,3,0],[1,5,1],[2,6,1],[2,6,2],[3,0,2],[3,3,1],[3,4,1],[3,5,0],[3,6,0],[4,5,2],[4,6,1],[5,0,2],[5,2,2],[5,3,0],[5,3,2],[5,4,0],[6,2,1],[6,4,0],[6,5,0],[6,5,1],[7,0,1],[7,1,2],[7,6,1]]",25,164,5597,"[1,1,1,1,1,1,1,1,0,0,0,0,0,0,0,0,0,0,0,0,0,0,0,0,0,0,0,0,0]",255,8,8,0
cklr_m8_s188_a4388cd542e75e1b,a4388cd542e75e1b,8,29,188,1683394674419846820,0.11,4,9,"[[0,0,0],[0,3,2],[1,1,0],[1,6,2],[2,4,1],[3,0,1],[3,1,0],[3,3,1],[3,6,1],[4,4,2],[4,5,2],[4,6,0],[5,1,2],[5,5,2],[6,0,1],[6,1,0],[6,2,2]]",17,172,5829,"[1,1,1,1,1,1,1,1,0,0,0,0,0,0,0,0,0,0,0,0,0,0,0,0,0,0,0,0,0]",255,8,8,0
cklr_m8_s189_bdd7617370f7a68e,bdd7617370f7a68e,8,29,189,8370213777751516332,0.11,4,10,"[[0,0,0],[0,1,0],[0,4,1],[0,5,1],[0,5,2],[1,0,0],[1,3,0],[1,4,2],[2,0,0],[2,5,2],[3,0,0],[4,0,2],[5,0,0],[5,3,1],[5,4,0],[6,1,0],[6,1,1],[6,2,0],[6,4,0],[6,4,2],[6,5,1],[7,2,2],[7,5,1],[7,6,0],[7,6,2]]",25,164,5597,"[1,1,1,1,1,1,1,1,0,0,0,0,0,0,0,0,0,0,0,0,0,0,0,0,0,0,0,0,0]",255,8,8,0
cklr_m8_s190_8025ea87109683c6,8025ea87109683c6,8,29,190,8463509965279352443,0.11,4,11,"[[0,6,2],[1,2,2],[1,3,0],[1,4,1],[1,5,1],[2,0,0],[2,0,1],[2,5,0],[2,6,1],[3,1,1],[3,2,2],[3,4,2],[4,2,0],[4,5,1],[6,2,2],[7,5,2]]",16,173,5858,"[1,1,1,1,1,1,1,1,0,0,0,0,0,0,0,0,0,0,0,0,0,0,0,0,0,0,0,0,0]",255,8,8,0
cklr_m8_s191_d625c8b44499e3e9,d625c8b44499e3e9,8,29,191,1673535955851175709,0.11,4,12,"[[0,5,1],[2,0,0],[2,1,0],[2,2,2],[2,3,1],[2,4,2],[3,1,0],[3,1,1],[3,3,1],[3,4,2],[4,1,0],[4,3,2],[4,6,0],[5,2,2],[5,3,1],[5,4,1],[6,5,0],[7,1,1],[7,4,0]]",19,170,5771,"[1,1,1,1,1,1,1,1,0,0,0,0,0,0,0,0,0,0,0,0,0,0,0,0,0,0,0,0,0]",255,8,8,0
cklr_m8_s192_3db7c7d8afbae4a2,3db7c7d8afbae4a2,8,29,192,5371691816556680741,0.11,4,13,"[[0,1,1],[0,2,0],[0,3,2],[2,0,2],[2,4,1],[2,6,2],[3,0,2],[3,6,1],[4,0,0],[4,1,2],[4,4,1],[4,6,0],[5,0,2],[5,5,0],[6,0,2],[6,4,0],[6,6,1],[7,2,0],[7,4,1],[7,5,0]]",20,169,5742,"[1,1,1,1,1,1,1,1,0,0,0,0,0,0,0,0,0,0,0,0,0,0,0,0,0,0,0,0,0]",255,8,8,0
cklr_m8_s193_d0a5c90c4fabd0a8,d0a5c90c4fabd0a8,8,29,193,2750027582362108675,0.11,4,14,"[[0,1,1],[0,4,0],[1,6,1],[2,1,1],[2,3,0],[2,3,1],[3,5,2],[4,1,0],[4,1,1],[5,0,0],[7,0,1],[7,0,2],[7,3,0],[7,3,2],[7,5,1]]",15,174,5887,"[1,1,1,1,1,1,1,1,0,0,0,0,0,0,0,0,0,0,0,0,0,0,0,0,0,0,0,0,0]",255,8,8,0
cklr_m8_s194_cc9a57826ffcf489,cc9a57826ffcf489,8,29,194,5857155748261649490,0.11,4,15,"[[0,4,0],[1,3,1],[2,1,1],[3,1,0],[3,6,1],[4,0,0],[5,0,1],[5,3,0],[6,0,0],[6,1,1],[6,2,0],[6,2,2],[6,4,1],[7,0,0],[7,0,1],[7,1,2]]",16,173,5858,"[1,1,1,1,1,1,1,1,0,0,0,0,0,0,0,0,0,0,0,0,0,0,0,0,0,0,0,0,0]",255,8,8,0
cklr_m8_s195_637a098d8b55e0ae,637a098d8b55e0ae,8,29,195,6993039297469198214,0.11,4,16,"[[0,0,1],[0,1,0],[0,4,1],[1,0,0],[1,2,1],[1,3,1],[2,1,0],[2,1,2],[2,4,1],[2,5,2],[3,3,2],[3,4,0],[4,0,1],[4,3,1],[4,3,2],[4,4,2],[5,0,2],[5,5,2],[6,1,0],[7,0,2],[7,6,0]]",21,168,5713,"[1,1,1,1,1,1,1,1,0,0,0,0,0,0,0,0,0,0,0,0,0,0,0,0,0,0,0,0,0]",255,8,8,0
cklr_m8_s196_f092e09a953e8067,f092e09a953e8067,8,29,196,7783571747392446502,0.11,4,17,"[[0,3,2],[0,4,2],[0,5,1],[1,1,1],[1,3,2],[2,4,0],[3,1,1],[4,0,0],[4,4,1],[4,5,2],[6,1,2],[6,3,1],[6,5,1],[6,5,2],[7,0,1]]",15,174,5887,"[1,1,1,1,1,1,1,1,0,0,0,0,0,0,0,0,0,0,0,0,0,0,0,0,0,0,0,0,0]",255,8,8,0
cklr_m8_s197_e58a9f7869146ac8,e58a9f7869146ac8,8,29,197,2699268806225389622,0.11,4,18,"[[0,1,1],[0,4,1],[0,6,1],[2,3,0],[2,3,2],[2,5,2],[2,6,0],[3,5,2],[3,6,2],[4,0,0],[4,0,1],[5,1,2],[6,0,0],[7,0,2],[7,1,2]]",15,174,5887,"[1,1,1,1,1,1,1,1,0,0,0,0,0,0,0,0,0,0,0,0,0,0,0,0,0,0,0,0,0]",255,8,8,0
cklr_m8_s198_f79c118843274701,f79c118843274701,8,29,198,7753495785820759383,0.11,4,19,"[[0,1,1],[0,5,2],[0,6,0],[1,5,2],[1,6,1],[2,0,2],[2,1,1],[2,2,2],[2,4,2],[2,5,0],[3,1,1],[3,4,1],[3,6,0],[3,6,1],[4,2,1],[4,6,0],[5,0,2],[5,1,0],[6,0,2],[6,4,1],[6,5,1],[6,6,0],[7,1,0],[7,2,2],[7,3,2],[7,5,0]]",26,163,5568,"[1,1,1,1,1,1,1,1,0,0,0,0,0,0,0,0,0,0,0,0,0,0,0,0,0,0,0,0,0]",255,8,8,0
cklr_m8_s199_91c70ab8cad8b89d,91c70ab8cad8b89d,8,29,199,7148643299812470104,0.11,4,20,"[[0,5,0],[0,6,0],[0,6,1],[1,1,2],[1,3,0],[2,2,0],[2,3,1],[2,4,1],[2,5,2],[3,6,2],[4,6,1],[5,1,0],[5,1,1],[5,5,1],[5,6,0],[5,6,1],[7,2,1],[7,5,2]]",18,171,5800,"[1,1,1,1,1,1,1,1,0,0,0,0,0,0,0,0,0,0,0,0,0,0,0,0,0,0,0,0,0]",255,8,8,0
cklr_m9_s00_d2f5487de64fd0de,d2f5487de64fd0de,9,33,0,4767434861518095656,0.03,0,1,"[[0,5,1],[1,0,1],[1,7,1],[3,1,0],[4,0,0],[5,3,2],[6,2,1]]",7,233,8778,"[1,1,1,1,1,1,1,1,1,0,0,0,0,0,0,0,0,0,0,0,0,0,0,0,0,0,0,0,0,0,0,0,0]",511,9,9,0
cklr_m9_s01_4d6ad4c119ba06d7,4d6ad4c119ba06d7,9,33,1,2678219962723867952,0.03,0,2,"[[0,4,1],[1,7,0],[4,7,1],[5,6,1],[6,4,1]]",5,235,8844,"[1,1,1,1,1,1,1,1,1,0,0,0,0,0,0,0,0,0,0,0,0,0,0,0,0,0,0,0,0,0,0,0,0]",511,9,9,0
cklr_m9_s02_3a636bdf52888584,3a636bdf52888584,9,33,2,2584487723467682639,0.03,0,3,"[[0,7,0],[2,0,2],[2,7,2]]",3,237,8910,"[1,1,1,1,1,1,1,1,1,0,0,0,0,0,0,0,0,0,0,0,0,0,0,0,0,0,0,0,0,0,0,0,0]",511,9,9,0
cklr_m9_s03_9a5af7ec9dd48008,9a5af7ec9dd48008,9,33,3,4641190603855271003,0.03,0,4,"[[0,0,2],[0,6,1],[1,6,1],[2,6,2],[2,7,0],[3,0,1],[3,0,2],[4,1,0],[6,7,1]]",9,231,8712,"[1,1,1,1,1,1,1,1,1,0,0,0,0,0,0,0,0,0,0,0,0,0,0,0,0,0,0,0,0,0,0,0,0]",511,9,9,0
cklr_m9_s04_6da06db55184894c,6da06db55184894c,9,33,4,46641532053727839,0.05,1,1,"[[0,7,2],[1,3,1],[1,4,1],[2,5,0],[2,6,2],[2,7,1],[4,7,2],[6,3,1],[7,1,0],[7,2,0],[7,5,1],[8,1,0]]",12,228,8613,"[1,1,1,1,1,1,1,1,1,0,0,0,0,0,0,0,0,0,0,0,0,0,0,0,0,0,0,0,0,0,0,0,0]",511,9,9,0
cklr_m9_s05_76c6ad0cfa85cb24,76c6ad0cfa85cb24,9,33,5,7634266466181268144,0.05,1,2,"[[1,4,0],[2,4,0],[2,7,0],[3,2,0],[4,2,0],[7,7,1]]",6,234,8811,"[1,1,1,1,1,1,1,1,1,0,0,0,0,0,0,0,0,0,0,0,0,0,0,0,0,0,0,0,0,0,0,0,0]",511,9,9,0
cklr_m9_s06_fca1c3a5bd7d8a3d,fca1c3a5bd7d8a3d,9,33,6,818534670997394797,0.05,1,3,"[[1,7,2],[4,5,2],[5,1,0],[6,6,2],[7,5,1],[8,4,1]]",6,234,8811,"[1,1,1,1,1,1,1,1,1,0,0,0,0,0,0,0,0,0,0,0,0,0,0,0,0,0,0,0,0,0,0,0,0]",511,9,9,0
cklr_m9_s07_9eebae95ad08b306,9eebae95ad08b306,9,33,7,3098577559411432928,0.05,1,4,"[[0,0,1],[0,3,0],[1,6,0],[3,4,0],[3,4,1],[4,6,2],[5,0,1],[5,3,2],[5,7,0],[6,0,2],[6,3,2],[7,5,1],[8,0,2],[8,2,0]]",14,226,8547,"[1,1,1,1,1,1,1,1,1,0,0,0,0,0,0,0,0,0,0,0,0,0,0,0,0,0,0,0,0,0,0,0,0]",511,9,9,0
cklr_m9_s08_b7c742e45639653d,b7c742e45639653d,9,33,8,6338341696413037303,0.07,2,1,"[[1,7,0],[3,5,0],[4,2,1],[4,4,2],[4,5,2],[4,6,2],[5,5,2],[5,7,0],[5,7,2],[6,1,1],[6,6,1],[7,0,1],[8,6,0],[8,6,2]]",14,226,8547,"[1,1,1,1,1,1,1,1,1,0,0,0,0,0,0,0,0,0,0,0,0,0,0,0,0,0,0,0,0,0,0,0,0]",511,9,9,0
cklr_m9_s09_d64c137c4cce22e3,d64c137c4cce22e3,9,33,9,1676287512092242553,0.07,2,2,"[[0,6,1],[0,6,2],[1,6,0],[2,7,1],[3,4,0],[4,1,2],[4,7,0],[5,5,2],[5,7,1],[5,7,2],[6,2,0],[6,4,2],[7,0,1],[7,5,2],[8,3,1]]",15,225,8514,"[1,1,1,1,1,1,1,1,1,0,0,0,0,0,0,0,0,0,0,0,0,0,0,0,0,0,0,0,0,0,0,0,0]",511,9,9,0
cklr_m9_s10_367df34c910963aa,367df34c910963aa,9,33,10,511082589994410328,0.07,2,3,"[[0,3,0],[0,5,0],[0,7,0],[2,0,2],[2,1,2],[2,4,0],[3,7,1],[4,4,2],[6,7,0],[8,1,0],[8,2,2],[8,4,2],[8,7,0]]",13,227,8580,"[1,1,1,1,1,1,1,1,1,0,0,0,0,0,0,0,0,0,0,0,0,0,0,0,0,0,0,0,0,0,0,0,0]",511,9,9,0
cklr_m9_s11_566e9c56dd8ddda2,566e9c56dd8ddda2,9,33,11,1240345534027339477,0.07,2,4,"[[0,2,2],[1,2,0],[1,4,1],[2,6,2],[2,7,2],[4,0,0],[4,5,1],[6,5,1],[8,0,1],[8,1,0],[8,1,1],[8,5,2]]",12,228,8613,"[1,1,1,1,1,1,1,1,1,0,0,0,0,0,0,0,0,0,0,0,0,0,0,0,0,0,0,0,0,0,0,0,0]",511,9,9,0
cklr_m9_s12_bceec90471a88d6a,bceec90471a88d6a,9,33,12,1916839274138114774,0.09,3,1,"[[0,1,0],[0,5,1],[2,3,2],[2,4,0],[2,6,2],[3,0,0],[3,0,1],[3,3,0],[3,5,0],[3,7,2],[4,1,2],[4,3,0],[4,5,2],[6,1,1],[6,3,0],[6,6,2],[7,0,1],[7,3,1],[8,2,0]]",19,221,8382,"[1,1,1,1,1,1,1,1,1,0,0,0,0,0,0,0,0,0,0,0,0,0,0,0,0,0,0,0,0,0,0,0,0]",511,9,9,0
cklr_m9_s13_26ab27e3b58f3fe0,26ab27e3b58f3fe0,9,33,13,6535137381558222427,0.09,3,2,"[[0,3,2],[0,4,0],[0,6,1],[3,0,1],[3,3,0],[3,3,1],[3,7,1],[4,3,2],[4,6,0],[5,3,0],[5,6,2],[6,2,1],[7,3,0],[7,6,2]]",14,226,8547,"[1,1,1,1,1,1,1,1,1,0,0,0,0,0,0,0,0,0,0,0,0,0,0,0,0,0,0,0,0,0,0,0,0]",511,9,9,0
cklr_m9_s14_be457726381d20d9,be457726381d20d9,9,33,14,8292149289564699842,0.09,3,3,"[[0,2,1],[1,4,0],[1,6,0],[2,3,2],[2,5,1],[3,5,1],[4,0,0],[4,2,1],[5,6,0],[6,0,2],[6,1,2],[6,2,1],[6,3,1],[7,5,1],[7,7,0],[8,2,0],[8,2,2],[8,7,1]]",18,222,8415,"[1,1,1,1,1,1,1,1,1,0,0,0,0,0,0,0,0,0,0,0,0,0,0,0,0,0,0,0,0,0,0,0,0]",511,9,9,0
cklr_m9_s15_d2c4d0777db488fd,d2c4d0777db488fd,9,33,15,2710572605781931415,0.09,3,4,"[[0,7,2],[1,1,1],[1,2,1],[2,0,1],[3,3,1],[3,6,2],[4,0,2],[4,2,2],[5,0,2],[5,4,2],[5,5,0],[5,6,0],[6,1,2],[6,7,1],[7,1,1],[8,4,1],[8,4,2]]",17,223,8448,"[1,1,1,1,1,1,1,1,1,0,0,0,0,0,0,0,0,0,0,0,0,0,0,0,0,0,0,0,0,0,0,0,0]",511,9,9,0
cklr_m9_s16_14beebf3d0f5b888,14beebf3d0f5b888,9,33,16,2330067916332289318,0.11,4,1,"[[0,7,1],[1,4,1],[2,2,0],[2,2,1],[2,3,1],[2,5,0],[2,5,2],[2,6,2],[3,4,2],[4,1,2],[4,6,2],[5,4,0],[5,4,1],[6,0,1],[6,2,2],[7,1,0],[7,3,0],[7,4,2],[7,5,2],[8,1,0],[8,4,1],[8,4,2],[8,5,1]]",23,217,8250,"[1,1,1,1,1,1,1,1,1,0,0,0,0,0,0,0,0,0,0,0,0,0,0,0,0,0,0,0,0,0,0,0,0]",511,9,9,0
cklr_m9_s17_81664bcf4126fce7,81664bcf4126fce7,9,33,17,3716581482746841912,0.11,4,2,"[[0,0,2],[0,5,2],[1,0,1],[1,3,2],[1,7,0],[2,1,1],[2,2,1],[2,7,1],[3,2,1],[3,2,2],[3,3,1],[3,4,1],[3,5,1],[3,5,2],[3,6,2],[5,0,0],[5,4,2],[5,5,2],[5,6,1],[6,3,2],[6,4,1],[6,6,1],[6,7,0],[7,0,1],[7,2,0],[7,5,2],[8,1,2],[8,2,0],[8,5,1]]",29,211,8052,"[1,1,1,1,1,1,1,1,1,0,0,0,0,0,0,0,0,0,0,0,0,0,0,0,0,0,0,0,0,0,0,0,0]",511,9,9,0
cklr_m9_s18_929e8385ab434e43,929e8385ab434e43,9,33,18,1001957482548531199,0.11,4,3,"[[0,2,0],[0,4,2],[1,6,0],[2,0,0],[2,0,2],[2,3,1],[2,7,1],[3,4,0],[4,4,1],[4,5,0],[4,5,2],[4,6,0],[4,6,1],[4,7,1],[5,2,1],[5,3,2],[5,4,0],[5,6,1],[6,6,0],[7,3,0],[7,5,0],[7,7,0],[8,2,1],[8,3,2],[8,4,0],[8,4,2]]",26,214,8151,"[1,1,1,1,1,1,1,1,1,0,0,0,0,0,0,0,0,0,0,0,0,0,0,0,0,0,0,0,0,0,0,0,0]",511,9,9,0
cklr_m9_s19_3ccce21408a24e0d,3ccce21408a24e0d,9,33,19,8252097654973829939,0.11,4,4,"[[0,6,1],[0,7,0],[1,6,2],[2,7,1],[4,3,1],[4,6,2],[5,1,0],[5,1,1],[5,3,0],[6,1,0],[6,1,2],[6,2,2],[7,1,0],[7,6,1],[8,2,2]]",15,225,8514,"[1,1,1,1,1,1,1,1,1,0,0,0,0,0,0,0,0,0,0,0,0,0,0,0,0,0,0,0,0,0,0,0,0]",511,9,9,0
cklr_m9_s20_553217de09242359,553217de09242359,9,33,20,237679593054934427,0.03,0,1,"[[2,7,1],[3,2,2],[7,1,1],[7,6,0],[7,6,1]]",5,235,8844,"[1,1,1,1,1,1,1,1,1,0,0,0,0,0,0,0,0,0,0,0,0,0,0,0,0,0,0,0,0,0,0,0,0]",511,9,9,0
cklr_m9_s21_b86acb68d82735d6,b86acb68d82735d6,9,33,21,4490140564172646472,0.03,0,2,"[[0,7,1],[1,1,2],[3,2,2],[3,7,2],[5,2,1],[5,3,1]]",6,234,8811,"[1,1,1,1,1,1,1,1,1,0,0,0,0,0,0,0,0,0,0,0,0,0,0,0,0,0,0,0,0,0,0,0,0]",511,9,9,0
cklr_m9_s22_c4e6e684a76b0807,c4e6e684a76b0807,9,33,22,2962294147764205735,0.03,0,3,"[[0,0,0],[1,5,2],[2,1,0],[3,1,2],[4,3,1],[4,4,2],[5,0,1],[7,2,2]]",8,232,8745,"[1,1,1,1,1,1,1,1,1,0,0,0,0,0,0,0,0,0,0,0,0,0,0,0,0,0,0,0,0,0,0,0,0]",511,9,9,0
cklr_m9_s23_6aeade57b1116368,6aeade57b1116368,9,33,23,7940226396537198390,0.03,0,4,"[[5,2,0],[5,4,2],[7,5,2],[8,1,0]]",4,236,8877,"[1,1,1,1,1,1,1,1,1,0,0,0,0,0,0,0,0,0,0,0,0,0,0,0,0,0,0,0,0,0,0,0,0]",511,9,9,0
cklr_m9_s24_f8f56bed6e5584f8,f8f56bed6e5584f8,9,33,24,4437015013037655643,0.03,0,5,"[[0,0,2],[0,5,1],[3,0,2],[4,2,1],[5,3,2],[5,7,0],[7,7,2]]",7,233,8778,"[1,1,1,1,1,1,1,1,1,0,0,0,0,0,0,0,0,0,0,0,0,0,0,0,0,0,0,0,0,0,0,0,0]",511,9,9,0
cklr_m9_s25_81faf220cd5a2cff,81faf220cd5a2cff,9,33,25,4489261750347313997,0.03,0,6,"[[0,2,0],[3,1,2],[5,5,0],[8,0,1],[8,5,0]]",5,235,8844,"[1,1,1,1,1,1,1,1,1,0,0,0,0,0,0,0,0,0,0,0,0,0,0,0,0,0,0,0,0,0,0,0,0]",511,9,9,0
cklr_m9_s26_a45571c12ebd78ee,a45571c12ebd78ee,9,33,26,8074577289465345225,0.03,0,7,"[[0,6,0],[1,2,1],[1,7,0],[2,5,0],[5,5,1],[5,6,2]]",6,234,8811,"[1,1,1,1,1,1,1,1,1,0,0,0,0,0,0,0,0,0,0,0,0,0,0,0,0,0,0,0,0,0,0,0,0]",511,9,9,0
cklr_m9_s27_ad8d5627e10fedd5,ad8d5627e10fedd5,9,33,27,5987631673524662668,0.03,0,8,"[[0,2,2],[0,4,0],[4,3,1],[6,4,0],[6,5,1],[7,4,0],[8,0,1]]",7,233,8778,"[1,1,1,1,1,1,1,1,1,0,0,0,0,0,0,0,0,0,0,0,0,0,0,0,0,0,0,0,0,0,0,0,0]",511,9,9,0
cklr_m9_s28_a3813a22c85558b3,a3813a22c85558b3,9,33,28,190640000215970687,0.03,0,9,"[[4,3,1],[4,6,0],[4,7,2],[6,1,0]]",4,236,8877,"[1,1,1,1,1,1,1,1,1,0,0,0,0,0,0,0,0,0,0,0,0,0,0,0,0,0,0,0,0,0,0,0,0]",511,9,9,0
cklr_m9_s29_69b2ab97236f6ce7,69b2ab97236f6ce7,9,33,29,1202423162858459857,0.03,0,10,"[[6,0,0],[7,1,1]]",2,238,8943,"[1,1,1,1,1,1,1,1,1,0,0,0,0,0,0,0,0,0,0,0,0,0,0,0,0,0,0,0,0,0,0,0,0]",511,9,9,0
cklr_m9_s30_f398ab130d0ba29b,f398ab130d0ba29b,9,33,30,2003661255244195382,0.03,0,11,"[[1,6,0],[3,2,2],[8,2,0]]",3,237,8910,"[1,1,1,1,1,1,1,1,1,0,0,0,0,0,0,0,0,0,0,0,0,0,0,0,0,0,0,0,0,0,0,0,0]",511,9,9,0
cklr_m9_s31_32af87fccc3afdb8,32af87fccc3afdb8,9,33,31,3798599802530104322,0.03,0,12,"[[0,1,0],[1,0,0],[1,2,2],[6,2,2],[8,4,0]]",5,235,8844,"[1,1,1,1,1,1,1,1,1,0,0,0,0,0,0,0,0,0,0,0,0,0,0,0,0,0,0,0,0,0,0,0,0]",511,9,9,0
cklr_m9_s32_f9183f68a48a5d81,f9183f68a48a5d81,9,33,32,7618686130851087986,0.03,0,13,"[[3,0,2],[4,1,1],[4,4,0],[4,6,2],[6,1,2],[6,3,0],[6,6,1],[6,7,0],[6,7,2],[8,6,0]]",10,230,8679,"[1,1,1,1,1,1,1,1,1,0,0,0,0,0,0,0,0,0,0,0,0,0,0,0,0,0,0,0,0,0,0,0,0]",511,9,9,0
cklr_m9_s33_6a180b20887d2cc8,6a180b20887d2cc8,9,33,33,5711642559126426812,0.03,0,14,"[[1,5,0],[3,2,0],[3,4,2],[5,0,2],[5,1,1],[8,2,0]]",6,234,8811,"[1,1,1,1,1,1,1,1,1,0,0,0,0,0,0,0,0,0,0,0,0,0,0,0,0,0,0,0,0,0,0,0,0]",511,9,9,0
cklr_m9_s34_56024f8c4751932b,56024f8c4751932b,9,33,34,5524258360501814612,0.03,0,15,"[[0,1,0],[0,6,1],[2,5,0],[3,2,1],[6,2,0],[8,3,1]]",6,234,8811,"[1,1,1,1,1,1,1,1,1,0,0,0,0,0,0,0,0,0,0,0,0,0,0,0,0,0,0,0,0,0,0,0,0]",511,9,9,0
cklr_m9_s35_556db604d9a4831d,556db604d9a4831d,9,33,35,2873015212257561651,0.03,0,16,"[[0,7,2],[1,1,0],[1,1,1],[1,7,2],[3,0,0],[3,0,2],[5,5,1],[6,2,1],[6,5,2]]",9,231,8712,"[1,1,1,1,1,1,1,1,1,0,0,0,0,0,0,0,0,0,0,0,0,0,0,0,0,0,0,0,0,0,0,0,0]",511,9,9,0
cklr_m9_s36_3ed381afbc641a5b,3ed381afbc641a5b,9,33,36,2858034298658752869,0.05,1,1,"[[2,4,0],[5,4,1],[6,3,2],[6,5,2],[7,4,1],[7,4,2]]",6,234,8811,"[1,1,1,1,1,1,1,1,1,0,0,0,0,0,0,0,0,0,0,0,0,0,0,0,0,0,0,0,0,0,0,0,0]",511,9,9,0
cklr_m9_s37_a93d0296363a214f,a93d0296363a214f,9,33,37,454339870942062277,0.05,1,2,"[[1,4,0],[4,4,1],[6,3,1],[6,6,2],[8,1,2]]",5,235,8844,"[1,1,1,1,1,1,1,1,1,0,0,0,0,0,0,0,0,0,0,0,0,0,0,0,0,0,0,0,0,0,0,0,0]",511,9,9,0
cklr_m9_s38_bcd566b61ff4496d,bcd566b61ff4496d,9,33,38,5727221978878957654,0.05,1,3,"[[0,5,1],[2,3,0],[2,5,0],[2,6,1],[3,3,0],[3,4,0],[5,1,2],[6,0,1],[6,5,2],[7,5,2],[7,6,0],[8,3,0],[8,3,2],[8,4,0],[8,6,0]]",15,225,8514,"[1,1,1,1,1,1,1,1,1,0,0,0,0,0,0,0,0,0,0,0,0,0,0,0,0,0,0,0,0,0,0,0,0]",511,9,9,0
cklr_m9_s39_61afd2333d5a3c4c,61afd2333d5a3c4c,9,33,39,5709707769498042942,0.05,1,4,"[[1,4,0],[1,6,0],[4,0,2],[4,5,2],[7,1,1],[7,3,2],[8,6,0]]",7,233,8778,"[1,1,1,1,1,1,1,1,1,0,0,0,0,0,0,0,0,0,0,0,0,0,0,0,0,0,0,0,0,0,0,0,0]",511,9,9,0
cklr_m9_s40_07c6fc40cbdfc532,07c6fc40cbdfc532,9,33,40,2906086817913980184,0.05,1,5,"[[0,1,1],[1,3,1],[2,6,0],[2,6,2],[4,7,0],[5,1,2],[6,2,2],[6,3,0],[6,3,1],[8,2,0],[8,6,2]]",11,229,8646,"[1,1,1,1,1,1,1,1,1,0,0,0,0,0,0,0,0,0,0,0,0,0,0,0,0,0,0,0,0,0,0,0,0]",511,9,9,0
cklr_m9_s41_f1d4ff9d1a140188,f1d4ff9d1a140188,9,33,41,4158893933552992021,0.05,1,6,"[[0,0,0],[0,5,0],[2,2,1],[2,5,0],[2,6,0],[4,4,2],[6,0,1],[6,7,2],[8,0,1],[8,1,1]]",10,230,8679,"[1,1,1,1,1,1,1,1,1,0,0,0,0,0,0,0,0,0,0,0,0,0,0,0,0,0,0,0,0,0,0,0,0]",511,9,9,0
cklr_m9_s42_15582a586891530b,15582a586891530b,9,33,42,6322943708253286210,0.05,1,7,"[[0,6,1],[1,2,1],[1,3,1],[2,0,0],[2,2,0],[4,3,1],[6,0,2],[6,1,2],[6,3,1],[7,0,2],[7,4,2],[7,6,1],[8,0,2]]",13,227,8580,"[1,1,1,1,1,1,1,1,1,0,0,0,0,0,0,0,0,0,0,0,0,0,0,0,0,0,0,0,0,0,0,0,0]",511,9,9,0
cklr_m9_s43_2fd2b84fab7c3731,2fd2b84fab7c3731,9,33,43,9145330892500172167,0.05,1,8,"[[0,1,1],[0,6,1],[1,3,1],[1,4,0],[2,3,0],[2,5,0],[3,5,1],[3,6,2],[4,1,1],[4,5,0],[6,3,1],[6,6,0],[7,6,1]]",13,227,8580,"[1,1,1,1,1,1,1,1,1,0,0,0,0,0,0,0,0,0,0,0,0,0,0,0,0,0,0,0,0,0,0,0,0]",511,9,9,0
cklr_m9_s44_1d7a9998f5438ee8,1d7a9998f5438ee8,9,33,44,983745685599198088,0.05,1,9,"[[0,1,0],[0,6,1],[1,0,2],[5,4,1],[5,7,0],[8,1,1],[8,1,2],[8,5,1]]",8,232,8745,"[1,1,1,1,1,1,1,1,1,0,0,0,0,0,0,0,0,0,0,0,0,0,0,0,0,0,0,0,0,0,0,0,0]",511,9,9,0
cklr_m9_s45_049d0b79f59c88e3,049d0b79f59c88e3,9,33,45,3099048469774356925,0.05,1,10,"[[3,2,2],[3,5,0],[3,7,1],[4,6,2],[7,7,2],[8,2,2],[8,3,0],[8,6,0]]",8,232,8745,"[1,1,1,1,1,1,1,1,1,0,0,0,0,0,0,0,0,0,0,0,0,0,0,0,0,0,0,0,0,0,0,0,0]",511,9,9,0
cklr_m9_s46_332ef759fcd32985,332ef759fcd32985,9,33,46,4532183310006174402,0.05,1,11,"[[1,0,1],[1,2,2],[2,3,2],[3,1,2],[3,2,1],[3,5,1],[6,4,0],[7,0,1],[8,7,2]]",9,231,8712,"[1,1,1,1,1,1,1,1,1,0,0,0,0,0,0,0,0,0,0,0,0,0,0,0,0,0,0,0,0,0,0,0,0]",511,9,9,0
cklr_m9_s47_3a72c6a537eb9a4b,3a72c6a537eb9a4b,9,33,47,7459993006017761302,0.05,1,12,"[[0,3,0],[0,5,0],[2,0,2],[2,6,0],[5,1,2],[5,7,1],[6,1,1],[7,1,2],[8,1,2],[8,4,0]]",10,230,8679,"[1,1,1,1,1,1,1,1,1,0,0,0,0,0,0,0,0,0,0,0,0,0,0,0,0,0,0,0,0,0,0,0,0]",511,9,9,0
cklr_m9_s48_0bf8268246348267,0bf8268246348267,9,33,48,1474842479874084921,0.05,1,13,"[[1,3,0],[2,3,0],[6,5,1],[6,6,1],[6,7,0],[7,6,0]]",6,234,8811,"[1,1,1,1,1,1,1,1,1,0,0,0,0,0,0,0,0,0,0,0,0,0,0,0,0,0,0,0,0,0,0,0,0]",511,9,9,0
cklr_m9_s49_945ecb8403488343,945ecb8403488343,9,33,49,9024033814400617647,0.05,1,14,"[[0,3,1],[0,6,0],[1,3,0],[2,6,0],[3,0,2],[3,1,1],[3,2,2],[3,3,1],[3,4,0],[4,3,2],[4,4,1],[4,6,0],[5,7,2],[7,2,0],[8,1,1]]",15,225,8514,"[1,1,1,1,1,1,1,1,1,0,0,0,0,0,0,0,0,0,0,0,0,0,0,0,0,0,0,0,0,0,0,0,0]",511,9,9,0
cklr_m9_s50_a5ca35ade9cf63b7,a5ca35ade9cf63b7,9,33,50,4307990478052688472,0.05,1,15,"[[0,0,2],[0,3,0],[1,0,0],[1,6,1],[1,7,1],[2,5,1],[2,6,0],[2,7,0],[5,2,0],[5,4,2],[5,6,1],[6,7,2],[7,6,2],[8,3,2]]",14,226,8547,"[1,1,1,1,1,1,1,1,1,0,0,0,0,0,0,0,0,0,0,0,0,0,0,0,0,0,0,0,0,0,0,0,0]",511,9,9,0
cklr_m9_s51_f5e6088f6b0d2fee,f5e6088f6b0d2fee,9,33,51,42666870570636405,0.05,1,16,"[[1,5,2],[2,5,1],[2,6,2],[4,6,2],[5,1,2],[6,5,1],[7,3,0],[7,5,1],[8,0,2],[8,1,0]]",10,230,8679,"[1,1,1,1,1,1,1,1,1,0,0,0,0,0,0,0,0,0,0,0,0,0,0,0,0,0,0,0,0,0,0,0,0]",511,9,9,0
cklr_m9_s52_69dbe0b39340334b,69dbe0b39340334b,9,33,52,8683037496187741405,0.07,2,1,"[[0,2,0],[0,2,1],[0,6,1],[1,6,1],[3,3,2],[4,6,0],[4,6,1],[5,0,2],[5,4,2],[5,5,2],[5,6,2],[6,2,2],[6,3,2],[6,5,0],[6,5,1],[7,1,2],[7,6,1],[8,7,2]]",18,222,8415,"[1,1,1,1,1,1,1,1,1,0,0,0,0,0,0,0,0,0,0,0,0,0,0,0,0,0,0,0,0,0,0,0,0]",511,9,9,0
cklr_m9_s53_a3736ffd9c150a05,a3736ffd9c150a05,9,33,53,2692839170140472946,0.07,2,2,"[[1,0,1],[1,4,0],[1,7,1],[2,5,2],[3,2,2],[4,0,0],[5,1,0],[6,7,1],[7,6,2],[8,0,0],[8,0,1],[8,7,1]]",12,228,8613,"[1,1,1,1,1,1,1,1,1,0,0,0,0,0,0,0,0,0,0,0,0,0,0,0,0,0,0,0,0,0,0,0,0]",511,9,9,0
cklr_m9_s54_2fe8feb02048152e,2fe8feb02048152e,9,33,54,9091247198544318571,0.07,2,3,"[[0,0,1],[0,3,1],[1,1,1],[2,1,1],[3,0,1],[3,5,1],[8,0,0]]",7,233,8778,"[1,1,1,1,1,1,1,1,1,0,0,0,0,0,0,0,0,0,0,0,0,0,0,0,0,0,0,0,0,0,0,0,0]",511,9,9,0
cklr_m9_s55_4ee884706ade20b9,4ee884706ade20b9,9,33,55,8777399517745297921,0.07,2,4,"[[0,2,0],[0,4,2],[1,3,2],[1,4,2],[4,3,2],[6,5,1],[7,4,2],[7,5,2],[8,1,0],[8,1,1],[8,6,0],[8,6,2]]",12,228,8613,"[1,1,1,1,1,1,1,1,1,0,0,0,0,0,0,0,0,0,0,0,0,0,0,0,0,0,0,0,0,0,0,0,0]",511,9,9,0
cklr_m9_s56_cf4054006ed614f2,cf4054006ed614f2,9,33,56,8857488361105423204,0.07,2,5,"[[0,4,1],[0,6,0],[1,1,2],[2,4,1],[3,1,0],[3,3,1],[4,0,1],[5,1,0],[6,4,0],[7,1,2],[7,3,1],[8,4,1],[8,5,0]]",13,227,8580,"[1,1,1,1,1,1,1,1,1,0,0,0,0,0,0,0,0,0,0,0,0,0,0,0,0,0,0,0,0,0,0,0,0]",511,9,9,0
cklr_m9_s57_ffc08fecbda9adcb,ffc08fecbda9adcb,9,33,57,6295554299281637451,0.07,2,6,"[[0,5,0],[0,5,2],[0,7,2],[1,1,2],[1,4,1],[1,7,1],[1,7,2],[2,0,2],[2,4,1],[2,7,1],[3,4,0],[3,4,1],[3,5,2],[3,7,1],[4,2,1],[4,5,1],[4,7,1],[5,0,1],[5,1,2],[5,6,1],[6,3,1],[6,4,1],[6,5,1],[6,7,1],[7,1,0],[7,1,2],[8,3,0]]",27,213,8118,"[1,1,1,1,1,1,1,1,1,0,0,0,0,0,0,0,0,0,0,0,0,0,0,0,0,0,0,0,0,0,0,0,0]",511,9,9,0
cklr_m9_s58_20f99cf7a198097c,20f99cf7a198097c,9,33,58,6599973245565294619,0.07,2,7,"[[0,0,2],[0,1,1],[0,6,1],[2,1,2],[2,2,1],[2,7,0],[3,1,2],[3,4,1],[4,1,2],[4,3,0],[4,6,0],[5,0,1],[5,0,2],[6,1,2],[6,3,1],[6,4,0],[6,4,2],[6,5,0],[7,2,0],[7,4,0]]",20,220,8349,"[1,1,1,1,1,1,1,1,1,0,0,0,0,0,0,0,0,0,0,0,0,0,0,0,0,0,0,0,0,0,0,0,0]",511,9,9,0
cklr_m9_s59_66b3e0a21ddc570d,66b3e0a21ddc570d,9,33,59,7344915953784529237,0.07,2,8,"[[0,5,2],[1,1,0],[1,1,1],[1,6,2],[2,2,0],[2,7,1],[3,0,1],[3,6,2],[5,1,1],[6,4,0],[6,5,0],[6,6,2],[7,2,0],[8,3,1]]",14,226,8547,"[1,1,1,1,1,1,1,1,1,0,0,0,0,0,0,0,0,0,0,0,0,0,0,0,0,0,0,0,0,0,0,0,0]",511,9,9,0
cklr_m9_s60_52395d3e813c3e01,52395d3e813c3e01,9,33,60,4326352509533504126,0.07,2,9,"[[0,5,0],[0,6,1],[0,7,2],[1,3,1],[2,6,2],[3,0,0],[4,7,0],[5,0,0],[5,2,2],[6,0,1],[6,2,0],[7,6,0]]",12,228,8613,"[1,1,1,1,1,1,1,1,1,0,0,0,0,0,0,0,0,0,0,0,0,0,0,0,0,0,0,0,0,0,0,0,0]",511,9,9,0
cklr_m9_s61_32551b3ee1e25752,32551b3ee1e25752,9,33,61,8082908651414072339,0.07,2,10,"[[0,2,1],[0,7,2],[1,3,0],[1,5,0],[3,0,0],[4,0,1],[4,1,1],[4,2,0],[4,6,2],[7,2,0],[7,2,1],[8,2,0],[8,3,2],[8,4,0],[8,6,2]]",15,225,8514,"[1,1,1,1,1,1,1,1,1,0,0,0,0,0,0,0,0,0,0,0,0,0,0,0,0,0,0,0,0,0,0,0,0]",511,9,9,0
cklr_m9_s62_258905dc8de2f0a6,258905dc8de2f0a6,9,33,62,6075422491660564674,0.07,2,11,"[[0,0,1],[0,4,0],[1,7,2],[2,0,0],[3,0,1],[3,4,0],[4,3,1],[5,0,2],[5,3,2],[5,5,1],[5,6,2],[6,2,2],[6,3,0],[6,7,1],[7,3,2],[7,6,1],[8,1,0]]",17,223,8448,"[1,1,1,1,1,1,1,1,1,0,0,0,0,0,0,0,0,0,0,0,0,0,0,0,0,0,0,0,0,0,0,0,0]",511,9,9,0
cklr_m9_s63_1e846a4a2f4faa6f,1e846a4a2f4faa6f,9,33,63,4272811132734598117,0.07,2,12,"[[0,2,2],[0,4,0],[0,7,2],[1,7,0],[2,2,2],[2,3,1],[2,4,2],[2,5,0],[3,0,2],[3,4,2],[3,5,2],[3,7,0],[3,7,1],[5,1,0],[5,6,0],[6,1,2],[6,2,1],[6,7,2],[7,1,1],[8,1,1]]",20,220,8349,"[1,1,1,1,1,1,1,1,1,0,0,0,0,0,0,0,0,0,0,0,0,0,0,0,0,0,0,0,0,0,0,0,0]",511,9,9,0
cklr_m9_s64_5638dd2a50139ccb,5638dd2a50139ccb,9,33,64,3039349819868881804,0.07,2,13,"[[0,4,1],[1,6,2],[2,2,2],[2,4,1],[3,1,0],[3,6,0],[4,7,0],[6,5,0],[6,6,2],[7,2,1],[7,3,1],[8,7,1]]",12,228,8613,"[1,1,1,1,1,1,1,1,1,0,0,0,0,0,0,0,0,0,0,0,0,0,0,0,0,0,0,0,0,0,0,0,0]",511,9,9,0
cklr_m9_s65_7980d58ecccf910f,7980d58ecccf910f,9,33,65,6125885288924651602,0.07,2,14,"[[1,6,2],[3,7,1],[4,0,1],[4,0,2],[5,1,2],[5,7,1],[6,6,0],[7,0,2],[7,6,2]]",9,231,8712,"[1,1,1,1,1,1,1,1,1,0,0,0,0,0,0,0,0,0,0,0,0,0,0,0,0,0,0,0,0,0,0,0,0]",511,9,9,0
cklr_m9_s66_2a9861c2ce274ca2,2a9861c2ce274ca2,9,33,66,2897909066664248378,0.07,2,15,"[[0,0,0],[0,0,1],[0,4,2],[0,5,0],[1,1,0],[1,2,0],[1,5,0],[2,0,1],[2,0,2],[2,4,0],[2,6,1],[3,7,0],[4,1,2],[4,3,1],[5,2,2],[5,7,0],[6,2,1],[6,4,2],[7,2,1],[7,6,0],[8,2,0],[8,6,0]]",22,218,8283,"[1,1,1,1,1,1,1,1,1,0,0,0,0,0,0,0,0,0,0,0,0,0,0,0,0,0,0,0,0,0,0,0,0]",511,9,9,0
cklr_m9_s67_c60ccff15dd4c829,c60ccff15dd4c829,9,33,67,483115182574009300,0.07,2,16,"[[0,0,2],[0,3,0],[0,6,1],[1,3,2],[2,1,2],[2,2,1],[2,6,1],[3,1,0],[4,7,2],[5,2,1],[5,3,1],[6,3,2],[6,4,2],[7,2,1],[7,4,1]]",15,225,8514,"[1,1,1,1,1,1,1,1,1,0,0,0,0,0,0,0,0,0,0,0,0,0,0,0,0,0,0,0,0,0,0,0,0]",511,9,9,0
cklr_m9_s68_be89c64763c02f36,be89c64763c02f36,9,33,68,4669000684192532735,0.09,3,1,"[[0,0,1],[0,4,2],[0,5,2],[1,7,0],[1,7,2],[3,0,0],[3,1,2],[3,6,1],[4,0,0],[4,5,0],[5,1,0],[6,2,0],[6,6,2],[7,2,1],[8,2,1],[8,2,2],[8,4,1]]",17,223,8448,"[1,1,1,1,1,1,1,1,1,0,0,0,0,0,0,0,0,0,0,0,0,0,0,0,0,0,0,0,0,0,0,0,0]",511,9,9,0
cklr_m9_s69_b403b9e34069c997,b403b9e34069c997,9,33,69,9141781878100991180,0.09,3,2,"[[0,0,0],[0,1,2],[1,3,1],[1,5,0],[2,2,1],[2,3,1],[3,6,0],[4,3,2],[4,6,2],[5,3,1],[5,4,2],[5,6,0],[6,2,2],[6,6,1],[7,0,1],[7,7,1],[8,0,0],[8,5,1]]",18,222,8415,"[1,1,1,1,1,1,1,1,1,0,0,0,0,0,0,0,0,0,0,0,0,0,0,0,0,0,0,0,0,0,0,0,0]",511,9,9,0
cklr_m9_s70_6558a74619d72fe1,6558a74619d72fe1,9,33,70,8578260998883196188,0.09,3,3,"[[0,0,1],[0,2,2],[1,0,2],[1,2,2],[2,0,0],[2,4,0],[2,5,0],[2,6,2],[3,0,0],[3,1,2],[3,6,1],[4,0,1],[4,2,0],[4,3,1],[4,5,2],[4,7,0],[5,3,2],[6,1,1],[6,7,1],[7,7,2],[8,4,0],[8,4,2],[8,5,0],[8,5,2]]",24,216,8217,"[1,1,1,1,1,1,1,1,1,0,0,0,0,0,0,0,0,0,0,0,0,0,0,0,0,0,0,0,0,0,0,0,0]",511,9,9,0
cklr_m9_s71_a296f90d07d44624,a296f90d07d44624,9,33,71,419191707554682271,0.09,3,4,"[[0,1,0],[0,3,2],[0,5,1],[0,7,0],[0,7,2],[1,3,1],[2,1,0],[2,3,1],[2,6,1],[3,1,2],[3,2,0],[3,3,2],[3,4,0],[3,6,0],[3,7,1],[4,0,0],[4,1,1],[4,2,0],[5,1,2],[5,3,1],[5,4,0],[6,1,0],[6,4,2],[7,0,2],[7,4,0],[7,6,2],[8,2,1]]",27,213,8118,"[1,1,1,1,1,1,1,1,1,0,0,0,0,0,0,0,0,0,0,0,0,0,0,0,0,0,0,0,0,0,0,0,0]",511,9,9,0
cklr_m9_s72_7bd19fddf7cf2a94,7bd19fddf7cf2a94,9,33,72,2212797498990367474,0.09,3,5,"[[0,5,1],[0,6,0],[1,5,0],[1,5,2],[1,7,2],[2,1,0],[3,0,0],[3,1,2],[3,2,2],[3,5,0],[3,5,1],[4,2,2],[4,4,2],[4,5,1],[7,2,2],[7,4,1],[7,4,2],[7,6,1],[8,0,1]]",19,221,8382,"[1,1,1,1,1,1,1,1,1,0,0,0,0,0,0,0,0,0,0,0,0,0,0,0,0,0,0,0,0,0,0,0,0]",511,9,9,0
cklr_m9_s73_5fe14d93de327a11,5fe14d93de327a11,9,33,73,2470095517718259515,0.09,3,6,"[[0,3,0],[1,6,1],[2,0,1],[2,0,2],[2,2,0],[2,3,1],[2,3,2],[2,6,1],[4,1,2],[4,7,2],[6,4,1],[6,5,2],[6,6,2],[7,3,1],[8,0,1]]",15,225,8514,"[1,1,1,1,1,1,1,1,1,0,0,0,0,0,0,0,0,0,0,0,0,0,0,0,0,0,0,0,0,0,0,0,0]",511,9,9,0
cklr_m9_s74_4d3c88ebdebd0808,4d3c88ebdebd0808,9,33,74,8071034734758307253,0.09,3,7,"[[1,4,1],[2,1,0],[3,1,0],[3,2,1],[5,0,1],[5,6,2],[8,1,0],[8,2,1],[8,5,0]]",9,231,8712,"[1,1,1,1,1,1,1,1,1,0,0,0,0,0,0,0,0,0,0,0,0,0,0,0,0,0,0,0,0,0,0,0,0]",511,9,9,0
cklr_m9_s75_96f0de182cd12e0d,96f0de182cd12e0d,9,33,75,1669789341293767483,0.09,3,8,"[[0,2,2],[0,3,0],[0,6,2],[1,0,2],[1,2,0],[1,3,0],[1,6,1],[2,7,0],[4,0,2],[4,7,0],[5,3,1],[6,0,1],[6,1,0],[6,1,1],[6,2,0],[6,3,1],[6,6,0],[7,2,0],[7,6,0],[7,6,2]]",20,220,8349,"[1,1,1,1,1,1,1,1,1,0,0,0,0,0,0,0,0,0,0,0,0,0,0,0,0,0,0,0,0,0,0,0,0]",511,9,9,0
cklr_m9_s76_ad2a9d49fb90a65c,ad2a9d49fb90a65c,9,33,76,6905615083707338794,0.09,3,9,"[[0,3,1],[0,4,2],[1,3,0],[1,4,0],[1,4,1],[2,0,2],[2,4,2],[3,1,2],[3,6,1],[4,3,0],[4,3,1],[6,2,1],[7,3,1],[7,4,1],[8,2,1],[8,6,0]]",16,224,8481,"[1,1,1,1,1,1,1,1,1,0,0,0,0,0,0,0,0,0,0,0,0,0,0,0,0,0,0,0,0,0,0,0,0]",511,9,9,0
cklr_m9_s77_b7ca5417e7d44e4f,b7ca5417e7d44e4f,9,33,77,1111817237100625032,0.09,3,10,"[[2,3,1],[2,5,1],[3,1,2],[3,3,1],[3,4,2],[4,0,2],[4,4,2],[4,7,0],[4,7,1],[5,3,0],[5,5,1],[6,4,1],[7,2,2],[7,5,2],[8,0,0],[8,3,0]]",16,224,8481,"[1,1,1,1,1,1,1,1,1,0,0,0,0,0,0,0,0,0,0,0,0,0,0,0,0,0,0,0,0,0,0,0,0]",511,9,9,0
cklr_m9_s78_0bac0f46f2de8e4b,0bac0f46f2de8e4b,9,33,78,3635179462543602666,0.09,3,11,"[[0,1,2],[0,2,2],[0,6,1],[1,1,0],[1,3,1],[1,4,2],[1,5,2],[2,1,2],[2,3,2],[2,6,0],[3,3,0],[4,0,2],[4,4,1],[5,0,1],[5,2,0],[6,0,1],[7,1,1],[8,1,2]]",18,222,8415,"[1,1,1,1,1,1,1,1,1,0,0,0,0,0,0,0,0,0,0,0,0,0,0,0,0,0,0,0,0,0,0,0,0]",511,9,9,0
cklr_m9_s79_2872bd9f8d7e388c,2872bd9f8d7e388c,9,33,79,54103479120692707,0.09,3,12,"[[0,4,1],[0,5,0],[0,6,0],[1,0,2],[2,1,0],[3,7,2],[5,0,1],[6,4,0],[6,5,1],[6,5,2],[8,0,0],[8,0,2],[8,3,1]]",13,227,8580,"[1,1,1,1,1,1,1,1,1,0,0,0,0,0,0,0,0,0,0,0,0,0,0,0,0,0,0,0,0,0,0,0,0]",511,9,9,0
cklr_m9_s80_92035be6b3e48d81,92035be6b3e48d81,9,33,80,787276810637673358,0.09,3,13,"[[0,1,0],[0,4,1],[0,7,2],[1,0,0],[1,6,0],[2,2,0],[2,4,2],[3,2,2],[3,7,0],[4,1,1],[4,3,2],[4,5,0],[5,0,1],[5,7,0],[6,2,2],[7,1,1],[8,0,2],[8,4,0],[8,5,2]]",19,221,8382,"[1,1,1,1,1,1,1,1,1,0,0,0,0,0,0,0,0,0,0,0,0,0,0,0,0,0,0,0,0,0,0,0,0]",511,9,9,0
cklr_m9_s81_67c95a7b38e86622,67c95a7b38e86622,9,33,81,7147496523976602306,0.09,3,14,"[[0,1,1],[2,6,0],[3,5,0],[3,6,0],[5,2,0],[5,5,1],[5,7,2],[6,7,1],[7,3,1],[8,2,1],[8,6,0]]",11,229,8646,"[1,1,1,1,1,1,1,1,1,0,0,0,0,0,0,0,0,0,0,0,0,0,0,0,0,0,0,0,0,0,0,0,0]",511,9,9,0
cklr_m9_s82_7239165e0e1fa6ba,7239165e0e1fa6ba,9,33,82,7641755642793441220,0.09,3,15,"[[0,0,2],[0,1,1],[0,1,2],[0,3,2],[0,5,1],[0,6,1],[1,2,0],[1,2,1],[2,3,2],[2,4,1],[2,5,0],[3,0,0],[3,0,1],[3,0,2],[5,4,1],[5,5,1],[5,6,0],[6,2,1],[7,0,2],[7,1,0],[7,3,1],[7,6,0],[8,4,0]]",23,217,8250,"[1,1,1,1,1,1,1,1,1,0,0,0,0,0,0,0,0,0,0,0,0,0,0,0,0,0,0,0,0,0,0,0,0]",511,9,9,0
cklr_m9_s83_09b7cf36d2d2124b,09b7cf36d2d2124b,9,33,83,3861978670659313416,0.09,3,16,"[[1,3,2],[1,4,2],[1,7,1],[2,1,1],[2,4,2],[2,6,1],[2,6,2],[4,5,2],[5,5,2],[5,7,1],[6,5,0],[7,6,1],[8,4,0]]",13,227,8580,"[1,1,1,1,1,1,1,1,1,0,0,0,0,0,0,0,0,0,0,0,0,0,0,0,0,0,0,0,0,0,0,0,0]",511,9,9,0
cklr_m9_s84_82f18027729c055e,82f18027729c055e,9,33,84,7652062031817283001,0.11,4,1,"[[0,7,2],[1,0,1],[1,7,0],[1,7,1],[2,0,1],[2,2,0],[2,2,2],[2,3,2],[2,5,2],[2,6,0],[3,0,1],[3,3,1],[3,7,1],[4,2,0],[4,4,2],[4,7,1],[5,1,0],[5,2,0],[6,1,0],[6,3,0],[6,6,2],[7,2,0],[8,1,1],[8,1,2]]",24,216,8217,"[1,1,1,1,1,1,1,1,1,0,0,0,0,0,0,0,0,0,0,0,0,0,0,0,0,0,0,0,0,0,0,0,0]",511,9,9,0
cklr_m9_s85_68010ae831b36ef1,68010ae831b36ef1,9,33,85,6117459967663467680,0.11,4,2,"[[0,1,0],[0,3,0],[0,5,1],[1,5,2],[2,1,0],[2,2,2],[2,5,0],[3,3,0],[3,4,0],[4,3,2],[4,4,0],[4,4,1],[4,6,1],[5,4,1],[5,4,2],[5,6,1],[6,1,0],[6,6,0],[7,5,2],[8,3,0],[8,6,0]]",21,219,8316,"[1,1,1,1,1,1,1,1,1,0,0,0,0,0,0,0,0,0,0,0,0,0,0,0,0,0,0,0,0,0,0,0,0]",511,9,9,0
cklr_m9_s86_7d41040ddfb6db4c,7d41040ddfb6db4c,9,33,86,3674258107612092877,0.11,4,3,"[[0,4,1],[0,6,1],[1,0,1],[1,2,2],[1,6,2],[1,7,0],[2,3,0],[2,4,0],[2,4,1],[2,6,1],[3,4,0],[3,5,2],[4,1,0],[4,7,0],[4,7,1],[4,7,2],[5,0,1],[5,4,1],[5,7,1],[6,3,1],[7,4,0],[7,6,1],[8,2,1],[8,2,2],[8,7,1]]",25,215,8184,"[1,1,1,1,1,1,1,1,1,0,0,0,0,0,0,0,0,0,0,0,0,0,0,0,0,0,0,0,0,0,0,0,0]",511,9,9,0
cklr_m9_s87_ffaff57a80804fc3,ffaff57a80804fc3,9,33,87,1507995119468430061,0.11,4,4,"[[0,1,1],[0,2,1],[0,5,2],[1,4,2],[2,1,0],[2,3,2],[2,5,2],[2,6,2],[3,1,1],[3,5,1],[3,6,0],[4,0,1],[4,2,0],[4,5,0],[4,7,2],[5,1,2],[5,2,1],[6,1,1],[6,6,1],[7,0,2],[7,6,1],[8,2,0],[8,5,1],[8,6,0]]",24,216,8217,"[1,1,1,1,1,1,1,1,1,0,0,0,0,0,0,0,0,0,0,0,0,0,0,0,0,0,0,0,0,0,0,0,0]",511,9,9,0
cklr_m9_s88_0d12a06dd36d1d3e,0d12a06dd36d1d3e,9,33,88,255474359537892339,0.11,4,5,"[[0,2,1],[0,6,2],[1,1,2],[1,6,1],[2,4,2],[3,0,2],[3,1,0],[3,7,1],[3,7,2],[4,0,1],[4,2,1],[4,7,1],[4,7,2],[5,4,1],[5,5,1],[6,3,0],[6,3,1],[7,0,0],[7,6,2],[8,4,1],[8,6,2]]",21,219,8316,"[1,1,1,1,1,1,1,1,1,0,0,0,0,0,0,0,0,0,0,0,0,0,0,0,0,0,0,0,0,0,0,0,0]",511,9,9,0
cklr_m9_s89_34f1f82939034dc1,34f1f82939034dc1,9,33,89,8917252212248244237,0.11,4,6,"[[0,2,2],[0,6,2],[1,1,1],[1,1,2],[2,5,0],[2,7,2],[3,3,1],[3,4,0],[4,1,2],[4,6,2],[5,3,1],[6,2,1],[6,6,1],[6,7,1],[7,3,0],[7,3,2],[8,0,2],[8,6,0]]",18,222,8415,"[1,1,1,1,1,1,1,1,1,0,0,0,0,0,0,0,0,0,0,0,0,0,0,0,0,0,0,0,0,0,0,0,0]",511,9,9,0
cklr_m9_s90_312e94bccd372e76,312e94bccd372e76,9,33,90,2449076428105255987,0.11,4,7,"[[0,1,2],[0,2,0],[0,2,1],[0,3,1],[0,4,0],[0,4,1],[0,7,1],[1,0,2],[1,1,0],[2,0,0],[2,0,1],[2,1,0],[2,6,2],[4,0,0],[4,0,2],[4,3,2],[5,1,2],[5,4,0],[5,7,0],[6,5,2],[6,6,0],[7,0,1],[7,4,1],[7,7,1],[8,2,0],[8,2,1]]",26,214,8151,"[1,1,1,1,1,1,1,1,1,0,0,0,0,0,0,0,0,0,0,0,0,0,0,0,0,0,0,0,0,0,0,0,0]",511,9,9,0
cklr_m9_s91_dee0aa1f6d2b75b6,dee0aa1f6d2b75b6,9,33,91,4714519858459043107,0.11,4,8,"[[0,2,0],[0,5,2],[1,3,1],[1,3,2],[1,4,0],[2,1,0],[2,3,1],[2,4,2],[3,2,2],[3,6,1],[4,3,1],[6,3,0],[6,3,1],[7,1,0],[7,1,1],[7,3,1],[7,4,0],[7,7,1],[8,2,0],[8,2,1],[8,5,2]]",21,219,8316,"[1,1,1,1,1,1,1,1,1,0,0,0,0,0,0,0,0,0,0,0,0,0,0,0,0,0,0,0,0,0,0,0,0]",511,9,9,0
cklr_m9_s92_5b69ee65916742d4,5b69ee65916742d4,9,33,92,5218607477137361517,0.11,4,9,"[[1,1,1],[1,2,0],[1,3,2],[2,0,0],[2,2,1],[2,4,0],[2,6,0],[2,6,2],[2,7,2],[3,4,0],[3,5,2],[4,2,2],[4,7,0],[4,7,2],[5,0,1],[5,1,1],[5,6,0],[6,0,1],[7,5,0],[7,7,2],[8,0,1],[8,5,1],[8,7,0]]",23,217,8250,"[1,1,1,1,1,1,1,1,1,0,0,0,0,0,0,0,0,0,0,0,0,0,0,0,0,0,0,0,0,0,0,0,0]",511,9,9,0
cklr_m9_s93_56c675c6f62c3f1b,56c675c6f62c3f1b,9,33,93,8170149656630183642,0.11,4,10,"[[0,0,1],[0,5,1],[2,6,2],[3,0,0],[3,1,0],[3,2,0],[3,2,2],[3,4,0],[5,2,0],[5,4,2],[5,7,1],[6,0,0],[6,0,1],[6,1,1],[6,3,0],[6,6,1],[6,7,0],[6,7,1],[7,4,2],[7,7,1],[8,4,0]]",21,219,8316,"[1,1,1,1,1,1,1,1,1,0,0,0,0,0,0,0,0,0,0,0,0,0,0,0,0,0,0,0,0,0,0,0,0]",511,9,9,0
cklr_m9_s94_0e37a2bc0a29f4e3,0e37a2bc0a29f4e3,9,33,94,407653802010942823,0.11,4,11,"[[0,0,1],[0,4,0],[0,5,2],[0,7,2],[1,2,1],[1,3,1],[1,5,0],[1,5,2],[2,0,0],[3,7,1],[4,0,1],[4,3,2],[4,7,2],[5,2,2],[5,3,1],[5,5,0],[5,6,1],[6,4,1],[6,4,2],[6,7,1],[8,0,1],[8,1,1]]",22,218,8283,"[1,1,1,1,1,1,1,1,1,0,0,0,0,0,0,0,0,0,0,0,0,0,0,0,0,0,0,0,0,0,0,0,0]",511,9,9,0
cklr_m9_s95_191b22b1e78807d9,191b22b1e78807d9,9,33,95,7680644095354112442,0.11,4,12,"[[1,4,1],[2,3,0],[2,5,0],[2,6,0],[2,6,1],[3,0,2],[3,3,0],[3,6,2],[3,7,1],[4,3,0],[4,4,2],[5,4,1],[5,7,2],[6,3,0],[8,3,2],[8,5,0],[8,7,1],[8,7,2]]",18,222,8415,"[1,1,1,1,1,1,1,1,1,0,0,0,0,0,0,0,0,0,0,0,0,0,0,0,0,0,0,0,0,0,0,0,0]",511,9,9,0
cklr_m9_s96_40a6fa7048c4550f,40a6fa7048c4550f,9,33,96,5242263348871727316,0.11,4,13,"[[1,0,1],[1,3,1],[2,3,0],[2,4,2],[3,0,2],[3,3,2],[4,2,2],[4,4,0],[5,2,1],[6,1,1],[6,4,2],[6,6,0],[7,0,2],[8,0,2],[8,1,1],[8,2,2],[8,4,2]]",17,223,8448,"[1,1,1,1,1,1,1,1,1,0,0,0,0,0,0,0,0,0,0,0,0,0,0,0,0,0,0,0,0,0,0,0,0]",511,9,9,0
cklr_m9_s97_01ff1c9aca1242f2,01ff1c9aca1242f2,9,33,97,3631752689270003910,0.11,4,14,"[[0,2,2],[0,3,2],[0,4,2],[1,0,1],[1,1,0],[1,1,2],[1,2,1],[1,7,2],[2,2,1],[2,4,2],[2,5,0],[2,6,2],[4,0,1],[4,3,1],[4,6,2],[4,7,2],[5,0,2],[5,2,1],[5,4,1],[6,0,2],[6,5,0],[6,5,2],[7,0,0],[7,2,2],[7,6,2],[8,1,0],[8,2,0],[8,3,2],[8,6,0]]",29,211,8052,"[1,1,1,1,1,1,1,1,1,0,0,0,0,0,0,0,0,0,0,0,0,0,0,0,0,0,0,0,0,0,0,0,0]",511,9,9,0
cklr_m9_s98_811fa7ea562e2b7a,811fa7ea562e2b7a,9,33,98,4567956354838424303,0.11,4,15,"[[0,3,2],[0,5,0],[0,5,1],[1,0,0],[1,3,0],[1,3,2],[2,0,2],[2,1,1],[2,2,2],[3,0,1],[4,0,2],[4,1,0],[4,2,1],[5,0,2],[5,4,1],[5,5,2],[5,6,1],[5,7,0],[6,0,0],[6,2,2],[7,0,2],[7,4,0],[8,6,2]]",23,217,8250,"[1,1,1,1,1,1,1,1,1,0,0,0,0,0,0,0,0,0,0,0,0,0,0,0,0,0,0,0,0,0,0,0,0]",511,9,9,0
cklr_m9_s99_48dba566d8989dac,48dba566d8989dac,9,33,99,4670379985114444889,0.11,4,16,"[[0,1,0],[0,1,1],[0,2,0],[0,5,1],[0,5,2],[1,3,1],[2,2,2],[3,0,0],[3,0,2],[3,4,0],[3,7,0],[4,1,0],[4,6,0],[4,6,2],[4,7,2],[5,0,1],[5,2,0],[6,0,0],[6,2,2],[7,1,0],[7,4,2],[7,5,2],[7,7,2],[8,3,1],[8,5,2],[8,7,2]]",26,214,8151,"[1,1,1,1,1,1,1,1,1,0,0,0,0,0,0,0,0,0,0,0,0,0,0,0,0,0,0,0,0,0,0,0,0]",511,9,9,0
cklr_m9_s100_7d711744ecce1fbd,7d711744ecce1fbd,9,33,100,2166410381173806706,0.03,0,1,"[[3,4,2],[4,3,1],[5,6,0],[7,7,2]]",4,236,8877,"[1,1,1,1,1,1,1,1,1,0,0,0,0,0,0,0,0,0,0,0,0,0,0,0,0,0,0,0,0,0,0,0,0]",511,9,9,0
cklr_m9_s101_c9ad804165d1c102,c9ad804165d1c102,9,33,101,374530943477201955,0.03,0,2,"[[5,3,2],[7,1,2]]",2,238,8943,"[1,1,1,1,1,1,1,1,1,0,0,0,0,0,0,0,0,0,0,0,0,0,0,0,0,0,0,0,0,0,0,0,0]",511,9,9,0
cklr_m9_s102_34571f661369cf5d,34571f661369cf5d,9,33,102,673885545964294077,0.03,0,3,"[[3,1,1],[7,4,1],[8,3,0]]",3,237,8910,"[1,1,1,1,1,1,1,1,1,0,0,0,0,0,0,0,0,0,0,0,0,0,0,0,0,0,0,0,0,0,0,0,0]",511,9,9,0
cklr_m9_s103_e5ef41fd6df3bd01,e5ef41fd6df3bd01,9,33,103,1504371641289529435,0.03,0,4,"[[1,7,0],[2,4,1],[8,4,2]]",3,237,8910,"[1,1,1,1,1,1,1,1,1,0,0,0,0,0,0,0,0,0,0,0,0,0,0,0,0,0,0,0,0,0,0,0,0]",511,9,9,0
cklr_m9_s104_f8e97a6c288af503,f8e97a6c288af503,9,33,104,491332648724848467,0.03,0,5,"[[3,7,0],[3,7,1],[4,7,0]]",3,237,8910,"[1,1,1,1,1,1,1,1,1,0,0,0,0,0,0,0,0,0,0,0,0,0,0,0,0,0,0,0,0,0,0,0,0]",511,9,9,0
cklr_m9_s105_2b26d4a680698e75,2b26d4a680698e75,9,33,105,2575399709026628497,0.03,0,6,"[[0,1,2],[1,3,0],[5,6,2],[7,7,1]]",4,236,8877,"[1,1,1,1,1,1,1,1,1,0,0,0,0,0,0,0,0,0,0,0,0,0,0,0,0,0,0,0,0,0,0,0,0]",511,9,9,0
cklr_m9_s106_f40b2a6c485595f5,f40b2a6c485595f5,9,33,106,4416674712116000505,0.03,0,7,"[[0,5,2],[3,1,1],[4,3,0],[6,7,1],[6,7,2],[7,7,1]]",6,234,8811,"[1,1,1,1,1,1,1,1,1,0,0,0,0,0,0,0,0,0,0,0,0,0,0,0,0,0,0,0,0,0,0,0,0]",511,9,9,0
cklr_m9_s107_bf7eef3cf312ecfd,bf7eef3cf312ecfd,9,33,107,2521028569295420262,0.03,0,8,"[[0,2,2],[2,0,1],[3,7,0],[4,5,0],[5,2,0],[5,2,1],[5,2,2],[5,5,1],[8,0,0]]",9,231,8712,"[1,1,1,1,1,1,1,1,1,0,0,0,0,0,0,0,0,0,0,0,0,0,0,0,0,0,0,0,0,0,0,0,0]",511,9,9,0
cklr_m9_s108_1685646d4e3accf6,1685646d4e3accf6,9,33,108,2945582607069307427,0.03,0,9,"[[1,4,2],[1,6,0],[4,3,2],[4,4,1],[7,7,0],[8,3,2]]",6,234,8811,"[1,1,1,1,1,1,1,1,1,0,0,0,0,0,0,0,0,0,0,0,0,0,0,0,0,0,0,0,0,0,0,0,0]",511,9,9,0
cklr_m9_s109_e68474bd1edf4461,e68474bd1edf4461,9,33,109,5590956247377669284,0.03,0,10,"[[0,5,1],[2,3,0],[3,2,1],[3,6,2],[7,1,0]]",5,235,8844,"[1,1,1,1,1,1,1,1,1,0,0,0,0,0,0,0,0,0,0,0,0,0,0,0,0,0,0,0,0,0,0,0,0]",511,9,9,0
cklr_m9_s110_c9f83baca7aefabb,c9f83baca7aefabb,9,33,110,2601404771479259942,0.03,0,11,"[[1,5,1],[1,7,0],[5,4,2],[8,1,0]]",4,236,8877,"[1,1,1,1,1,1,1,1,1,0,0,0,0,0,0,0,0,0,0,0,0,0,0,0,0,0,0,0,0,0,0,0,0]",511,9,9,0
cklr_m9_s111_dab92eb1d712f246,dab92eb1d712f246,9,33,111,8790555355342650729,0.03,0,12,"[[0,1,2],[0,7,2],[1,3,0],[4,1,1],[5,0,2],[6,2,1],[7,5,0],[8,6,0]]",8,232,8745,"[1,1,1,1,1,1,1,1,1,0,0,0,0,0,0,0,0,0,0,0,0,0,0,0,0,0,0,0,0,0,0,0,0]",511,9,9,0
cklr_m9_s112_cd954de34ec2033d,cd954de34ec2033d,9,33,112,5899305929656186091,0.03,0,13,"[[0,2,2],[0,5,0],[1,1,0],[1,2,0],[1,2,2],[3,0,2],[3,5,1],[6,2,2],[7,5,0],[7,7,2],[8,7,0]]",11,229,8646,"[1,1,1,1,1,1,1,1,1,0,0,0,0,0,0,0,0,0,0,0,0,0,0,0,0,0,0,0,0,0,0,0,0]",511,9,9,0
cklr_m9_s113_d4f238f4bc5a374f,d4f238f4bc5a374f,9,33,113,429946109065303476,0.03,0,14,"[[0,1,0],[0,3,1],[7,3,0]]",3,237,8910,"[1,1,1,1,1,1,1,1,1,0,0,0,0,0,0,0,0,0,0,0,0,0,0,0,0,0,0,0,0,0,0,0,0]",511,9,9,0
cklr_m9_s114_6baa038854231562,6baa038854231562,9,33,114,7849276403794175274,0.03,0,15,"[[1,7,0],[2,2,0],[2,6,0],[3,2,2],[4,5,0],[4,7,2],[6,4,1]]",7,233,8778,"[1,1,1,1,1,1,1,1,1,0,0,0,0,0,0,0,0,0,0,0,0,0,0,0,0,0,0,0,0,0,0,0,0]",511,9,9,0
cklr_m9_s115_3bb89312ff76a780,3bb89312ff76a780,9,33,115,300851641105270651,0.03,0,16,"[[1,3,0],[1,5,0],[2,0,2],[2,1,2],[2,3,0],[5,7,1],[6,0,0],[8,3,2]]",8,232,8745,"[1,1,1,1,1,1,1,1,1,0,0,0,0,0,0,0,0,0,0,0,0,0,0,0,0,0,0,0,0,0,0,0,0]",511,9,9,0
cklr_m9_s116_d448333913b01422,d448333913b01422,9,33,116,7708834803135194835,0.03,0,17,"[[3,2,0],[5,2,1],[7,1,1],[7,7,0]]",4,236,8877,"[1,1,1,1,1,1,1,1,1,0,0,0,0,0,0,0,0,0,0,0,0,0,0,0,0,0,0,0,0,0,0,0,0]",511,9,9,0
cklr_m9_s117_c24ee3aca0f13618,c24ee3aca0f13618,9,33,117,2267022840495953860,0.03,0,18,"[[0,3,1],[2,3,2],[3,1,0],[3,5,2],[4,5,0],[7,3,0],[8,0,2]]",7,233,8778,"[1,1,1,1,1,1,1,1,1,0,0,0,0,0,0,0,0,0,0,0,0,0,0,0,0,0,0,0,0,0,0,0,0]",511,9,9,0
cklr_m9_s118_6d143db158eda066,6d143db158eda066,9,33,118,4376512663401011205,0.03,0,19,"[[0,4,0],[0,7,0],[1,1,1],[2,5,1],[4,2,2],[4,6,2],[5,1,1],[5,7,2]]",8,232,8745,"[1,1,1,1,1,1,1,1,1,0,0,0,0,0,0,0,0,0,0,0,0,0,0,0,0,0,0,0,0,0,0,0,0]",511,9,9,0
cklr_m9_s119_90f7d6d1a7bb6d3c,90f7d6d1a7bb6d3c,9,33,119,2319975794824482256,0.03,0,20,"[[0,1,1],[0,3,1],[2,7,0],[4,1,0],[5,5,2],[7,1,1],[7,2,1]]",7,233,8778,"[1,1,1,1,1,1,1,1,1,0,0,0,0,0,0,0,0,0,0,0,0,0,0,0,0,0,0,0,0,0,0,0,0]",511,9,9,0
cklr_m9_s120_cc6822eed9907313,cc6822eed9907313,9,33,120,9203652610038725221,0.05,1,1,"[[1,6,1],[2,4,2],[5,2,1],[8,6,2]]",4,236,8877,"[1,1,1,1,1,1,1,1,1,0,0,0,0,0,0,0,0,0,0,0,0,0,0,0,0,0,0,0,0,0,0,0,0]",511,9,9,0
cklr_m9_s121_dfa16c7324bfcc19,dfa16c7324bfcc19,9,33,121,6220058127465394736,0.05,1,2,"[[0,6,0],[3,4,0],[3,5,1],[4,2,1],[5,1,1],[5,7,2],[6,3,0],[6,4,2],[8,7,0]]",9,231,8712,"[1,1,1,1,1,1,1,1,1,0,0,0,0,0,0,0,0,0,0,0,0,0,0,0,0,0,0,0,0,0,0,0,0]",511,9,9,0
cklr_m9_s122_9375e24f06324964,9375e24f06324964,9,33,122,2310671272102632913,0.05,1,3,"[[1,3,1],[1,5,0],[3,1,0],[4,3,2],[4,4,1],[4,5,0],[4,6,0],[6,1,1],[7,0,1],[8,2,2]]",10,230,8679,"[1,1,1,1,1,1,1,1,1,0,0,0,0,0,0,0,0,0,0,0,0,0,0,0,0,0,0,0,0,0,0,0,0]",511,9,9,0
cklr_m9_s123_7ce0e980adc7e2e2,7ce0e980adc7e2e2,9,33,123,322564427962344987,0.05,1,4,"[[0,3,0],[2,5,1],[3,4,1],[4,3,0],[5,0,2],[6,5,1],[6,6,2],[7,7,2]]",8,232,8745,"[1,1,1,1,1,1,1,1,1,0,0,0,0,0,0,0,0,0,0,0,0,0,0,0,0,0,0,0,0,0,0,0,0]",511,9,9,0
cklr_m9_s124_a2a100c51cb712df,a2a100c51cb712df,9,33,124,6790915364734610185,0.05,1,5,"[[0,4,1],[1,3,0],[1,4,1],[2,6,0],[2,7,0],[3,1,0],[3,6,0],[4,5,1],[6,6,0],[7,4,1],[8,3,1]]",11,229,8646,"[1,1,1,1,1,1,1,1,1,0,0,0,0,0,0,0,0,0,0,0,0,0,0,0,0,0,0,0,0,0,0,0,0]",511,9,9,0
cklr_m9_s125_11be1a701e6c4fdd,11be1a701e6c4fdd,9,33,125,9060640743136472879,0.05,1,6,"[[0,2,0],[1,5,1],[2,1,1],[2,1,2],[6,3,2],[6,6,0],[8,6,1]]",7,233,8778,"[1,1,1,1,1,1,1,1,1,0,0,0,0,0,0,0,0,0,0,0,0,0,0,0,0,0,0,0,0,0,0,0,0]",511,9,9,0
cklr_m9_s126_ffb36fcdc0aab5aa,ffb36fcdc0aab5aa,9,33,126,5754034650719649757,0.05,1,7,"[[0,2,0],[0,2,1],[1,1,1],[1,5,1],[3,2,0],[4,0,0],[4,0,1],[4,1,2],[4,7,1],[5,1,2],[5,3,2],[6,1,1],[6,2,2],[7,5,1],[8,0,1],[8,5,2],[8,7,0]]",17,223,8448,"[1,1,1,1,1,1,1,1,1,0,0,0,0,0,0,0,0,0,0,0,0,0,0,0,0,0,0,0,0,0,0,0,0]",511,9,9,0
cklr_m9_s127_e9d9ad4c2f205a9a,e9d9ad4c2f205a9a,9,33,127,7076583140957840285,0.05,1,8,"[[0,3,0],[0,7,1],[1,3,1],[2,3,1],[2,7,1],[3,4,1],[4,4,1],[4,6,2],[5,6,1],[6,2,2],[6,4,0],[6,7,2],[8,0,1],[8,1,1],[8,4,0],[8,6,0]]",16,224,8481,"[1,1,1,1,1,1,1,1,1,0,0,0,0,0,0,0,0,0,0,0,0,0,0,0,0,0,0,0,0,0,0,0,0]",511,9,9,0
cklr_m9_s128_3f679d21cb606138,3f679d21cb606138,9,33,128,915828893921953021,0.05,1,9,"[[0,6,2],[2,4,1],[4,2,1],[5,7,0],[7,0,2],[7,3,1],[8,0,0],[8,3,1]]",8,232,8745,"[1,1,1,1,1,1,1,1,1,0,0,0,0,0,0,0,0,0,0,0,0,0,0,0,0,0,0,0,0,0,0,0,0]",511,9,9,0
cklr_m9_s129_a83e3420bb5a78e0,a83e3420bb5a78e0,9,33,129,734728707248261936,0.05,1,10,"[[0,4,2],[2,1,1],[2,4,1],[2,7,2],[3,2,0],[3,3,1],[5,2,1],[6,3,1],[6,6,2],[6,7,1],[7,2,1],[7,4,0],[7,5,2]]",13,227,8580,"[1,1,1,1,1,1,1,1,1,0,0,0,0,0,0,0,0,0,0,0,0,0,0,0,0,0,0,0,0,0,0,0,0]",511,9,9,0
cklr_m9_s130_1feeddebd5e4a627,1feeddebd5e4a627,9,33,130,4215643929949139050,0.05,1,11,"[[0,6,2],[1,2,2],[2,0,2],[3,1,1],[3,1,2],[4,2,0],[4,3,1],[6,0,1],[6,3,2],[6,7,1],[8,2,2],[8,6,1]]",12,228,8613,"[1,1,1,1,1,1,1,1,1,0,0,0,0,0,0,0,0,0,0,0,0,0,0,0,0,0,0,0,0,0,0,0,0]",511,9,9,0
cklr_m9_s131_9772d284fd471df3,9772d284fd471df3,9,33,131,8529607026389764819,0.05,1,12,"[[0,6,1],[1,7,1],[2,2,2],[2,3,2],[2,5,1],[3,2,0],[3,6,2],[4,1,2],[5,1,0],[6,2,2],[6,7,1],[7,2,1],[7,7,0],[8,2,1]]",14,226,8547,"[1,1,1,1,1,1,1,1,1,0,0,0,0,0,0,0,0,0,0,0,0,0,0,0,0,0,0,0,0,0,0,0,0]",511,9,9,0
cklr_m9_s132_250af0985f54d3f2,250af0985f54d3f2,9,33,132,5924778057485789837,0.05,1,13,"[[0,3,0],[0,4,1],[0,5,2],[2,1,1],[2,2,0],[4,1,2],[4,6,2],[5,2,0],[6,4,1],[7,4,2]]",10,230,8679,"[1,1,1,1,1,1,1,1,1,0,0,0,0,0,0,0,0,0,0,0,0,0,0,0,0,0,0,0,0,0,0,0,0]",511,9,9,0
cklr_m9_s133_4cdc9dda421bdaa0,4cdc9dda421bdaa0,9,33,133,979149079157297717,0.05,1,14,"[[0,1,0],[0,1,2],[0,2,2],[1,5,0],[1,5,1],[2,5,0],[3,2,2],[3,3,0],[3,4,2],[3,7,2],[4,5,2],[5,0,2],[5,6,2],[6,2,0],[8,2,2],[8,4,0]]",16,224,8481,"[1,1,1,1,1,1,1,1,1,0,0,0,0,0,0,0,0,0,0,0,0,0,0,0,0,0,0,0,0,0,0,0,0]",511,9,9,0
cklr_m9_s134_da95e90942f92ded,da95e90942f92ded,9,33,134,8509358590063270251,0.05,1,15,"[[0,2,2],[0,7,1],[2,1,2],[2,2,2],[2,5,1],[3,1,2],[4,7,0],[5,0,2],[6,4,0],[6,5,1],[7,6,0]]",11,229,8646,"[1,1,1,1,1,1,1,1,1,0,0,0,0,0,0,0,0,0,0,0,0,0,0,0,0,0,0,0,0,0,0,0,0]",511,9,9,0
cklr_m9_s135_32aae4005224c98e,32aae4005224c98e,9,33,135,1590673042712874208,0.05,1,16,"[[0,0,1],[0,3,1],[0,5,2],[0,6,2],[0,7,0],[1,1,2],[1,6,2],[2,1,0],[2,2,1],[2,3,2],[2,5,1],[2,7,2],[3,1,0],[4,7,1],[6,2,1],[6,5,0],[7,3,1],[7,3,2],[8,3,0]]",19,221,8382,"[1,1,1,1,1,1,1,1,1,0,0,0,0,0,0,0,0,0,0,0,0,0,0,0,0,0,0,0,0,0,0,0,0]",511,9,9,0
cklr_m9_s136_e89d827d6b336fc0,e89d827d6b336fc0,9,33,136,8152253621711729219,0.05,1,17,"[[3,6,1],[4,5,1],[5,5,0],[6,1,0],[6,2,2],[7,0,0],[7,6,1],[8,0,0],[8,1,0]]",9,231,8712,"[1,1,1,1,1,1,1,1,1,0,0,0,0,0,0,0,0,0,0,0,0,0,0,0,0,0,0,0,0,0,0,0,0]",511,9,9,0
cklr_m9_s137_740e27399bbe7740,740e27399bbe7740,9,33,137,9110015293416010426,0.05,1,18,"[[1,1,0],[2,7,1],[3,7,1],[4,3,0],[4,3,1],[6,2,1],[7,4,1],[7,6,2],[8,2,1]]",9,231,8712,"[1,1,1,1,1,1,1,1,1,0,0,0,0,0,0,0,0,0,0,0,0,0,0,0,0,0,0,0,0,0,0,0,0]",511,9,9,0
cklr_m9_s138_ad9888600514e18e,ad9888600514e18e,9,33,138,4000952573115344257,0.05,1,19,"[[0,1,0],[0,6,2],[1,2,0],[1,2,1],[1,5,2],[1,7,0],[2,0,0],[2,3,1],[4,4,2],[5,0,1],[6,2,1],[6,6,2],[7,0,1],[8,1,0],[8,2,0]]",15,225,8514,"[1,1,1,1,1,1,1,1,1,0,0,0,0,0,0,0,0,0,0,0,0,0,0,0,0,0,0,0,0,0,0,0,0]",511,9,9,0
cklr_m9_s139_3011eb6c243771d4,3011eb6c243771d4,9,33,139,330111585234776741,0.05,1,20,"[[0,3,0],[1,5,2],[2,6,0],[4,6,1],[5,3,0],[5,3,2],[6,7,1],[7,0,1],[7,5,0],[7,7,2],[8,3,2],[8,6,0]]",12,228,8613,"[1,1,1,1,1,1,1,1,1,0,0,0,0,0,0,0,0,0,0,0,0,0,0,0,0,0,0,0,0,0,0,0,0]",511,9,9,0
cklr_m9_s140_50aadb06a60db790,50aadb06a60db790,9,33,140,2893842642906753217,0.07,2,1,"[[0,1,0],[2,4,2],[2,6,0],[3,2,0],[3,2,1],[3,5,0],[3,5,2],[3,6,2],[4,1,2],[4,2,2],[4,5,0],[6,0,0],[6,3,0],[7,0,0],[8,0,1],[8,2,2],[8,5,2]]",17,223,8448,"[1,1,1,1,1,1,1,1,1,0,0,0,0,0,0,0,0,0,0,0,0,0,0,0,0,0,0,0,0,0,0,0,0]",511,9,9,0
cklr_m9_s141_7a5601513dccc79c,7a5601513dccc79c,9,33,141,1655036656063655243,0.07,2,2,"[[0,0,0],[0,6,2],[1,3,0],[2,0,2],[2,1,1],[3,7,0],[4,7,1],[5,0,2],[5,4,0],[6,0,0],[6,5,0],[6,5,2],[6,7,1],[6,7,2],[7,3,2],[7,4,1],[7,7,2],[8,6,0]]",18,222,8415,"[1,1,1,1,1,1,1,1,1,0,0,0,0,0,0,0,0,0,0,0,0,0,0,0,0,0,0,0,0,0,0,0,0]",511,9,9,0
cklr_m9_s142_d26661e1d2ecc9df,d26661e1d2ecc9df,9,33,142,8781899474084527677,0.07,2,3,"[[0,4,0],[0,4,2],[0,7,0],[0,7,2],[1,6,2],[2,3,1],[2,6,1],[3,0,2],[3,5,2],[3,6,0],[4,4,2],[4,7,0],[6,0,0],[7,1,0],[7,2,0],[7,3,2]]",16,224,8481,"[1,1,1,1,1,1,1,1,1,0,0,0,0,0,0,0,0,0,0,0,0,0,0,0,0,0,0,0,0,0,0,0,0]",511,9,9,0
cklr_m9_s143_63cab0b7f6403de8,63cab0b7f6403de8,9,33,143,6363319301795018469,0.07,2,4,"[[1,2,0],[1,2,2],[1,3,0],[1,3,2],[3,2,2],[5,2,2],[6,3,2],[6,7,0],[7,2,0],[8,6,2],[8,7,2]]",11,229,8646,"[1,1,1,1,1,1,1,1,1,0,0,0,0,0,0,0,0,0,0,0,0,0,0,0,0,0,0,0,0,0,0,0,0]",511,9,9,0
cklr_m9_s144_a5dc2608985bdefc,a5dc2608985bdefc,9,33,144,5481832612830397087,0.07,2,5,"[[0,3,1],[0,6,2],[1,6,0],[3,3,2],[4,5,1],[5,3,0],[5,7,2],[6,1,2],[6,4,2],[6,7,1],[7,6,0],[7,6,1],[8,5,2],[8,7,2]]",14,226,8547,"[1,1,1,1,1,1,1,1,1,0,0,0,0,0,0,0,0,0,0,0,0,0,0,0,0,0,0,0,0,0,0,0,0]",511,9,9,0
cklr_m9_s145_8a658b8d5aaa9f4f,8a658b8d5aaa9f4f,9,33,145,490631943929394702,0.07,2,6,"[[0,7,2],[1,0,0],[1,3,2],[1,5,0],[3,1,2],[4,1,0],[4,1,2],[4,3,0],[4,5,0],[6,1,1],[6,5,0],[7,2,1],[7,5,1],[7,5,2],[8,0,2],[8,1,0],[8,2,2],[8,7,0]]",18,222,8415,"[1,1,1,1,1,1,1,1,1,0,0,0,0,0,0,0,0,0,0,0,0,0,0,0,0,0,0,0,0,0,0,0,0]",511,9,9,0
cklr_m9_s146_2fd551b3f4957bf7,2fd551b3f4957bf7,9,33,146,6230139649760423116,0.07,2,7,"[[0,0,0],[0,5,0],[1,6,2],[2,4,0],[2,7,2],[3,0,0],[3,2,2],[3,7,1],[5,1,0],[5,5,1],[7,4,2],[7,6,0],[8,0,2],[8,2,0],[8,6,1]]",15,225,8514,"[1,1,1,1,1,1,1,1,1,0,0,0,0,0,0,0,0,0,0,0,0,0,0,0,0,0,0,0,0,0,0,0,0]",511,9,9,0
cklr_m9_s147_65f7b40d600469d2,65f7b40d600469d2,9,33,147,2848664783122319707,0.07,2,8,"[[0,1,0],[0,1,1],[0,5,0],[2,4,1],[2,5,0],[3,1,0],[4,1,0],[4,1,2],[4,2,2],[4,3,1],[5,5,0],[6,1,1],[7,3,1],[8,7,2]]",14,226,8547,"[1,1,1,1,1,1,1,1,1,0,0,0,0,0,0,0,0,0,0,0,0,0,0,0,0,0,0,0,0,0,0,0,0]",511,9,9,0
cklr_m9_s148_ba6276e01e74c37b,ba6276e01e74c37b,9,33,148,567320763215708643,0.07,2,9,"[[0,0,2],[0,1,0],[0,1,2],[0,2,1],[0,4,1],[0,5,1],[0,6,1],[0,7,2],[1,3,2],[1,5,2],[3,0,1],[3,5,0],[4,1,1],[4,7,0],[5,1,0],[5,1,1],[5,1,2],[5,3,1],[5,6,0],[6,4,1],[6,6,0],[6,7,2],[7,1,1],[8,4,2]]",24,216,8217,"[1,1,1,1,1,1,1,1,1,0,0,0,0,0,0,0,0,0,0,0,0,0,0,0,0,0,0,0,0,0,0,0,0]",511,9,9,0
cklr_m9_s149_1a8f788ae5ea5771,1a8f788ae5ea5771,9,33,149,3755125621626720101,0.07,2,10,"[[0,0,0],[0,5,1],[1,1,0],[1,1,1],[2,2,2],[2,3,2],[2,5,0],[2,6,0],[3,0,1],[4,4,0],[4,4,1],[5,1,2],[5,4,0],[6,1,1],[6,7,2],[7,1,1],[8,3,0],[8,5,1]]",18,222,8415,"[1,1,1,1,1,1,1,1,1,0,0,0,0,0,0,0,0,0,0,0,0,0,0,0,0,0,0,0,0,0,0,0,0]",511,9,9,0
cklr_m9_s150_fbf05565509cb69d,fbf05565509cb69d,9,33,150,995119299954902545,0.07,2,11,"[[0,5,0],[1,2,2],[1,4,2],[1,5,2],[2,5,1],[4,2,2],[4,5,1],[5,2,2],[6,2,1],[6,4,1],[6,6,2],[7,0,0],[7,1,1],[7,3,2],[8,1,1],[8,6,0],[8,7,1]]",17,223,8448,"[1,1,1,1,1,1,1,1,1,0,0,0,0,0,0,0,0,0,0,0,0,0,0,0,0,0,0,0,0,0,0,0,0]",511,9,9,0
cklr_m9_s151_3c731831d41cde89,3c731831d41cde89,9,33,151,8612759831535749168,0.07,2,12,"[[0,5,0],[1,3,2],[2,1,1],[3,5,2],[4,3,2],[5,0,1],[5,5,0],[5,6,1],[5,6,2],[6,1,0],[6,4,1],[8,0,2],[8,4,0]]",13,227,8580,"[1,1,1,1,1,1,1,1,1,0,0,0,0,0,0,0,0,0,0,0,0,0,0,0,0,0,0,0,0,0,0,0,0]",511,9,9,0
cklr_m9_s152_7611c691552549be,7611c691552549be,9,33,152,3014884105904218108,0.07,2,13,"[[0,2,1],[0,5,0],[1,2,0],[1,4,0],[1,5,1],[1,5,2],[1,7,1],[2,1,0],[2,1,2],[3,7,1],[4,0,2],[6,2,0],[6,5,1],[7,4,2],[7,5,1]]",15,225,8514,"[1,1,1,1,1,1,1,1,1,0,0,0,0,0,0,0,0,0,0,0,0,0,0,0,0,0,0,0,0,0,0,0,0]",511,9,9,0
cklr_m9_s153_28afbfa593a22e4e,28afbfa593a22e4e,9,33,153,5516405106404261281,0.07,2,14,"[[0,0,2],[0,5,1],[1,3,1],[1,4,0],[2,0,0],[3,3,1],[3,4,1],[4,0,0],[4,3,1],[4,5,1],[4,6,0],[4,6,1],[5,0,2],[5,5,2],[6,3,0],[7,1,2],[7,7,1],[8,1,0],[8,7,2]]",19,221,8382,"[1,1,1,1,1,1,1,1,1,0,0,0,0,0,0,0,0,0,0,0,0,0,0,0,0,0,0,0,0,0,0,0,0]",511,9,9,0
cklr_m9_s154_d98a73e8a564c0be,d98a73e8a564c0be,9,33,154,2699779307524824936,0.07,2,15,"[[0,3,1],[1,2,2],[2,5,0],[3,5,1],[3,6,0],[4,2,2],[4,3,2],[6,0,0],[7,2,1],[8,1,1],[8,6,0]]",11,229,8646,"[1,1,1,1,1,1,1,1,1,0,0,0,0,0,0,0,0,0,0,0,0,0,0,0,0,0,0,0,0,0,0,0,0]",511,9,9,0
cklr_m9_s155_8b216df6f3ca6349,8b216df6f3ca6349,9,33,155,9204646748527592026,0.07,2,16,"[[1,2,1],[1,6,1],[2,1,2],[2,2,2],[2,3,2],[2,7,1],[3,0,2],[3,2,2],[3,6,0],[3,6,1],[3,6,2],[4,0,2],[4,4,1],[5,4,1],[6,1,0],[7,3,2],[7,4,1]]",17,223,8448,"[1,1,1,1,1,1,1,1,1,0,0,0,0,0,0,0,0,0,0,0,0,0,0,0,0,0,0,0,0,0,0,0,0]",511,9,9,0
cklr_m9_s156_f33eca7a7c2fd60c,f33eca7a7c2fd60c,9,33,156,3864910084340492602,0.07,2,17,"[[0,4,0],[0,7,2],[2,4,0],[2,6,0],[3,4,1],[4,0,0],[5,6,2],[7,0,0],[8,3,0],[8,7,0]]",10,230,8679,"[1,1,1,1,1,1,1,1,1,0,0,0,0,0,0,0,0,0,0,0,0,0,0,0,0,0,0,0,0,0,0,0,0]",511,9,9,0
cklr_m9_s157_f6e0508e76265b63,f6e0508e76265b63,9,33,157,2875303520682133402,0.07,2,18,"[[0,0,0],[0,5,0],[1,6,0],[2,5,0],[3,4,1],[5,0,0],[5,5,0],[5,6,0],[6,2,2],[6,7,2],[7,0,0],[7,5,0],[7,7,1],[8,1,0],[8,5,1]]",15,225,8514,"[1,1,1,1,1,1,1,1,1,0,0,0,0,0,0,0,0,0,0,0,0,0,0,0,0,0,0,0,0,0,0,0,0]",511,9,9,0
cklr_m9_s158_6d17e8c8161f8789,6d17e8c8161f8789,9,33,158,3349095295557125589,0.07,2,19,"[[0,7,0],[1,4,2],[2,0,1],[3,4,2],[4,0,1],[4,2,2],[4,3,2],[5,2,0],[5,5,0],[7,0,1],[7,4,2],[7,7,0],[8,4,1]]",13,227,8580,"[1,1,1,1,1,1,1,1,1,0,0,0,0,0,0,0,0,0,0,0,0,0,0,0,0,0,0,0,0,0,0,0,0]",511,9,9,0
cklr_m9_s159_a3fe67d031672c71,a3fe67d031672c71,9,33,159,1186769974603867348,0.07,2,20,"[[1,1,0],[1,1,1],[3,6,1],[4,4,2],[4,6,1],[5,0,2],[5,5,0],[7,2,0],[8,2,2],[8,6,0],[8,7,0]]",11,229,8646,"[1,1,1,1,1,1,1,1,1,0,0,0,0,0,0,0,0,0,0,0,0,0,0,0,0,0,0,0,0,0,0,0,0]",511,9,9,0
cklr_m9_s160_0a360027483fc9fe,0a360027483fc9fe,9,33,160,6731883021668383323,0.09,3,1,"[[0,1,1],[0,3,0],[0,3,1],[0,4,1],[0,5,1],[1,6,0],[2,3,2],[2,4,0],[2,4,2],[2,7,2],[3,0,2],[3,5,0],[3,5,2],[4,0,1],[4,1,1],[4,1,2],[5,3,1],[5,4,2],[5,5,1],[6,1,2],[6,3,2],[7,3,1],[7,4,1],[7,5,2],[8,4,0],[8,4,2]]",26,214,8151,"[1,1,1,1,1,1,1,1,1,0,0,0,0,0,0,0,0,0,0,0,0,0,0,0,0,0,0,0,0,0,0,0,0]",511,9,9,0
cklr_m9_s161_422915a224f722c0,422915a224f722c0,9,33,161,5821538688875389635,0.09,3,2,"[[0,2,1],[0,6,0],[1,0,1],[1,0,2],[2,0,0],[2,4,1],[2,7,2],[3,0,0],[3,5,1],[3,6,0],[4,0,2],[4,3,2],[4,5,2],[4,7,1],[6,4,1],[6,5,0],[6,5,1],[7,2,1],[8,2,1],[8,3,2],[8,5,0]]",21,219,8316,"[1,1,1,1,1,1,1,1,1,0,0,0,0,0,0,0,0,0,0,0,0,0,0,0,0,0,0,0,0,0,0,0,0]",511,9,9,0
cklr_m9_s162_8b19877ea671f815,8b19877ea671f815,9,33,162,2231301834109368912,0.09,3,3,"[[0,0,2],[1,4,0],[2,1,0],[2,3,1],[2,3,2],[2,6,1],[3,0,0],[3,0,1],[3,2,0],[3,3,2],[4,4,1],[5,6,0],[6,2,0],[6,5,2],[7,1,1],[7,7,1],[8,4,2]]",17,223,8448,"[1,1,1,1,1,1,1,1,1,0,0,0,0,0,0,0,0,0,0,0,0,0,0,0,0,0,0,0,0,0,0,0,0]",511,9,9,0
cklr_m9_s163_89918b7d91c965f7,89918b7d91c965f7,9,33,163,3432092411771073190,0.09,3,4,"[[0,3,0],[0,3,2],[0,4,0],[0,5,1],[0,7,1],[1,0,1],[1,4,2],[2,3,0],[2,4,0],[3,0,1],[4,2,2],[5,7,2],[6,1,2],[6,6,0],[7,2,1],[7,4,1],[8,0,2]]",17,223,8448,"[1,1,1,1,1,1,1,1,1,0,0,0,0,0,0,0,0,0,0,0,0,0,0,0,0,0,0,0,0,0,0,0,0]",511,9,9,0
cklr_m9_s164_f21714ca570cf79e,f21714ca570cf79e,9,33,164,4682545154399792619,0.09,3,5,"[[0,0,1],[1,1,0],[1,1,1],[1,2,2],[1,4,0],[2,4,0],[3,3,2],[3,4,0],[3,6,0],[4,1,1],[4,7,1],[5,0,2],[5,3,2],[6,4,2],[6,7,2],[7,2,0],[7,5,1],[8,2,1],[8,4,1],[8,5,0],[8,5,2]]",21,219,8316,"[1,1,1,1,1,1,1,1,1,0,0,0,0,0,0,0,0,0,0,0,0,0,0,0,0,0,0,0,0,0,0,0,0]",511,9,9,0
cklr_m9_s165_4345e149065dfa03,4345e149065dfa03,9,33,165,1482136748731358315,0.09,3,6,"[[0,1,2],[0,3,0],[0,7,2],[1,3,1],[2,1,2],[4,3,0],[4,3,2],[5,2,0],[5,3,2],[5,6,2],[6,2,2],[6,4,1],[7,5,0],[7,6,0],[7,7,0],[8,0,1],[8,7,0]]",17,223,8448,"[1,1,1,1,1,1,1,1,1,0,0,0,0,0,0,0,0,0,0,0,0,0,0,0,0,0,0,0,0,0,0,0,0]",511,9,9,0
cklr_m9_s166_9f33b36ee33ae41e,9f33b36ee33ae41e,9,33,166,276142088830027885,0.09,3,7,"[[0,6,2],[0,7,2],[1,7,2],[2,0,0],[2,1,0],[3,2,2],[3,4,1],[3,4,2],[3,5,1],[3,6,1],[5,1,1],[5,3,0],[5,5,0],[5,7,2],[6,3,2],[7,0,0],[8,3,2],[8,4,0],[8,5,1],[8,5,2]]",20,220,8349,"[1,1,1,1,1,1,1,1,1,0,0,0,0,0,0,0,0,0,0,0,0,0,0,0,0,0,0,0,0,0,0,0,0]",511,9,9,0
cklr_m9_s167_ba40eea493a5a38d,ba40eea493a5a38d,9,33,167,306366473895386653,0.09,3,8,"[[0,0,1],[0,1,1],[0,3,0],[0,5,1],[0,6,2],[1,3,1],[1,3,2],[1,4,0],[1,5,0],[1,5,2],[2,1,2],[2,4,0],[3,0,2],[3,1,2],[3,6,2],[4,7,2],[5,1,2],[6,7,1],[8,2,1]]",19,221,8382,"[1,1,1,1,1,1,1,1,1,0,0,0,0,0,0,0,0,0,0,0,0,0,0,0,0,0,0,0,0,0,0,0,0]",511,9,9,0
cklr_m9_s168_d2aa6c30b7f954e5,d2aa6c30b7f954e5,9,33,168,357362281332817684,0.09,3,9,"[[0,1,0],[0,3,0],[0,4,1],[0,5,0],[1,4,1],[1,5,0],[1,7,1],[2,0,1],[2,3,2],[3,2,1],[3,3,0],[3,5,2],[4,0,2],[5,1,0],[5,3,2],[5,7,2],[6,0,2],[6,6,2],[7,1,1],[7,1,2],[7,3,2],[8,3,1],[8,7,0],[8,7,2]]",24,216,8217,"[1,1,1,1,1,1,1,1,1,0,0,0,0,0,0,0,0,0,0,0,0,0,0,0,0,0,0,0,0,0,0,0,0]",511,9,9,0
cklr_m9_s169_afa68f95e89fab82,afa68f95e89fab82,9,33,169,5471029960139054703,0.09,3,10,"[[0,0,1],[0,1,0],[0,2,2],[0,4,0],[0,6,2],[1,0,1],[1,6,1],[2,4,1],[2,6,1],[3,1,2],[3,3,1],[3,4,0],[3,6,0],[4,5,0],[5,4,0],[5,6,1],[6,1,0],[6,2,0],[7,1,0],[8,2,1],[8,5,0]]",21,219,8316,"[1,1,1,1,1,1,1,1,1,0,0,0,0,0,0,0,0,0,0,0,0,0,0,0,0,0,0,0,0,0,0,0,0]",511,9,9,0
cklr_m9_s170_939b3b2633b8d426,939b3b2633b8d426,9,33,170,7263979234913238410,0.09,3,11,"[[0,7,1],[1,0,1],[1,5,2],[1,6,2],[2,2,2],[2,4,0],[2,5,1],[2,5,2],[2,6,1],[3,5,2],[4,4,1],[5,7,1],[6,1,1],[6,3,0],[6,5,0],[6,6,0],[7,2,2],[7,3,2],[7,5,2],[8,2,0],[8,2,2],[8,7,1],[8,7,2]]",23,217,8250,"[1,1,1,1,1,1,1,1,1,0,0,0,0,0,0,0,0,0,0,0,0,0,0,0,0,0,0,0,0,0,0,0,0]",511,9,9,0
cklr_m9_s171_fd509e61a20e33cd,fd509e61a20e33cd,9,33,171,5825209500493291182,0.09,3,12,"[[0,1,2],[0,2,1],[0,5,2],[1,1,2],[2,0,0],[3,4,2],[3,7,0],[3,7,2],[4,2,2],[4,5,1],[4,5,2],[5,0,1],[5,1,2],[5,6,2],[6,4,0],[6,4,2],[6,5,2],[6,7,0],[7,1,1],[7,4,2],[8,2,0],[8,6,1],[8,7,1],[8,7,2]]",24,216,8217,"[1,1,1,1,1,1,1,1,1,0,0,0,0,0,0,0,0,0,0,0,0,0,0,0,0,0,0,0,0,0,0,0,0]",511,9,9,0
cklr_m9_s172_26e53f6514060e68,26e53f6514060e68,9,33,172,7053642106180236756,0.09,3,13,"[[0,0,1],[1,4,0],[1,5,0],[2,1,0],[2,2,0],[3,0,0],[3,1,2],[3,6,2],[4,1,2],[4,3,1],[4,4,1],[4,7,2],[5,1,0],[5,2,0],[5,5,1],[5,6,1],[7,0,1],[7,0,2],[7,1,0],[7,5,0],[8,2,2],[8,3,2],[8,5,1],[8,6,1]]",24,216,8217,"[1,1,1,1,1,1,1,1,1,0,0,0,0,0,0,0,0,0,0,0,0,0,0,0,0,0,0,0,0,0,0,0,0]",511,9,9,0
cklr_m9_s173_e2b4db80cd87f696,e2b4db80cd87f696,9,33,173,3946794887985319356,0.09,3,14,"[[0,6,2],[1,3,0],[1,3,1],[1,5,2],[1,6,0],[2,3,0],[2,4,0],[2,6,1],[2,7,0],[3,1,2],[3,2,0],[3,4,0],[3,4,2],[3,5,1],[3,6,2],[4,1,1],[5,1,0],[5,3,0],[5,7,1],[6,7,1],[7,0,1],[8,5,0],[8,6,2]]",23,217,8250,"[1,1,1,1,1,1,1,1,1,0,0,0,0,0,0,0,0,0,0,0,0,0,0,0,0,0,0,0,0,0,0,0,0]",511,9,9,0
cklr_m9_s174_ead20e44adc5d55f,ead20e44adc5d55f,9,33,174,6213350757578796362,0.09,3,15,"[[0,0,2],[0,1,2],[0,5,1],[2,4,2],[3,1,2],[3,2,0],[4,3,2],[4,4,1],[4,6,1],[5,1,0],[5,3,1],[5,7,0],[6,4,0],[6,7,2],[8,3,0],[8,7,1]]",16,224,8481,"[1,1,1,1,1,1,1,1,1,0,0,0,0,0,0,0,0,0,0,0,0,0,0,0,0,0,0,0,0,0,0,0,0]",511,9,9,0
cklr_m9_s175_7d6764a8602a04d3,7d6764a8602a04d3,9,33,175,6968801384973413350,0.09,3,16,"[[0,3,0],[0,3,2],[0,5,1],[1,1,0],[1,5,2],[2,0,0],[2,3,0],[2,3,1],[3,1,2],[3,5,0],[5,1,1],[5,1,2],[5,5,2],[6,1,0],[6,6,0],[7,3,2],[7,4,0],[8,1,1],[8,4,1],[8,6,2]]",20,220,8349,"[1,1,1,1,1,1,1,1,1,0,0,0,0,0,0,0,0,0,0,0,0,0,0,0,0,0,0,0,0,0,0,0,0]",511,9,9,0
cklr_m9_s176_fe02da0234caf1c1,fe02da0234caf1c1,9,33,176,3017787130074939021,0.09,3,17,"[[0,4,2],[0,6,2],[2,4,1],[2,7,1],[3,3,2],[4,0,2],[4,2,1],[4,4,0],[4,5,2],[4,7,1],[5,0,0],[5,0,2],[5,1,2],[5,3,1],[5,5,0],[6,1,0],[6,4,0],[7,3,2],[7,6,2],[8,4,0],[8,5,2],[8,7,2]]",22,218,8283,"[1,1,1,1,1,1,1,1,1,0,0,0,0,0,0,0,0,0,0,0,0,0,0,0,0,0,0,0,0,0,0,0,0]",511,9,9,0
cklr_m9_s177_4d5e5f3870441b2f,4d5e5f3870441b2f,9,33,177,5013333686309298253,0.09,3,18,"[[0,3,2],[0,6,0],[1,6,0],[2,0,0],[2,5,0],[3,2,2],[3,3,0],[3,3,2],[3,6,0],[4,1,2],[4,3,2],[4,4,2],[4,7,0],[4,7,2],[6,4,1],[8,5,0]]",16,224,8481,"[1,1,1,1,1,1,1,1,1,0,0,0,0,0,0,0,0,0,0,0,0,0,0,0,0,0,0,0,0,0,0,0,0]",511,9,9,0
cklr_m9_s178_1295b42bbe40823e,1295b42bbe40823e,9,33,178,3123851420532396891,0.09,3,19,"[[0,7,2],[1,3,2],[1,4,1],[2,1,0],[2,4,2],[3,1,0],[3,3,2],[4,2,2],[4,3,2],[5,0,1],[5,2,0],[5,2,1],[6,0,2],[6,1,2],[6,3,2],[6,4,1],[6,5,0],[7,3,1],[7,4,1],[7,7,0],[7,7,2],[8,1,1],[8,6,0]]",23,217,8250,"[1,1,1,1,1,1,1,1,1,0,0,0,0,0,0,0,0,0,0,0,0,0,0,0,0,0,0,0,0,0,0,0,0]",511,9,9,0
cklr_m9_s179_bda1c7e27f587af3,bda1c7e27f587af3,9,33,179,3187068664378669688,0.09,3,20,"[[0,6,1],[1,0,0],[1,2,2],[1,3,2],[2,1,2],[2,2,0],[2,7,1],[3,0,2],[3,2,1],[3,3,1],[3,5,0],[3,6,0],[3,6,1],[3,7,2],[4,3,2],[4,6,2],[7,0,0],[7,4,0],[7,6,2],[8,1,0],[8,7,2]]",21,219,8316,"[1,1,1,1,1,1,1,1,1,0,0,0,0,0,0,0,0,0,0,0,0,0,0,0,0,0,0,0,0,0,0,0,0]",511,9,9,0
cklr_m9_s180_d4d89b55d0e01e06,d4d89b55d0e01e06,9,33,180,8660062795005262955,0.11,4,1,"[[0,0,0],[1,3,1],[1,4,1],[1,7,1],[2,2,1],[2,3,2],[2,4,1],[2,5,1],[2,6,0],[3,6,1],[4,5,1],[4,6,1],[5,2,0],[5,2,2],[5,4,0],[6,1,0],[7,7,1],[8,3,1],[8,4,2],[8,6,2],[8,7,0]]",21,219,8316,"[1,1,1,1,1,1,1,1,1,0,0,0,0,0,0,0,0,0,0,0,0,0,0,0,0,0,0,0,0,0,0,0,0]",511,9,9,0
cklr_m9_s181_1799cc4ba16ebb33,1799cc4ba16ebb33,9,33,181,1983063936170745279,0.11,4,2,"[[0,1,2],[0,4,1],[0,5,2],[1,3,2],[1,4,0],[1,7,1],[2,0,0],[2,4,0],[3,4,2],[3,7,0],[4,1,1],[4,3,0],[4,7,0],[4,7,2],[5,7,1],[5,7,2],[6,0,0],[6,0,2],[6,3,0],[6,3,1],[6,6,1],[7,1,0],[7,4,0],[8,1,2],[8,2,0],[8,3,2],[8,6,0],[8,7,0]]",28,212,8085,"[1,1,1,1,1,1,1,1,1,0,0,0,0,0,0,0,0,0,0,0,0,0,0,0,0,0,0,0,0,0,0,0,0]",511,9,9,0
cklr_m9_s182_983fcf5a58882225,983fcf5a58882225,9,33,182,7856836342700607452,0.11,4,3,"[[0,1,1],[0,2,0],[1,2,2],[1,3,2],[1,5,0],[1,7,2],[2,0,1],[2,2,1],[2,5,0],[3,0,2],[3,3,1],[3,5,1],[4,2,1],[4,3,0],[4,3,1],[4,5,1],[5,3,0],[5,3,1],[5,6,1],[6,2,0],[6,3,0],[6,6,1],[6,7,1],[7,1,1],[7,2,2],[7,6,0],[7,7,1],[8,3,1],[8,5,0]]",29,211,8052,"[1,1,1,1,1,1,1,1,1,0,0,0,0,0,0,0,0,0,0,0,0,0,0,0,0,0,0,0,0,0,0,0,0]",511,9,9,0
cklr_m9_s183_ee2759f193a9a17a,ee2759f193a9a17a,9,33,183,3811061495914154321,0.11,4,4,"[[0,1,0],[0,2,0],[0,3,0],[0,3,2],[1,0,0],[1,1,1],[1,3,1],[1,4,2],[1,5,2],[2,4,2],[3,2,0],[3,5,0],[4,0,1],[4,1,0],[4,3,0],[4,6,1],[5,0,2],[5,2,2],[5,5,0],[5,5,1],[6,2,0],[6,3,2],[7,0,2],[7,1,2],[7,2,0],[7,2,2],[7,4,2],[7,7,2],[8,7,0]]",29,211,8052,"[1,1,1,1,1,1,1,1,1,0,0,0,0,0,0,0,0,0,0,0,0,0,0,0,0,0,0,0,0,0,0,0,0]",511,9,9,0
cklr_m9_s184_04c2b4ea730eee5f,04c2b4ea730eee5f,9,33,184,8802421038235815159,0.11,4,5,"[[0,1,0],[0,4,1],[0,6,2],[1,5,0],[2,4,2],[2,5,0],[2,5,1],[3,2,1],[3,3,0],[3,6,0],[3,6,2],[4,2,1],[4,7,0],[5,0,1],[5,2,0],[5,3,2],[5,4,2],[5,5,0],[6,3,0],[6,4,1],[6,7,1],[7,6,0],[8,6,2]]",23,217,8250,"[1,1,1,1,1,1,1,1,1,0,0,0,0,0,0,0,0,0,0,0,0,0,0,0,0,0,0,0,0,0,0,0,0]",511,9,9,0
cklr_m9_s185_a3c584be8141c7a2,a3c584be8141c7a2,9,33,185,5822950924223573322,0.11,4,6,"[[0,1,1],[0,1,2],[1,1,2],[2,2,0],[2,3,1],[2,6,1],[2,7,2],[3,1,2],[3,3,1],[3,7,2],[4,0,2],[4,1,1],[4,1,2],[4,2,2],[4,7,2],[5,1,1],[5,5,1],[5,5,2],[6,0,2],[6,3,0],[6,4,2],[6,5,1],[6,5,2],[7,2,0],[7,6,0]]",25,215,8184,"[1,1,1,1,1,1,1,1,1,0,0,0,0,0,0,0,0,0,0,0,0,0,0,0,0,0,0,0,0,0,0,0,0]",511,9,9,0
cklr_m9_s186_1604052c9df67573,1604052c9df67573,9,33,186,8087312881659041426,0.11,4,7,"[[0,0,0],[0,2,1],[0,4,1],[0,5,1],[1,1,2],[1,4,1],[1,7,0],[1,7,1],[2,1,0],[2,3,2],[4,1,0],[4,1,1],[4,2,0],[4,3,0],[5,3,2],[5,4,0],[5,5,1],[5,6,0],[5,7,0],[6,0,1],[6,3,0],[6,6,0],[7,4,2],[8,0,2],[8,5,1],[8,7,0]]",26,214,8151,"[1,1,1,1,1,1,1,1,1,0,0,0,0,0,0,0,0,0,0,0,0,0,0,0,0,0,0,0,0,0,0,0,0]",511,9,9,0
cklr_m9_s187_ccaccdecda6a86b5,ccaccdecda6a86b5,9,33,187,2832182272281421716,0.11,4,8,"[[0,0,1],[0,4,0],[1,2,2],[1,5,2],[1,7,2],[2,2,1],[2,5,0],[3,2,0],[3,3,1],[3,3,2],[3,4,1],[3,7,0],[5,1,0],[5,5,1],[5,6,0],[6,0,0],[6,1,0],[6,1,2],[6,3,0],[6,3,1],[7,1,0],[7,4,1],[7,7,0]]",23,217,8250,"[1,1,1,1,1,1,1,1,1,0,0,0,0,0,0,0,0,0,0,0,0,0,0,0,0,0,0,0,0,0,0,0,0]",511,9,9,0
cklr_m9_s188_79310dfaa2492fe9,79310dfaa2492fe9,9,33,188,2198079030911040606,0.11,4,9,"[[0,4,2],[1,5,1],[1,6,2],[2,2,2],[3,0,2],[4,1,0],[5,1,0],[5,3,0],[5,5,0],[6,7,0],[7,2,1],[7,6,0],[8,0,2],[8,3,0],[8,5,0],[8,5,1],[8,5,2],[8,7,0]]",18,222,8415,"[1,1,1,1,1,1,1,1,1,0,0,0,0,0,0,0,0,0,0,0,0,0,0,0,0,0,0,0,0,0,0,0,0]",511,9,9,0
cklr_m9_s189_dc8e98d89208242a,dc8e98d89208242a,9,33,189,8840111638344879131,0.11,4,10,"[[0,4,0],[0,4,2],[0,6,1],[0,6,2],[1,0,2],[1,1,1],[1,2,1],[1,2,2],[2,3,0],[2,3,1],[2,4,1],[2,6,2],[3,7,2],[4,1,0],[4,5,0],[4,5,1],[4,6,0],[4,7,2],[5,2,0],[5,4,0],[5,7,0],[6,4,2],[6,5,0],[6,5,1],[7,1,0],[7,3,2],[7,5,2],[8,1,0],[8,3,0]]",29,211,8052,"[1,1,1,1,1,1,1,1,1,0,0,0,0,0,0,0,0,0,0,0,0,0,0,0,0,0,0,0,0,0,0,0,0]",511,9,9,0
cklr_m9_s190_3fa718cdc98c7517,3fa718cdc98c7517,9,33,190,1536722444352434258,0.11,4,11,"[[0,5,2],[0,7,2],[1,4,0],[1,6,2],[2,4,0],[3,0,1],[3,0,2],[3,2,1],[3,5,2],[3,7,0],[3,7,2],[4,1,2],[4,2,2],[4,4,0],[4,5,1],[4,6,2],[4,7,0],[6,3,0],[6,7,2],[7,0,0],[7,2,1],[7,3,0],[7,5,1],[7,6,1],[7,6,2],[8,6,1],[8,7,1]]",27,213,8118,"[1,1,1,1,1,1,1,1,1,0,0,0,0,0,0,0,0,0,0,0,0,0,0,0,0,0,0,0,0,0,0,0,0]",511,9,9,0
cklr_m9_s191_f42d68c83a905258,f42d68c83a905258,9,33,191,5055569371156643800,0.11,4,12,"[[0,2,1],[0,3,0],[0,6,1],[0,7,2],[1,0,1],[1,1,1],[1,2,0],[1,5,0],[1,5,2],[1,7,0],[2,1,2],[2,2,1],[2,3,1],[2,4,0],[2,7,1],[3,4,0],[4,0,1],[4,4,1],[4,6,1],[4,7,2],[5,0,1],[5,4,2],[7,1,2],[7,2,1],[7,4,0],[7,5,0],[7,6,1],[8,0,2],[8,3,1],[8,4,1],[8,4,2],[8,5,0],[8,5,1],[8,7,1]]",34,206,7887,"[1,1,1,1,1,1,1,1,1,0,0,0,0,0,0,0,0,0,0,0,0,0,0,0,0,0,0,0,0,0,0,0,0]",511,9,9,0
cklr_m9_s192_688a3f585bb2417b,688a3f585bb2417b,9,33,192,1075951826312854894,0.11,4,13,"[[0,4,0],[0,7,0],[1,0,1],[1,1,2],[1,4,0],[2,1,2],[2,6,0],[2,6,1],[3,0,0],[3,3,0],[3,3,2],[3,6,0],[4,2,1],[4,2,2],[4,5,1],[4,7,2],[5,0,1],[5,1,1],[5,6,0],[5,7,2],[6,3,2],[6,6,0],[6,7,2],[7,1,1],[7,6,0],[8,0,1],[8,1,1],[8,3,1],[8,3,2],[8,4,2]]",30,210,8019,"[1,1,1,1,1,1,1,1,1,0,0,0,0,0,0,0,0,0,0,0,0,0,0,0,0,0,0,0,0,0,0,0,0]",511,9,9,0
cklr_m9_s193_31a70923ca5a6d5f,31a70923ca5a6d5f,9,33,193,2656979146652686597,0.11,4,14,"[[0,1,0],[0,6,2],[1,4,0],[1,6,1],[1,7,0],[2,1,0],[2,5,1],[3,7,2],[4,0,0],[4,1,1],[4,3,1],[4,5,1],[4,6,2],[5,1,2],[5,3,2],[6,1,1],[6,3,1],[6,4,1],[7,2,2],[7,3,0],[8,0,2]]",21,219,8316,"[1,1,1,1,1,1,1,1,1,0,0,0,0,0,0,0,0,0,0,0,0,0,0,0,0,0,0,0,0,0,0,0,0]",511,9,9,0
cklr_m9_s194_a0eea73d96a6127f,a0eea73d96a6127f,9,33,194,339338155896061425,0.11,4,15,"[[0,2,1],[0,3,2],[0,4,2],[1,3,2],[1,5,0],[1,5,1],[1,7,0],[1,7,2],[3,0,1],[3,4,1],[3,6,0],[3,6,1],[3,7,2],[5,0,1],[6,1,1],[6,5,2],[7,1,2],[7,6,2],[8,0,0],[8,0,1],[8,2,0],[8,6,1]]",22,218,8283,"[1,1,1,1,1,1,1,1,1,0,0,0,0,0,0,0,0,0,0,0,0,0,0,0,0,0,0,0,0,0,0,0,0]",511,9,9,0
cklr_m9_s195_2a1ede3bc4add1c5,2a1ede3bc4add1c5,9,33,195,704017641198924095,0.11,4,16,"[[0,6,0],[1,6,0],[1,7,2],[2,5,0],[2,7,2],[3,0,0],[3,7,2],[4,4,1],[4,7,1],[5,1,0],[5,4,1],[5,5,1],[5,7,2],[6,2,2],[6,5,2],[6,6,2],[7,0,0],[8,3,1],[8,5,2],[8,6,2]]",20,220,8349,"[1,1,1,1,1,1,1,1,1,0,0,0,0,0,0,0,0,0,0,0,0,0,0,0,0,0,0,0,0,0,0,0,0]",511,9,9,0
cklr_m9_s196_267d3f6da4d9c612,267d3f6da4d9c612,9,33,196,995924181229872502,0.11,4,17,"[[0,2,2],[0,7,1],[1,0,2],[1,2,2],[1,3,0],[1,5,0],[2,4,0],[2,7,0],[3,1,2],[3,3,0],[3,4,0],[4,3,2],[4,5,2],[4,6,2],[4,7,0],[5,2,0],[6,0,0],[6,2,2],[6,5,0],[8,3,0]]",20,220,8349,"[1,1,1,1,1,1,1,1,1,0,0,0,0,0,0,0,0,0,0,0,0,0,0,0,0,0,0,0,0,0,0,0,0]",511,9,9,0
cklr_m9_s197_e2481ec942d8e5c8,e2481ec942d8e5c8,9,33,197,5736353780262667033,0.11,4,18,"[[0,0,2],[0,1,2],[0,4,1],[0,7,1],[1,1,0],[1,5,0],[1,5,1],[2,0,0],[2,1,2],[2,5,1],[3,0,0],[3,1,2],[3,2,0],[3,2,2],[3,7,0],[3,7,1],[4,0,0],[4,7,0],[5,2,2],[7,0,2],[7,2,0],[7,4,0],[7,7,2],[8,1,1],[8,1,2],[8,3,2]]",26,214,8151,"[1,1,1,1,1,1,1,1,1,0,0,0,0,0,0,0,0,0,0,0,0,0,0,0,0,0,0,0,0,0,0,0,0]",511,9,9,0
cklr_m9_s198_bd10eb8dc04f8bc3,bd10eb8dc04f8bc3,9,33,198,8687188939605036162,0.11,4,19,"[[0,4,0],[1,2,1],[1,3,2],[1,6,2],[2,0,0],[2,3,0],[2,4,0],[3,1,1],[3,4,0],[3,5,2],[3,7,2],[4,2,2],[4,3,0],[4,6,2],[4,7,0],[5,0,2],[5,1,1],[5,1,2],[5,2,1],[5,7,0],[6,2,0],[7,0,2],[7,1,0],[7,4,0],[7,5,0],[7,7,2],[8,2,0],[8,7,1]]",28,212,8085,"[1,1,1,1,1,1,1,1,1,0,0,0,0,0,0,0,0,0,0,0,0,0,0,0,0,0,0,0,0,0,0,0,0]",511,9,9,0
cklr_m9_s199_074316cf52fbbf46,074316cf52fbbf46,9,33,199,2138794192439160564,0.11,4,20,"[[0,0,2],[0,3,2],[0,5,1],[1,1,1],[2,0,2],[2,2,2],[2,3,1],[2,6,0],[3,0,0],[3,2,2],[3,3,2],[3,4,0],[3,4,1],[3,4,2],[3,6,0],[3,7,2],[4,2,2],[4,3,2],[4,5,2],[4,6,0],[5,1,1],[5,1,2],[5,5,0],[5,7,1],[6,1,0],[6,1,2],[6,3,2],[6,5,1],[6,6,1],[6,7,0],[7,0,2],[7,2,1],[7,3,0],[7,3,1],[8,2,1],[8,5,1]]",36,204,7821,"[1,1,1,1,1,1,1,1,1,0,0,0,0,0,0,0,0,0,0,0,0,0,0,0,0,0,0,0,0,0,0,0,0]",511,9,9,0
cklr_m10_s00_34e0e3471de76b15,34e0e3471de76b15,10,37,0,3668092144798451278,0.03,0,1,"[[0,1,2],[0,7,1],[1,8,2],[2,4,1],[2,5,2],[3,0,2],[4,1,1],[4,4,2],[6,1,0],[7,0,0],[9,5,2],[9,6,2]]",12,285,11914,"[1,1,1,1,1,1,1,1,1,1,0,0,0,0,0,0,0,0,0,0,0,0,0,0,0,0,0,0,0,0,0,0,0,0,0,0,0]",1023,10,10,0
cklr_m10_s01_96f8612381c4d0be,96f8612381c4d0be,10,37,1,3508279512691626182,0.03,0,2,"[[0,7,1],[1,6,1],[2,8,1],[4,0,2],[5,2,1],[5,3,0],[5,6,0],[8,8,1],[9,4,0],[9,8,0]]",10,287,11988,"[1,1,1,1,1,1,1,1,1,1,0,0,0,0,0,0,0,0,0,0,0,0,0,0,0,0,0,0,0,0,0,0,0,0,0,0,0]",1023,10,10,0
cklr_m10_s02_a487ec3ee5b8fe91,a487ec3ee5b8fe91,10,37,2,6935675783428753530,0.03,0,3,"[[0,2,1],[0,3,2],[0,6,1],[1,1,0],[1,8,1],[5,4,0],[7,5,0]]",7,290,12099,"[1,1,1,1,1,1,1,1,1,1,0,0,0,0,0,0,0,0,0,0,0,0,0,0,0,0,0,0,0,0,0,0,0,0,0,0,0]",1023,10,10,0
cklr_m10_s03_c7ee19b5b76a5dcd,c7ee19b5b76a5dcd,10,37,3,5676824739045395789,0.03,0,4,"[[2,3,1],[3,0,1],[3,4,2],[3,7,2],[5,7,1],[8,3,2]]",6,291,12136,"[1,1,1,1,1,1,1,1,1,1,0,0,0,0,0,0,0,0,0,0,0,0,0,0,0,0,0,0,0,0,0,0,0,0,0,0,0]",1023,10,10,0
cklr_m10_s04_fa138284bde69734,fa138284bde69734,10,37,4,582414131608091303,0.05,1,1,"[[0,8,2],[2,3,0],[3,0,1],[3,5,2],[4,0,0],[4,6,2],[4,8,1],[6,1,1],[6,5,1],[7,1,0],[7,1,2],[7,4,0],[8,8,2]]",13,284,11877,"[1,1,1,1,1,1,1,1,1,1,0,0,0,0,0,0,0,0,0,0,0,0,0,0,0,0,0,0,0,0,0,0,0,0,0,0,0]",1023,10,10,0
cklr_m10_s05_7359e525c1e796ff,7359e525c1e796ff,10,37,5,1817852913996040915,0.05,1,2,"[[0,6,2],[3,0,0],[3,2,1],[3,4,1],[4,3,2],[4,5,1],[4,8,2],[5,6,1],[5,7,0],[6,3,2],[8,5,0]]",11,286,11951,"[1,1,1,1,1,1,1,1,1,1,0,0,0,0,0,0,0,0,0,0,0,0,0,0,0,0,0,0,0,0,0,0,0,0,0,0,0]",1023,10,10,0
cklr_m10_s06_b8aa031771441d9e,b8aa031771441d9e,10,37,6,2012710298933960294,0.05,1,3,"[[0,0,1],[0,3,0],[0,3,1],[1,0,1],[1,5,2],[1,7,0],[2,8,1],[3,2,1],[3,3,1],[3,5,2],[4,0,0],[4,2,0],[5,0,0],[5,0,2],[5,2,2],[5,7,0],[6,4,2],[6,7,2],[7,7,2],[8,1,2],[8,3,0],[9,4,1]]",22,275,11544,"[1,1,1,1,1,1,1,1,1,1,0,0,0,0,0,0,0,0,0,0,0,0,0,0,0,0,0,0,0,0,0,0,0,0,0,0,0]",1023,10,10,0
cklr_m10_s07_08780db02a465e7f,08780db02a465e7f,10,37,7,6444854245409520936,0.05,1,4,"[[0,0,2],[0,3,1],[0,4,1],[1,3,1],[2,8,0],[3,7,0],[4,0,2],[4,1,0],[4,5,2],[4,8,2],[6,4,1],[6,4,2],[7,1,0],[7,2,0],[8,2,1],[8,4,0],[8,8,1],[8,8,2],[9,2,0]]",19,278,11655,"[1,1,1,1,1,1,1,1,1,1,0,0,0,0,0,0,0,0,0,0,0,0,0,0,0,0,0,0,0,0,0,0,0,0,0,0,0]",1023,10,10,0
cklr_m10_s08_c449d9a5f695498f,c449d9a5f695498f,10,37,8,2633672220343913945,0.07,2,1,"[[0,2,2],[0,3,0],[0,7,2],[0,8,0],[0,8,1],[3,0,2],[4,1,1],[4,2,2],[4,5,2],[4,7,0],[5,5,0],[6,2,2],[6,6,1],[6,8,2],[7,1,2],[8,0,0],[8,7,0],[8,7,2],[9,1,0],[9,3,0],[9,6,2]]",21,276,11581,"[1,1,1,1,1,1,1,1,1,1,0,0,0,0,0,0,0,0,0,0,0,0,0,0,0,0,0,0,0,0,0,0,0,0,0,0,0]",1023,10,10,0
cklr_m10_s09_583ea74b6c96e70c,583ea74b6c96e70c,10,37,9,5267757283418645479,0.07,2,2,"[[0,4,2],[1,1,2],[2,0,0],[2,6,1],[4,5,2],[5,8,1],[5,8,2],[8,4,0],[8,8,1],[9,0,0],[9,8,2]]",11,286,11951,"[1,1,1,1,1,1,1,1,1,1,0,0,0,0,0,0,0,0,0,0,0,0,0,0,0,0,0,0,0,0,0,0,0,0,0,0,0]",1023,10,10,0
cklr_m10_s10_96582cd987ac129d,96582cd987ac129d,10,37,10,1622408484630586884,0.07,2,3,"[[0,0,0],[0,3,2],[1,0,2],[2,1,0],[3,6,1],[4,2,1],[4,3,0],[4,5,1],[5,1,2],[5,4,0],[5,4,1],[7,0,1],[7,4,2],[7,7,2],[8,4,1],[8,4,2]]",16,281,11766,"[1,1,1,1,1,1,1,1,1,1,0,0,0,0,0,0,0,0,0,0,0,0,0,0,0,0,0,0,0,0,0,0,0,0,0,0,0]",1023,10,10,0
cklr_m10_s11_bf883fb8ba213e3d,bf883fb8ba213e3d,10,37,11,1965902324678104371,0.07,2,4,"[[0,6,2],[0,8,2],[1,7,0],[1,8,0],[2,0,0],[2,2,2],[2,8,2],[3,1,0],[3,2,1],[3,6,0],[3,6,1],[4,8,0],[5,3,1],[5,6,1],[5,6,2],[5,7,1],[6,4,2],[6,8,2],[7,2,0],[7,3,0],[8,0,2],[8,2,2],[8,4,0],[8,6,0],[9,0,0],[9,1,1],[9,2,1],[9,2,2]]",28,269,11322,"[1,1,1,1,1,1,1,1,1,1,0,0,0,0,0,0,0,0,0,0,0,0,0,0,0,0,0,0,0,0,0,0,0,0,0,0,0]",1023,10,10,0
cklr_m10_s12_1f13a8dd2047ad92,1f13a8dd2047ad92,10,37,12,756307107597517807,0.09,3,1,"[[0,5,0],[0,6,0],[0,6,1],[0,8,2],[1,0,0],[1,2,2],[1,5,1],[1,6,0],[1,7,2],[3,4,2],[3,6,1],[3,7,1],[4,3,1],[4,5,0],[5,2,0],[6,0,1],[6,1,0],[6,1,1],[6,2,2],[6,3,2],[6,4,1],[6,5,1],[6,6,2],[7,0,2],[7,1,0],[8,3,2],[8,4,0],[8,6,0],[8,7,1],[9,2,1],[9,4,2]]",31,266,11211,"[1,1,1,1,1,1,1,1,1,1,0,0,0,0,0,0,0,0,0,0,0,0,0,0,0,0,0,0,0,0,0,0,0,0,0,0,0]",1023,10,10,0
cklr_m10_s13_93f605ca6827696a,93f605ca6827696a,10,37,13,2226008216085713036,0.09,3,2,"[[0,2,1],[0,7,2],[2,0,0],[2,0,1],[2,2,1],[3,0,1],[3,3,1],[3,4,2],[3,6,1],[3,8,1],[4,3,1],[5,5,1],[5,5,2],[5,7,1],[5,7,2],[6,1,2],[6,2,1],[6,3,1],[6,8,2],[7,3,0],[7,4,2],[7,7,2],[8,0,0],[8,1,1],[8,5,2],[8,6,0],[9,7,1],[9,8,0]]",28,269,11322,"[1,1,1,1,1,1,1,1,1,1,0,0,0,0,0,0,0,0,0,0,0,0,0,0,0,0,0,0,0,0,0,0,0,0,0,0,0]",1023,10,10,0
cklr_m10_s14_32e2a21ce48d0fc5,32e2a21ce48d0fc5,10,37,14,7118133393789771309,0.09,3,3,"[[0,0,0],[0,1,0],[0,3,1],[0,8,0],[1,5,1],[2,0,1],[2,5,0],[2,5,2],[3,0,2],[4,8,0],[5,0,2],[5,1,1],[5,7,2],[5,8,0],[7,2,1],[8,0,1],[8,0,2],[8,1,1],[8,6,0],[8,7,1],[9,1,1],[9,1,2],[9,5,2],[9,8,2]]",24,273,11470,"[1,1,1,1,1,1,1,1,1,1,0,0,0,0,0,0,0,0,0,0,0,0,0,0,0,0,0,0,0,0,0,0,0,0,0,0,0]",1023,10,10,0
cklr_m10_s15_c1810d873c02c584,c1810d873c02c584,10,37,15,770901651841535561,0.09,3,4,"[[0,1,2],[0,4,1],[0,5,2],[1,7,1],[2,1,0],[2,5,0],[2,7,2],[3,0,1],[3,1,1],[3,1,2],[3,8,0],[4,5,2],[4,7,2],[5,1,1],[5,2,0],[5,2,1],[6,8,2],[7,1,0],[7,6,1],[7,7,0],[7,8,1],[8,1,1],[8,3,0],[9,3,2],[9,7,1]]",25,272,11433,"[1,1,1,1,1,1,1,1,1,1,0,0,0,0,0,0,0,0,0,0,0,0,0,0,0,0,0,0,0,0,0,0,0,0,0,0,0]",1023,10,10,0
cklr_m10_s16_e98aa29650b2ea02,e98aa29650b2ea02,10,37,16,8952077255113282442,0.11,4,1,"[[0,3,1],[0,6,1],[1,0,1],[1,1,1],[2,1,2],[3,4,0],[5,0,1],[5,1,1],[5,4,0],[5,6,1],[5,8,2],[6,0,2],[6,2,0],[6,3,0],[7,2,2],[7,4,2],[7,6,1],[8,0,2],[8,1,1],[8,3,0],[8,5,0],[9,0,0],[9,3,1],[9,6,0]]",24,273,11470,"[1,1,1,1,1,1,1,1,1,1,0,0,0,0,0,0,0,0,0,0,0,0,0,0,0,0,0,0,0,0,0,0,0,0,0,0,0]",1023,10,10,0
cklr_m10_s17_254bbe0f0ecfc831,254bbe0f0ecfc831,10,37,17,2505169883078352452,0.11,4,2,"[[1,4,2],[2,0,1],[2,4,2],[3,0,1],[3,7,1],[5,2,1],[5,4,0],[5,4,2],[6,1,2],[6,4,0],[6,6,1],[6,7,1],[7,2,2],[7,4,0],[7,4,1],[8,4,0],[9,1,0],[9,1,2],[9,7,1]]",19,278,11655,"[1,1,1,1,1,1,1,1,1,1,0,0,0,0,0,0,0,0,0,0,0,0,0,0,0,0,0,0,0,0,0,0,0,0,0,0,0]",1023,10,10,0
cklr_m10_s18_5c40b37f2de9cbb0,5c40b37f2de9cbb0,10,37,18,3863709838353858356,0.11,4,3,"[[0,1,1],[0,2,0],[0,5,0],[0,8,0],[0,8,2],[1,0,0],[2,5,0],[2,5,1],[2,7,0],[3,0,0],[3,0,1],[3,1,1],[3,2,0],[4,2,1],[4,3,0],[5,1,0],[5,1,2],[5,4,1],[6,2,1],[6,5,1],[7,0,0],[7,0,1],[7,3,0],[7,5,0],[8,2,0],[8,8,2],[9,1,0],[9,3,0],[9,5,0],[9,7,1]]",30,267,11248,"[1,1,1,1,1,1,1,1,1,1,0,0,0,0,0,0,0,0,0,0,0,0,0,0,0,0,0,0,0,0,0,0,0,0,0,0,0]",1023,10,10,0
cklr_m10_s19_54afaa0fb6c1f9c5,54afaa0fb6c1f9c5,10,37,19,5702801422479135375,0.11,4,4,"[[0,3,0],[0,5,0],[0,7,0],[0,8,2],[3,1,2],[4,0,2],[4,1,1],[4,2,0],[4,4,1],[5,0,0],[5,7,1],[6,4,0],[6,8,0],[7,0,0],[7,7,0],[8,2,1],[8,3,0],[8,6,0],[9,3,0],[9,3,1],[9,7,0],[9,7,1],[9,8,0],[9,8,1]]",24,273,11470,"[1,1,1,1,1,1,1,1,1,1,0,0,0,0,0,0,0,0,0,0,0,0,0,0,0,0,0,0,0,0,0,0,0,0,0,0,0]",1023,10,10,0
cklr_m10_s20_20633492cf18859c,20633492cf18859c,10,37,20,8121470916244141885,0.03,0,1,"[[0,6,2],[4,2,1],[4,4,2],[6,7,2],[8,3,1],[9,8,1]]",6,291,12136,"[1,1,1,1,1,1,1,1,1,1,0,0,0,0,0,0,0,0,0,0,0,0,0,0,0,0,0,0,0,0,0,0,0,0,0,0,0]",1023,10,10,0
cklr_m10_s21_3b9c8d881f09b8c4,3b9c8d881f09b8c4,10,37,21,4789629333601038828,0.03,0,2,"[[5,8,1],[6,0,2],[6,7,0],[8,1,0],[9,8,0],[9,8,1]]",6,291,12136,"[1,1,1,1,1,1,1,1,1,1,0,0,0,0,0,0,0,0,0,0,0,0,0,0,0,0,0,0,0,0,0,0,0,0,0,0,0]",1023,10,10,0
cklr_m10_s22_d169676b529a5ad9,d169676b529a5ad9,10,37,22,1642650940669327389,0.03,0,3,"[[0,0,2],[2,3,0],[7,2,0],[7,8,1]]",4,293,12210,"[1,1,1,1,1,1,1,1,1,1,0,0,0,0,0,0,0,0,0,0,0,0,0,0,0,0,0,0,0,0,0,0,0,0,0,0,0]",1023,10,10,0
cklr_m10_s23_e055cfa0055b478e,e055cfa0055b478e,10,37,23,3422363686219601524,0.03,0,4,"[[0,0,2],[1,7,1],[2,0,0],[2,1,0],[2,7,1],[2,8,2],[3,2,1],[5,5,2],[5,8,1],[7,1,2],[7,6,2]]",11,286,11951,"[1,1,1,1,1,1,1,1,1,1,0,0,0,0,0,0,0,0,0,0,0,0,0,0,0,0,0,0,0,0,0,0,0,0,0,0,0]",1023,10,10,0
cklr_m10_s24_b7c1b44d0e9158a2,b7c1b44d0e9158a2,10,37,24,7286207936906787734,0.03,0,5,"[[2,4,0],[2,5,2],[5,5,0],[5,8,2],[6,3,1],[8,3,1],[9,0,1],[9,0,2],[9,1,0],[9,3,0]]",10,287,11988,"[1,1,1,1,1,1,1,1,1,1,0,0,0,0,0,0,0,0,0,0,0,0,0,0,0,0,0,0,0,0,0,0,0,0,0,0,0]",1023,10,10,0
cklr_m10_s25_b15e9593cb6d5b77,b15e9593cb6d5b77,10,37,25,6151216505867016921,0.03,0,6,"[[0,4,2],[0,5,1],[2,7,2],[3,5,2],[4,7,2],[8,8,1]]",6,291,12136,"[1,1,1,1,1,1,1,1,1,1,0,0,0,0,0,0,0,0,0,0,0,0,0,0,0,0,0,0,0,0,0,0,0,0,0,0,0]",1023,10,10,0
cklr_m10_s26_f3a78accf55206d9,f3a78accf55206d9,10,37,26,3420102240017255828,0.03,0,7,"[[0,1,2],[1,0,2],[3,1,1],[3,5,2],[4,2,0],[4,6,1],[5,0,2],[5,1,0],[6,1,2],[8,1,1]]",10,287,11988,"[1,1,1,1,1,1,1,1,1,1,0,0,0,0,0,0,0,0,0,0,0,0,0,0,0,0,0,0,0,0,0,0,0,0,0,0,0]",1023,10,10,0
cklr_m10_s27_ceb6596d6ba66510,ceb6596d6ba66510,10,37,27,7727031261169643341,0.03,0,8,"[[0,7,2],[3,1,2],[3,8,1],[5,0,1],[7,0,2],[9,5,1]]",6,291,12136,"[1,1,1,1,1,1,1,1,1,1,0,0,0,0,0,0,0,0,0,0,0,0,0,0,0,0,0,0,0,0,0,0,0,0,0,0,0]",1023,10,10,0
cklr_m10_s28_9baa21bf38d2bfbb,9baa21bf38d2bfbb,10,37,28,426885064794867332,0.03,0,9,"[[1,4,1],[2,0,2],[3,1,2],[4,8,0],[5,7,2],[6,0,0],[8,5,0]]",7,290,12099,"[1,1,1,1,1,1,1,1,1,1,0,0,0,0,0,0,0,0,0,0,0,0,0,0,0,0,0,0,0,0,0,0,0,0,0,0,0]",1023,10,10,0
cklr_m10_s29_4d01c7126e2fff33,4d01c7126e2fff33,10,37,29,4266201125020524958,0.03,0,10,"[[0,7,1],[0,8,0],[1,5,2],[1,8,2],[2,6,1],[7,2,2]]",6,291,12136,"[1,1,1,1,1,1,1,1,1,1,0,0,0,0,0,0,0,0,0,0,0,0,0,0,0,0,0,0,0,0,0,0,0,0,0,0,0]",1023,10,10,0
cklr_m10_s30_fa402294210d328a,fa402294210d328a,10,37,30,7168838990512910624,0.03,0,11,"[[0,1,1],[0,3,0],[0,4,0],[1,0,0],[1,0,2],[1,2,2],[1,7,0],[4,6,1],[5,2,1],[5,3,2],[7,5,1],[7,7,0],[9,3,0]]",13,284,11877,"[1,1,1,1,1,1,1,1,1,1,0,0,0,0,0,0,0,0,0,0,0,0,0,0,0,0,0,0,0,0,0,0,0,0,0,0,0]",1023,10,10,0
cklr_m10_s31_1e26ffe0e3824879,1e26ffe0e3824879,10,37,31,959734137033983031,0.03,0,12,"[[1,2,0],[3,2,2],[4,2,0],[4,3,2],[4,4,2],[9,1,2],[9,4,1]]",7,290,12099,"[1,1,1,1,1,1,1,1,1,1,0,0,0,0,0,0,0,0,0,0,0,0,0,0,0,0,0,0,0,0,0,0,0,0,0,0,0]",1023,10,10,0
cklr_m10_s32_8a17fdb1745bd930,8a17fdb1745bd930,10,37,32,3228524375457058417,0.03,0,13,"[[0,5,2],[0,6,0],[3,4,0],[4,1,0],[9,6,0]]",5,292,12173,"[1,1,1,1,1,1,1,1,1,1,0,0,0,0,0,0,0,0,0,0,0,0,0,0,0,0,0,0,0,0,0,0,0,0,0,0,0]",1023,10,10,0
cklr_m10_s33_d792fddce42a6328,d792fddce42a6328,10,37,33,7872845548146180306,0.03,0,14,"[[0,1,2],[0,6,2],[0,8,2],[1,8,2],[2,1,2],[2,2,0],[5,8,1],[6,4,0],[6,6,0],[8,2,1],[9,2,0]]",11,286,11951,"[1,1,1,1,1,1,1,1,1,1,0,0,0,0,0,0,0,0,0,0,0,0,0,0,0,0,0,0,0,0,0,0,0,0,0,0,0]",1023,10,10,0
cklr_m10_s34_2e9331093c87c7bf,2e9331093c87c7bf,10,37,34,4486707401073691903,0.03,0,15,"[[1,8,1],[2,8,2],[3,2,1],[4,0,1],[7,5,2],[7,8,0]]",6,291,12136,"[1,1,1,1,1,1,1,1,1,1,0,0,0,0,0,0,0,0,0,0,0,0,0,0,0,0,0,0,0,0,0,0,0,0,0,0,0]",1023,10,10,0
cklr_m10_s35_65962536d3c1a781,65962536d3c1a781,10,37,35,3496555140483472241,0.03,0,16,"[[0,0,2],[1,3,2],[2,2,1],[4,3,1],[4,8,1],[6,0,2],[7,4,2],[7,7,1],[9,0,0],[9,0,2],[9,2,1],[9,8,1]]",12,285,11914,"[1,1,1,1,1,1,1,1,1,1,0,0,0,0,0,0,0,0,0,0,0,0,0,0,0,0,0,0,0,0,0,0,0,0,0,0,0]",1023,10,10,0
cklr_m10_s36_a321219a7498e9b6,a321219a7498e9b6,10,37,36,1504531203336884599,0.05,1,1,"[[4,4,2],[4,6,2],[4,8,2],[6,7,2],[7,2,2],[7,4,2],[7,7,1],[8,0,1],[8,0,2]]",9,288,12025,"[1,1,1,1,1,1,1,1,1,1,0,0,0,0,0,0,0,0,0,0,0,0,0,0,0,0,0,0,0,0,0,0,0,0,0,0,0]",1023,10,10,0
cklr_m10_s37_5cf099614bee1ca5,5cf099614bee1ca5,10,37,37,8778488479829369811,0.05,1,2,"[[3,1,1],[4,8,2],[6,0,0],[7,1,1],[7,3,0],[7,6,0],[9,2,1],[9,6,2]]",8,289,12062,"[1,1,1,1,1,1,1,1,1,1,0,0,0,0,0,0,0,0,0,0,0,0,0,0,0,0,0,0,0,0,0,0,0,0,0,0,0]",1023,10,10,0
cklr_m10_s38_f7c5200ed356be07,f7c5200ed356be07,10,37,38,1943006755079105830,0.05,1,3,"[[0,1,2],[0,3,0],[0,7,1],[1,8,0],[2,4,0],[3,0,2],[3,2,0],[3,3,1],[3,4,1],[4,8,0]]",10,287,11988,"[1,1,1,1,1,1,1,1,1,1,0,0,0,0,0,0,0,0,0,0,0,0,0,0,0,0,0,0,0,0,0,0,0,0,0,0,0]",1023,10,10,0
cklr_m10_s39_a5421d0f9cb0e065,a5421d0f9cb0e065,10,37,39,4873549453997109935,0.05,1,4,"[[0,0,2],[1,8,2],[2,3,2],[2,8,2],[3,2,1],[4,7,2],[5,0,0],[5,1,0],[5,3,0],[6,3,1],[6,6,0],[6,8,0],[7,2,0],[7,5,2]]",14,283,11840,"[1,1,1,1,1,1,1,1,1,1,0,0,0,0,0,0,0,0,0,0,0,0,0,0,0,0,0,0,0,0,0,0,0,0,0,0,0]",1023,10,10,0
cklr_m10_s40_30fdbd2739b4f9c6,30fdbd2739b4f9c6,10,37,40,654733763099560139,0.05,1,5,"[[1,3,0],[1,5,2],[2,8,1],[3,8,2],[4,4,2],[5,6,1],[6,3,1],[6,8,1],[7,3,1],[9,2,1],[9,7,1]]",11,286,11951,"[1,1,1,1,1,1,1,1,1,1,0,0,0,0,0,0,0,0,0,0,0,0,0,0,0,0,0,0,0,0,0,0,0,0,0,0,0]",1023,10,10,0
cklr_m10_s41_af8dfb69890c126c,af8dfb69890c126c,10,37,41,4455848970668094077,0.05,1,6,"[[1,5,1],[3,3,1],[5,2,0],[5,8,2],[7,3,1],[7,5,0],[7,6,0],[7,8,0],[8,3,2],[9,4,2]]",10,287,11988,"[1,1,1,1,1,1,1,1,1,1,0,0,0,0,0,0,0,0,0,0,0,0,0,0,0,0,0,0,0,0,0,0,0,0,0,0,0]",1023,10,10,0
cklr_m10_s42_cb52a2814a41fae6,cb52a2814a41fae6,10,37,42,2199850061951042141,0.05,1,7,"[[0,1,2],[4,2,1],[5,3,1],[5,3,2],[5,4,1],[6,0,0],[7,2,0],[8,0,0],[8,6,1],[9,4,1]]",10,287,11988,"[1,1,1,1,1,1,1,1,1,1,0,0,0,0,0,0,0,0,0,0,0,0,0,0,0,0,0,0,0,0,0,0,0,0,0,0,0]",1023,10,10,0
cklr_m10_s43_c55f5194dcb5fb29,c55f5194dcb5fb29,10,37,43,5664833537798280113,0.05,1,8,"[[0,1,2],[2,0,1],[2,3,0],[3,2,1],[3,6,2],[5,5,0],[6,6,1],[7,5,1],[9,1,2]]",9,288,12025,"[1,1,1,1,1,1,1,1,1,1,0,0,0,0,0,0,0,0,0,0,0,0,0,0,0,0,0,0,0,0,0,0,0,0,0,0,0]",1023,10,10,0
cklr_m10_s44_be54cb553437c089,be54cb553437c089,10,37,44,5607586724042360372,0.05,1,9,"[[0,8,2],[1,1,1],[1,8,0],[2,4,2],[3,1,2],[3,7,0],[4,0,2],[5,0,1],[5,6,0],[7,0,1],[7,5,2],[7,7,2],[8,1,0],[8,4,0],[9,1,2]]",15,282,11803,"[1,1,1,1,1,1,1,1,1,1,0,0,0,0,0,0,0,0,0,0,0,0,0,0,0,0,0,0,0,0,0,0,0,0,0,0,0]",1023,10,10,0
cklr_m10_s45_2ce270872cee2363,2ce270872cee2363,10,37,45,3374960616891462340,0.05,1,10,"[[0,3,0],[1,0,0],[1,0,2],[2,1,0],[2,2,2],[3,4,2],[4,2,2],[5,6,1],[7,0,0],[7,1,0],[7,2,0],[7,8,1],[9,5,0],[9,7,1]]",14,283,11840,"[1,1,1,1,1,1,1,1,1,1,0,0,0,0,0,0,0,0,0,0,0,0,0,0,0,0,0,0,0,0,0,0,0,0,0,0,0]",1023,10,10,0
cklr_m10_s46_009a2e0757f789be,009a2e0757f789be,10,37,46,8222243768698820663,0.05,1,11,"[[1,1,0],[1,2,2],[2,0,2],[2,1,0],[2,1,1],[2,5,1],[4,0,1],[4,5,0],[4,5,1],[4,8,2],[5,4,1],[7,1,0],[7,3,2]]",13,284,11877,"[1,1,1,1,1,1,1,1,1,1,0,0,0,0,0,0,0,0,0,0,0,0,0,0,0,0,0,0,0,0,0,0,0,0,0,0,0]",1023,10,10,0
cklr_m10_s47_bd4ca1c1c8ea955a,bd4ca1c1c8ea955a,10,37,47,2449774629775347950,0.05,1,12,"[[0,0,1],[0,2,2],[1,6,1],[2,1,2],[2,2,2],[2,7,0],[2,8,1],[3,3,0],[3,7,1],[3,8,0],[3,8,1],[4,0,0],[4,6,1],[7,4,0],[8,3,0],[9,3,1],[9,6,1],[9,7,0]]",18,279,11692,"[1,1,1,1,1,1,1,1,1,1,0,0,0,0,0,0,0,0,0,0,0,0,0,0,0,0,0,0,0,0,0,0,0,0,0,0,0]",1023,10,10,0
cklr_m10_s48_587c14f505f1ed7a,587c14f505f1ed7a,10,37,48,8322006682877365656,0.05,1,13,"[[0,0,1],[0,2,1],[0,5,0],[3,0,0],[3,1,2],[3,4,2],[3,5,0],[4,0,2],[4,6,2],[5,2,0],[5,2,2],[5,4,1],[7,7,1],[8,3,0],[8,3,1]]",15,282,11803,"[1,1,1,1,1,1,1,1,1,1,0,0,0,0,0,0,0,0,0,0,0,0,0,0,0,0,0,0,0,0,0,0,0,0,0,0,0]",1023,10,10,0
cklr_m10_s49_6aec848ec153bec6,6aec848ec153bec6,10,37,49,5892445771584056391,0.05,1,14,"[[0,6,1],[1,7,2],[2,0,2],[3,5,0],[3,5,2],[4,5,1],[4,6,0],[5,8,2],[6,1,0],[6,8,0],[8,2,1],[8,3,0],[8,7,2]]",13,284,11877,"[1,1,1,1,1,1,1,1,1,1,0,0,0,0,0,0,0,0,0,0,0,0,0,0,0,0,0,0,0,0,0,0,0,0,0,0,0]",1023,10,10,0
cklr_m10_s50_6f776b7bdbe31309,6f776b7bdbe31309,10,37,50,5219248104097919256,0.05,1,15,"[[0,0,1],[1,1,1],[2,0,2],[2,7,2],[3,5,0],[3,6,2],[3,7,1],[4,2,1],[4,3,1],[7,1,0],[7,8,1],[8,0,1],[8,4,2],[8,7,0]]",14,283,11840,"[1,1,1,1,1,1,1,1,1,1,0,0,0,0,0,0,0,0,0,0,0,0,0,0,0,0,0,0,0,0,0,0,0,0,0,0,0]",1023,10,10,0
cklr_m10_s51_46b79f177d21416d,46b79f177d21416d,10,37,51,1428640315983517164,0.05,1,16,"[[4,0,0],[5,0,1],[5,7,1],[7,7,2],[8,0,0],[8,2,2],[9,5,1]]",7,290,12099,"[1,1,1,1,1,1,1,1,1,1,0,0,0,0,0,0,0,0,0,0,0,0,0,0,0,0,0,0,0,0,0,0,0,0,0,0,0]",1023,10,10,0
cklr_m10_s52_08944c45a3de57c3,08944c45a3de57c3,10,37,52,1006389054641458241,0.07,2,1,"[[0,2,1],[1,6,0],[3,0,1],[3,4,1],[3,4,2],[3,8,0],[5,2,0],[6,0,0],[6,3,0],[7,0,2],[7,2,2],[7,3,1],[7,4,2],[7,5,1],[8,2,2],[9,0,2],[9,1,2],[9,6,2],[9,8,0]]",19,278,11655,"[1,1,1,1,1,1,1,1,1,1,0,0,0,0,0,0,0,0,0,0,0,0,0,0,0,0,0,0,0,0,0,0,0,0,0,0,0]",1023,10,10,0
cklr_m10_s53_70e0fd89ba56fda0,70e0fd89ba56fda0,10,37,53,3705228170588204648,0.07,2,2,"[[0,2,0],[0,7,2],[1,3,2],[1,8,2],[2,3,1],[2,7,0],[3,2,0],[3,4,1],[6,4,0],[6,4,1],[6,5,1],[6,7,2],[7,0,2],[7,2,1],[7,4,0],[7,4,1],[7,4,2]]",17,280,11729,"[1,1,1,1,1,1,1,1,1,1,0,0,0,0,0,0,0,0,0,0,0,0,0,0,0,0,0,0,0,0,0,0,0,0,0,0,0]",1023,10,10,0
cklr_m10_s54_de844870fcc3855e,de844870fcc3855e,10,37,54,3587308182041972673,0.07,2,3,"[[0,1,2],[0,3,0],[0,8,2],[1,4,0],[1,7,1],[4,3,0],[4,3,2],[5,6,2],[5,7,2],[6,1,2],[6,2,2],[6,5,2],[6,7,0],[8,2,0],[8,2,1],[8,5,2]]",16,281,11766,"[1,1,1,1,1,1,1,1,1,1,0,0,0,0,0,0,0,0,0,0,0,0,0,0,0,0,0,0,0,0,0,0,0,0,0,0,0]",1023,10,10,0
cklr_m10_s55_37cdd6f14b5f575c,37cdd6f14b5f575c,10,37,55,3811998322886594079,0.07,2,4,"[[0,0,2],[1,0,0],[2,0,1],[2,8,2],[3,1,2],[5,6,1],[6,1,0],[8,4,2],[8,8,1],[9,1,0]]",10,287,11988,"[1,1,1,1,1,1,1,1,1,1,0,0,0,0,0,0,0,0,0,0,0,0,0,0,0,0,0,0,0,0,0,0,0,0,0,0,0]",1023,10,10,0
cklr_m10_s56_ede86972bf30dfa4,ede86972bf30dfa4,10,37,56,7964880210216734580,0.07,2,5,"[[0,3,1],[1,1,2],[2,0,1],[2,2,0],[2,6,1],[3,8,1],[4,2,0],[4,6,0],[5,4,1],[5,7,1],[6,2,1],[6,3,2],[6,5,2],[6,6,0],[7,7,1],[7,7,2],[8,6,1]]",17,280,11729,"[1,1,1,1,1,1,1,1,1,1,0,0,0,0,0,0,0,0,0,0,0,0,0,0,0,0,0,0,0,0,0,0,0,0,0,0,0]",1023,10,10,0
cklr_m10_s57_4a43a8b15f998e6e,4a43a8b15f998e6e,10,37,57,412015287009063786,0.07,2,6,"[[0,5,0],[1,0,1],[1,4,0],[2,1,0],[3,3,2],[3,5,0],[3,5,1],[3,8,1],[4,2,2],[4,7,1],[4,8,1],[5,1,0],[5,2,2],[5,7,2],[6,0,2],[6,3,0],[7,1,1],[7,4,1],[7,4,2],[7,8,2],[8,6,2],[9,3,1],[9,8,0]]",23,274,11507,"[1,1,1,1,1,1,1,1,1,1,0,0,0,0,0,0,0,0,0,0,0,0,0,0,0,0,0,0,0,0,0,0,0,0,0,0,0]",1023,10,10,0
cklr_m10_s58_e08533b4f044fac5,e08533b4f044fac5,10,37,58,2487136234953521079,0.07,2,7,"[[0,6,2],[0,8,1],[3,1,0],[3,8,1],[4,3,1],[4,6,0],[6,6,2],[7,0,0],[7,1,2],[7,4,0],[8,0,1],[8,2,0],[9,6,0]]",13,284,11877,"[1,1,1,1,1,1,1,1,1,1,0,0,0,0,0,0,0,0,0,0,0,0,0,0,0,0,0,0,0,0,0,0,0,0,0,0,0]",1023,10,10,0
cklr_m10_s59_ed911df919240420,ed911df919240420,10,37,59,1443023832778194761,0.07,2,8,"[[0,5,2],[1,0,1],[1,3,0],[2,5,1],[2,8,1],[3,2,1],[3,8,0],[4,4,1],[5,2,2],[6,2,2],[6,8,1],[9,1,0],[9,1,2],[9,6,1],[9,8,0]]",15,282,11803,"[1,1,1,1,1,1,1,1,1,1,0,0,0,0,0,0,0,0,0,0,0,0,0,0,0,0,0,0,0,0,0,0,0,0,0,0,0]",1023,10,10,0
cklr_m10_s60_40ff1ea04f01766e,40ff1ea04f01766e,10,37,60,4260041146654263976,0.07,2,9,"[[0,3,2],[0,5,0],[1,2,2],[2,3,0],[2,8,0],[3,6,1],[4,0,1],[5,3,1],[5,4,1],[6,0,0],[6,4,1],[6,8,1],[7,7,2],[7,8,1],[8,2,0],[8,3,2],[8,8,0],[9,2,0],[9,4,0]]",19,278,11655,"[1,1,1,1,1,1,1,1,1,1,0,0,0,0,0,0,0,0,0,0,0,0,0,0,0,0,0,0,0,0,0,0,0,0,0,0,0]",1023,10,10,0
cklr_m10_s61_dcd85275b90d7066,dcd85275b90d7066,10,37,61,2867293144762801030,0.07,2,10,"[[1,2,0],[1,8,1],[2,5,0],[3,0,1],[3,8,0],[4,8,0],[6,4,0],[6,6,0],[6,8,0],[7,5,0],[9,3,0],[9,5,0]]",12,285,11914,"[1,1,1,1,1,1,1,1,1,1,0,0,0,0,0,0,0,0,0,0,0,0,0,0,0,0,0,0,0,0,0,0,0,0,0,0,0]",1023,10,10,0
cklr_m10_s62_50e433de7943e67d,50e433de7943e67d,10,37,62,2986700859828913078,0.07,2,11,"[[0,3,2],[1,1,0],[1,2,1],[1,8,0],[2,5,0],[3,0,0],[3,1,2],[3,3,1],[3,4,1],[3,4,2],[3,5,2],[4,0,2],[4,1,1],[4,2,2],[5,7,0],[7,1,1],[8,2,1],[8,4,2],[9,3,0]]",19,278,11655,"[1,1,1,1,1,1,1,1,1,1,0,0,0,0,0,0,0,0,0,0,0,0,0,0,0,0,0,0,0,0,0,0,0,0,0,0,0]",1023,10,10,0
cklr_m10_s63_6784c0485a01d5c8,6784c0485a01d5c8,10,37,63,1400958450751334240,0.07,2,12,"[[0,2,2],[0,8,0],[2,3,1],[2,4,0],[3,2,2],[4,2,2],[4,8,1],[5,1,2],[5,2,2],[5,7,2],[6,5,1],[6,7,2],[7,2,2],[7,3,1],[8,5,2],[9,4,1],[9,4,2]]",17,280,11729,"[1,1,1,1,1,1,1,1,1,1,0,0,0,0,0,0,0,0,0,0,0,0,0,0,0,0,0,0,0,0,0,0,0,0,0,0,0]",1023,10,10,0
cklr_m10_s64_71c582ae7c3a21a4,71c582ae7c3a21a4,10,37,64,7473828960876909,0.07,2,13,"[[0,4,0],[1,3,1],[2,4,2],[2,5,0],[2,5,2],[2,7,2],[3,3,2],[3,5,2],[3,6,0],[3,8,1],[4,1,1],[5,1,0],[5,7,1],[5,8,2],[6,3,0],[6,8,2],[8,4,2],[8,5,1]]",18,279,11692,"[1,1,1,1,1,1,1,1,1,1,0,0,0,0,0,0,0,0,0,0,0,0,0,0,0,0,0,0,0,0,0,0,0,0,0,0,0]",1023,10,10,0
cklr_m10_s65_3bc5dd39b304dac8,3bc5dd39b304dac8,10,37,65,8960880909797524152,0.07,2,14,"[[0,1,0],[0,8,0],[1,2,1],[1,7,0],[1,8,0],[2,4,0],[3,0,0],[3,4,1],[4,0,1],[4,8,0],[6,4,0],[6,7,2],[7,3,0],[7,6,2],[7,7,1],[8,0,0],[8,1,0],[8,4,1],[8,8,0],[9,0,2],[9,3,1],[9,7,1],[9,7,2]]",23,274,11507,"[1,1,1,1,1,1,1,1,1,1,0,0,0,0,0,0,0,0,0,0,0,0,0,0,0,0,0,0,0,0,0,0,0,0,0,0,0]",1023,10,10,0
cklr_m10_s66_4ff875b16492636a,4ff875b16492636a,10,37,66,7144214817018407585,0.07,2,15,"[[0,0,0],[0,3,0],[1,4,2],[1,8,2],[2,7,0],[3,8,1],[4,5,2],[4,8,1],[5,3,0],[5,8,1],[6,1,2],[6,7,0],[6,8,1],[8,3,0],[8,5,0],[8,5,1],[9,7,1],[9,8,2]]",18,279,11692,"[1,1,1,1,1,1,1,1,1,1,0,0,0,0,0,0,0,0,0,0,0,0,0,0,0,0,0,0,0,0,0,0,0,0,0,0,0]",1023,10,10,0
cklr_m10_s67_53dbc979e6c124b4,53dbc979e6c124b4,10,37,67,5498261220820202896,0.07,2,16,"[[0,0,0],[0,4,1],[0,6,2],[2,2,0],[2,4,1],[3,4,0],[3,4,1],[3,5,0],[3,5,1],[3,7,0],[4,3,2],[4,6,2],[7,3,2],[7,5,0],[8,0,2],[8,4,0],[8,5,2],[9,5,0],[9,7,2]]",19,278,11655,"[1,1,1,1,1,1,1,1,1,1,0,0,0,0,0,0,0,0,0,0,0,0,0,0,0,0,0,0,0,0,0,0,0,0,0,0,0]",1023,10,10,0
cklr_m10_s68_37f7903559ad6dd2,37f7903559ad6dd2,10,37,68,5809177185847926311,0.09,3,1,"[[0,0,1],[0,2,0],[0,4,1],[0,5,1],[0,6,2],[0,8,0],[1,3,0],[1,4,2],[1,6,2],[2,3,0],[2,4,0],[2,7,2],[3,4,2],[4,6,2],[4,7,2],[4,8,2],[5,0,0],[5,4,0],[6,0,0],[7,0,0],[7,8,2],[8,4,1],[8,6,1],[8,6,2],[9,4,1],[9,7,0],[9,8,0]]",27,270,11359,"[1,1,1,1,1,1,1,1,1,1,0,0,0,0,0,0,0,0,0,0,0,0,0,0,0,0,0,0,0,0,0,0,0,0,0,0,0]",1023,10,10,0
cklr_m10_s69_8c7b978a607173b6,8c7b978a607173b6,10,37,69,1064304705973345388,0.09,3,2,"[[0,2,0],[1,1,2],[1,5,1],[1,8,0],[2,1,2],[4,4,1],[4,6,0],[5,2,1],[5,6,2],[6,0,0],[6,1,1],[6,6,0],[7,3,0],[8,7,1],[9,0,1],[9,0,2],[9,1,2],[9,3,2],[9,4,0]]",19,278,11655,"[1,1,1,1,1,1,1,1,1,1,0,0,0,0,0,0,0,0,0,0,0,0,0,0,0,0,0,0,0,0,0,0,0,0,0,0,0]",1023,10,10,0
cklr_m10_s70_8020af651a568803,8020af651a568803,10,37,70,7188889876972600872,0.09,3,3,"[[0,1,1],[0,3,2],[0,5,1],[2,4,1],[2,6,0],[3,1,0],[3,3,1],[3,6,1],[5,2,2],[5,3,1],[5,5,1],[5,7,0],[6,3,0],[6,4,0],[7,0,2],[7,5,0],[7,6,0],[7,7,1],[8,1,1],[8,6,0],[8,8,1],[9,2,0]]",22,275,11544,"[1,1,1,1,1,1,1,1,1,1,0,0,0,0,0,0,0,0,0,0,0,0,0,0,0,0,0,0,0,0,0,0,0,0,0,0,0]",1023,10,10,0
cklr_m10_s71_7c8fed74a005e06c,7c8fed74a005e06c,10,37,71,1110718786699751602,0.09,3,4,"[[1,7,0],[2,4,0],[2,7,1],[2,8,1],[3,2,0],[4,2,2],[4,3,2],[4,7,2],[5,3,1],[5,6,1],[6,2,1],[6,8,2],[7,4,1],[8,2,1],[8,7,1],[9,3,2]]",16,281,11766,"[1,1,1,1,1,1,1,1,1,1,0,0,0,0,0,0,0,0,0,0,0,0,0,0,0,0,0,0,0,0,0,0,0,0,0,0,0]",1023,10,10,0
cklr_m10_s72_59bcfebccf38ce26,59bcfebccf38ce26,10,37,72,4013892636072696737,0.09,3,5,"[[0,0,2],[0,3,2],[0,4,2],[0,8,1],[1,3,0],[1,4,0],[1,8,1],[2,5,1],[2,6,1],[2,7,1],[3,0,0],[3,0,1],[3,5,2],[3,8,0],[4,1,1],[4,3,1],[5,2,1],[5,4,2],[5,6,1],[6,3,0],[6,6,1],[6,8,2],[7,3,0],[8,0,1],[8,0,2],[8,2,1],[9,0,0],[9,6,0]]",28,269,11322,"[1,1,1,1,1,1,1,1,1,1,0,0,0,0,0,0,0,0,0,0,0,0,0,0,0,0,0,0,0,0,0,0,0,0,0,0,0]",1023,10,10,0
cklr_m10_s73_090ec8f12421cad4,090ec8f12421cad4,10,37,73,3871990989208094704,0.09,3,6,"[[0,2,2],[0,3,0],[0,3,1],[0,4,1],[0,6,0],[0,6,2],[1,1,0],[1,2,2],[2,1,0],[2,1,2],[2,5,0],[2,7,0],[2,7,1],[3,7,0],[3,7,1],[3,8,1],[5,8,0],[5,8,1],[5,8,2],[6,0,0],[6,3,2],[8,1,2],[8,5,0],[8,7,2],[9,2,1]]",25,272,11433,"[1,1,1,1,1,1,1,1,1,1,0,0,0,0,0,0,0,0,0,0,0,0,0,0,0,0,0,0,0,0,0,0,0,0,0,0,0]",1023,10,10,0
cklr_m10_s74_7f2670f2a2598d6f,7f2670f2a2598d6f,10,37,74,7247248556333488544,0.09,3,7,"[[0,2,0],[0,6,1],[0,7,1],[0,8,1],[1,0,2],[1,3,1],[1,8,0],[2,0,0],[2,3,1],[3,0,2],[3,2,2],[3,3,0],[3,3,2],[3,6,2],[5,3,1],[5,5,0],[5,6,0],[6,5,2],[6,8,0],[7,3,1],[8,1,1],[9,1,0],[9,4,0],[9,5,1]]",24,273,11470,"[1,1,1,1,1,1,1,1,1,1,0,0,0,0,0,0,0,0,0,0,0,0,0,0,0,0,0,0,0,0,0,0,0,0,0,0,0]",1023,10,10,0
cklr_m10_s75_01f4a8f024514a68,01f4a8f024514a68,10,37,75,5182543981730596174,0.09,3,8,"[[0,3,2],[0,5,2],[1,0,2],[1,7,2],[1,8,1],[2,1,2],[2,3,0],[2,5,2],[2,6,0],[2,7,0],[3,4,0],[3,5,0],[4,8,0],[5,0,0],[5,1,0],[6,4,1],[7,2,2],[7,6,1],[8,2,0],[8,5,0],[9,2,2],[9,7,1]]",22,275,11544,"[1,1,1,1,1,1,1,1,1,1,0,0,0,0,0,0,0,0,0,0,0,0,0,0,0,0,0,0,0,0,0,0,0,0,0,0,0]",1023,10,10,0
cklr_m10_s76_41414861af842f06,41414861af842f06,10,37,76,6127798925504667628,0.09,3,9,"[[0,0,0],[0,2,0],[0,2,2],[0,8,1],[3,5,0],[3,5,1],[3,6,0],[4,0,0],[4,0,2],[4,3,2],[4,6,1],[5,3,1],[5,3,2],[5,7,0],[6,1,2],[6,8,1],[7,3,2],[8,3,2],[8,6,0],[8,8,0],[9,2,1],[9,7,1]]",22,275,11544,"[1,1,1,1,1,1,1,1,1,1,0,0,0,0,0,0,0,0,0,0,0,0,0,0,0,0,0,0,0,0,0,0,0,0,0,0,0]",1023,10,10,0
cklr_m10_s77_d5586d8499d15e62,d5586d8499d15e62,10,37,77,2165650744931011464,0.09,3,10,"[[0,0,1],[0,3,0],[0,4,1],[0,7,0],[1,1,1],[1,2,2],[1,5,2],[1,6,2],[2,0,1],[3,0,1],[3,2,2],[4,3,0],[4,5,1],[4,6,0],[4,6,2],[4,7,1],[5,6,0],[6,5,2],[6,6,0],[6,6,1],[7,1,0],[7,2,0],[7,3,1],[7,6,0],[8,5,2],[9,3,0]]",26,271,11396,"[1,1,1,1,1,1,1,1,1,1,0,0,0,0,0,0,0,0,0,0,0,0,0,0,0,0,0,0,0,0,0,0,0,0,0,0,0]",1023,10,10,0
cklr_m10_s78_76139f232e794379,76139f232e794379,10,37,78,6081015909751433743,0.09,3,11,"[[0,0,1],[1,0,0],[1,0,2],[1,1,2],[1,4,0],[1,4,2],[1,5,0],[1,7,1],[2,0,0],[3,0,1],[3,3,2],[3,6,0],[4,1,1],[5,1,0],[5,4,0],[5,7,0],[6,1,2],[6,2,1],[6,2,2],[6,3,1],[6,3,2],[6,7,2],[7,2,0],[7,3,0],[8,4,1],[8,5,0],[9,2,1],[9,3,0]]",28,269,11322,"[1,1,1,1,1,1,1,1,1,1,0,0,0,0,0,0,0,0,0,0,0,0,0,0,0,0,0,0,0,0,0,0,0,0,0,0,0]",1023,10,10,0
cklr_m10_s79_913108a021dfacba,913108a021dfacba,10,37,79,3633435698927390709,0.09,3,12,"[[0,3,1],[0,5,1],[2,1,2],[2,2,2],[2,4,2],[3,6,1],[3,8,0],[5,3,1],[5,4,0],[5,6,0],[6,6,0],[7,6,1],[8,1,2],[8,4,2],[9,0,0],[9,3,2]]",16,281,11766,"[1,1,1,1,1,1,1,1,1,1,0,0,0,0,0,0,0,0,0,0,0,0,0,0,0,0,0,0,0,0,0,0,0,0,0,0,0]",1023,10,10,0
cklr_m10_s80_fdfb585d86587f4e,fdfb585d86587f4e,10,37,80,294547940319525958,0.09,3,13,"[[0,0,0],[0,3,1],[0,7,0],[1,0,0],[1,0,1],[1,3,2],[1,7,2],[2,2,0],[2,6,1],[2,7,0],[3,2,1],[3,3,1],[3,3,2],[4,0,0],[4,0,1],[5,3,0],[5,6,1],[5,7,1],[6,1,1],[6,3,2],[6,6,1],[7,5,2],[7,8,0],[8,0,2],[8,8,1],[9,0,2],[9,6,1]]",27,270,11359,"[1,1,1,1,1,1,1,1,1,1,0,0,0,0,0,0,0,0,0,0,0,0,0,0,0,0,0,0,0,0,0,0,0,0,0,0,0]",1023,10,10,0
cklr_m10_s81_974fc1038e7a20f6,974fc1038e7a20f6,10,37,81,8967897317255751413,0.09,3,14,"[[0,3,2],[0,4,1],[1,8,0],[2,1,1],[2,5,0],[3,1,2],[3,5,2],[4,3,0],[4,4,0],[4,4,1],[5,0,2],[5,4,0],[5,4,1],[6,1,2],[6,5,1],[8,0,2],[9,0,1],[9,2,0],[9,3,1],[9,8,0]]",20,277,11618,"[1,1,1,1,1,1,1,1,1,1,0,0,0,0,0,0,0,0,0,0,0,0,0,0,0,0,0,0,0,0,0,0,0,0,0,0,0]",1023,10,10,0
cklr_m10_s82_6d3cc1bad4a3d212,6d3cc1bad4a3d212,10,37,82,6696830624878735738,0.09,3,15,"[[2,2,0],[2,2,1],[2,2,2],[3,1,0],[3,1,2],[3,2,1],[3,2,2],[3,3,1],[3,4,0],[3,5,2],[3,6,0],[3,8,2],[4,8,1],[5,0,1],[5,4,2],[5,7,2],[6,5,1],[6,8,2],[7,1,1],[7,4,1],[8,2,0],[9,4,2],[9,7,1],[9,8,0]]",24,273,11470,"[1,1,1,1,1,1,1,1,1,1,0,0,0,0,0,0,0,0,0,0,0,0,0,0,0,0,0,0,0,0,0,0,0,0,0,0,0]",1023,10,10,0
cklr_m10_s83_938873a42b1958bb,938873a42b1958bb,10,37,83,7256568520941470217,0.09,3,16,"[[0,1,1],[0,6,2],[1,5,2],[1,6,0],[1,6,1],[2,1,0],[2,5,2],[3,3,0],[3,5,0],[4,0,0],[4,5,0],[5,4,0],[5,6,0],[6,5,1],[6,7,1],[8,1,0],[8,1,2],[8,3,2],[8,5,0],[9,0,0],[9,2,2],[9,5,0]]",22,275,11544,"[1,1,1,1,1,1,1,1,1,1,0,0,0,0,0,0,0,0,0,0,0,0,0,0,0,0,0,0,0,0,0,0,0,0,0,0,0]",1023,10,10,0
cklr_m10_s84_b4109ce82fc4379c,b4109ce82fc4379c,10,37,84,7378400822213849318,0.11,4,1,"[[0,0,1],[0,7,0],[0,7,2],[1,1,0],[1,1,2],[1,2,2],[1,3,1],[1,3,2],[2,1,1],[2,2,0],[2,2,2],[2,3,1],[2,8,1],[3,2,1],[5,3,1],[5,4,1],[5,6,2],[5,7,0],[5,8,2],[6,2,1],[7,2,2],[8,3,1],[9,6,1]]",23,274,11507,"[1,1,1,1,1,1,1,1,1,1,0,0,0,0,0,0,0,0,0,0,0,0,0,0,0,0,0,0,0,0,0,0,0,0,0,0,0]",1023,10,10,0
cklr_m10_s85_55446b27c7a0731b,55446b27c7a0731b,10,37,85,9081399012700696044,0.11,4,2,"[[0,0,1],[0,4,0],[0,5,0],[0,7,2],[1,6,0],[2,3,1],[2,7,1],[3,2,2],[3,4,2],[3,5,2],[4,3,0],[4,5,0],[4,7,0],[5,3,1],[6,0,0],[6,4,1],[6,8,2],[7,1,1],[7,5,2],[7,8,1],[8,1,2],[8,6,0],[8,6,1],[8,6,2],[9,3,1]]",25,272,11433,"[1,1,1,1,1,1,1,1,1,1,0,0,0,0,0,0,0,0,0,0,0,0,0,0,0,0,0,0,0,0,0,0,0,0,0,0,0]",1023,10,10,0
cklr_m10_s86_f09d0fbfb780e98c,f09d0fbfb780e98c,10,37,86,5343683556051751773,0.11,4,3,"[[0,3,0],[0,4,2],[0,6,0],[0,8,2],[1,2,0],[1,2,1],[1,7,0],[1,7,1],[2,0,1],[2,0,2],[2,1,1],[2,2,0],[2,8,0],[3,5,0],[3,7,0],[4,3,2],[4,5,2],[5,4,1],[5,7,1],[6,0,0],[6,0,1],[6,1,1],[6,4,0],[6,6,1],[6,7,1],[6,8,2],[7,5,2],[8,1,2],[8,2,0],[8,2,1],[8,3,2],[8,6,0],[8,6,2],[8,8,0],[8,8,2],[9,6,0],[9,7,2],[9,8,1]]",38,259,10952,"[1,1,1,1,1,1,1,1,1,1,0,0,0,0,0,0,0,0,0,0,0,0,0,0,0,0,0,0,0,0,0,0,0,0,0,0,0]",1023,10,10,0
cklr_m10_s87_f2723e0f7d41d6b3,f2723e0f7d41d6b3,10,37,87,6032443754567959860,0.11,4,4,"[[0,1,0],[0,5,1],[0,6,1],[0,8,2],[1,1,2],[1,2,2],[1,3,1],[1,5,2],[1,8,1],[2,1,0],[2,4,2],[3,0,1],[3,4,2],[3,7,2],[3,8,0],[3,8,1],[4,3,1],[4,4,0],[4,4,1],[4,7,1],[4,8,2],[5,2,0],[5,4,2],[5,5,0],[5,5,2],[7,8,2],[8,2,2],[8,3,2],[8,4,0],[8,7,1]]",30,267,11248,"[1,1,1,1,1,1,1,1,1,1,0,0,0,0,0,0,0,0,0,0,0,0,0,0,0,0,0,0,0,0,0,0,0,0,0,0,0]",1023,10,10,0
cklr_m10_s88_7a0f6ee22f73fb24,7a0f6ee22f73fb24,10,37,88,4963413581396367492,0.11,4,5,"[[0,0,1],[0,1,2],[0,6,2],[0,7,0],[0,7,1],[0,8,0],[1,1,0],[1,3,0],[1,3,2],[1,5,0],[2,4,0],[2,8,2],[3,6,0],[3,8,0],[4,1,0],[4,4,0],[4,7,0],[4,8,2],[5,1,0],[5,2,0],[6,1,1],[6,4,1],[7,0,0],[7,4,1],[8,2,1],[9,1,2],[9,5,0],[9,8,2]]",28,269,11322,"[1,1,1,1,1,1,1,1,1,1,0,0,0,0,0,0,0,0,0,0,0,0,0,0,0,0,0,0,0,0,0,0,0,0,0,0,0]",1023,10,10,0
cklr_m10_s89_25f1521c3b2c0858,25f1521c3b2c0858,10,37,89,9056328398040506635,0.11,4,6,"[[0,5,0],[1,0,2],[1,1,1],[1,5,0],[1,8,0],[2,0,0],[2,1,0],[2,1,1],[2,5,0],[2,6,0],[3,1,0],[3,2,1],[4,0,2],[4,7,0],[4,8,0],[4,8,2],[5,4,2],[5,6,2],[6,2,0],[7,5,1],[7,6,0],[8,1,0],[8,1,1],[8,2,0],[8,2,2],[8,4,1],[8,6,0],[8,7,0],[8,7,1],[8,7,2],[9,0,2]]",31,266,11211,"[1,1,1,1,1,1,1,1,1,1,0,0,0,0,0,0,0,0,0,0,0,0,0,0,0,0,0,0,0,0,0,0,0,0,0,0,0]",1023,10,10,0
cklr_m10_s90_693e8c6d14efdd06,693e8c6d14efdd06,10,37,90,3630896076156085176,0.11,4,7,"[[0,2,1],[1,2,0],[1,5,2],[1,7,1],[2,3,2],[2,5,2],[2,7,1],[2,8,0],[3,3,0],[3,4,2],[3,5,1],[3,6,0],[3,6,1],[3,7,0],[4,2,2],[4,3,2],[4,7,2],[4,8,2],[5,0,2],[5,6,0],[5,7,1],[6,3,0],[6,5,2],[7,2,1],[7,3,1],[7,4,1],[8,0,0],[8,1,1],[8,3,2],[8,5,2],[8,6,0],[8,7,2],[9,1,1],[9,5,2],[9,6,1]]",35,262,11063,"[1,1,1,1,1,1,1,1,1,1,0,0,0,0,0,0,0,0,0,0,0,0,0,0,0,0,0,0,0,0,0,0,0,0,0,0,0]",1023,10,10,0
cklr_m10_s91_a7c95019b4b73b30,a7c95019b4b73b30,10,37,91,1683592149566815910,0.11,4,8,"[[0,2,2],[0,5,2],[1,4,1],[2,0,0],[2,0,2],[2,2,1],[2,3,1],[2,5,0],[2,5,1],[2,6,0],[2,7,1],[3,0,0],[3,1,1],[3,4,1],[3,5,0],[3,7,0],[3,8,0],[4,1,1],[4,3,1],[4,4,1],[4,6,0],[5,3,1],[5,4,2],[5,5,2],[6,1,0],[6,2,2],[6,3,1],[6,5,0],[6,7,0],[7,5,1],[7,7,1],[8,0,0],[8,3,2],[8,7,0],[9,1,1],[9,2,2],[9,4,0],[9,7,1]]",38,259,10952,"[1,1,1,1,1,1,1,1,1,1,0,0,0,0,0,0,0,0,0,0,0,0,0,0,0,0,0,0,0,0,0,0,0,0,0,0,0]",1023,10,10,0
cklr_m10_s92_ca268e7e640658b2,ca268e7e640658b2,10,37,92,7619366295124708502,0.11,4,9,"[[0,4,1],[0,5,1],[0,6,2],[1,1,0],[1,3,0],[1,4,2],[1,6,1],[2,2,1],[2,4,2],[3,2,1],[3,6,0],[3,8,2],[4,4,2],[5,0,2],[5,2,2],[5,4,1],[5,6,1],[6,2,2],[6,4,1],[7,2,2],[7,5,1],[7,7,0],[8,4,2],[8,6,2],[8,7,0],[9,2,2],[9,4,0],[9,5,1],[9,5,2],[9,8,2]]",30,267,11248,"[1,1,1,1,1,1,1,1,1,1,0,0,0,0,0,0,0,0,0,0,0,0,0,0,0,0,0,0,0,0,0,0,0,0,0,0,0]",1023,10,10,0
cklr_m10_s93_6f38fd390c9610ca,6f38fd390c9610ca,10,37,93,6951405269230346032,0.11,4,10,"[[2,0,2],[2,2,0],[2,5,0],[2,5,1],[2,6,1],[2,8,1],[4,1,0],[4,3,0],[5,0,0],[5,1,1],[5,3,1],[5,6,0],[5,8,1],[5,8,2],[6,1,1],[6,3,2],[6,6,1],[6,8,1],[7,3,1],[8,2,1],[8,6,1],[8,7,1]]",22,275,11544,"[1,1,1,1,1,1,1,1,1,1,0,0,0,0,0,0,0,0,0,0,0,0,0,0,0,0,0,0,0,0,0,0,0,0,0,0,0]",1023,10,10,0
cklr_m10_s94_6180dd38c1703b2e,6180dd38c1703b2e,10,37,94,7164593871627612985,0.11,4,11,"[[1,1,1],[1,2,1],[1,2,2],[2,1,1],[2,2,0],[2,4,1],[2,7,2],[3,2,2],[3,4,1],[3,4,2],[3,5,1],[4,1,1],[4,2,1],[4,8,0],[5,1,0],[5,2,1],[5,3,1],[5,5,1],[5,6,0],[6,0,2],[6,2,1],[6,5,2],[6,8,1],[6,8,2],[7,4,1],[7,5,1],[7,5,2],[7,8,0],[8,6,0],[8,7,0],[8,7,1],[9,0,0],[9,1,0],[9,2,2],[9,3,1]]",35,262,11063,"[1,1,1,1,1,1,1,1,1,1,0,0,0,0,0,0,0,0,0,0,0,0,0,0,0,0,0,0,0,0,0,0,0,0,0,0,0]",1023,10,10,0
cklr_m10_s95_7f54c9354293ba3d,7f54c9354293ba3d,10,37,95,6814114254965979238,0.11,4,12,"[[0,2,1],[0,8,2],[1,0,2],[1,6,1],[1,6,2],[1,8,1],[2,7,2],[3,2,2],[3,4,2],[3,8,1],[4,6,2],[4,7,1],[4,8,2],[5,0,2],[5,1,1],[5,1,2],[5,2,1],[5,6,1],[6,7,0],[7,0,1],[7,1,2],[7,2,2],[8,0,0],[8,4,1],[8,5,0],[9,0,0],[9,3,2],[9,6,0]]",28,269,11322,"[1,1,1,1,1,1,1,1,1,1,0,0,0,0,0,0,0,0,0,0,0,0,0,0,0,0,0,0,0,0,0,0,0,0,0,0,0]",1023,10,10,0
cklr_m10_s96_898184f62a4d6500,898184f62a4d6500,10,37,96,3484879474000174878,0.11,4,13,"[[0,2,2],[0,3,0],[0,3,2],[1,1,2],[1,2,1],[1,4,0],[1,7,2],[2,6,1],[3,1,2],[4,1,0],[5,2,2],[5,3,2],[5,6,0],[5,7,1],[6,0,0],[6,6,1],[7,4,1],[7,6,0],[8,0,0],[8,2,2],[8,6,0],[8,7,2],[8,8,0],[9,3,2],[9,5,1]]",25,272,11433,"[1,1,1,1,1,1,1,1,1,1,0,0,0,0,0,0,0,0,0,0,0,0,0,0,0,0,0,0,0,0,0,0,0,0,0,0,0]",1023,10,10,0
cklr_m10_s97_c5e496902d53d823,c5e496902d53d823,10,37,97,1479912070574871829,0.11,4,14,"[[0,0,1],[0,6,2],[0,8,1],[1,5,1],[1,6,0],[1,6,1],[1,7,1],[2,0,1],[2,5,2],[2,7,0],[3,0,1],[3,8,1],[4,1,0],[4,8,1],[5,1,0],[5,8,0],[6,8,2],[7,3,2],[7,4,2],[7,7,2],[8,0,1],[8,0,2],[8,4,0],[9,0,0],[9,2,2],[9,3,2],[9,5,1],[9,7,2],[9,8,1],[9,8,2]]",30,267,11248,"[1,1,1,1,1,1,1,1,1,1,0,0,0,0,0,0,0,0,0,0,0,0,0,0,0,0,0,0,0,0,0,0,0,0,0,0,0]",1023,10,10,0
cklr_m10_s98_9c5fe60e780bc85d,9c5fe60e780bc85d,10,37,98,5043924523692227149,0.11,4,15,"[[1,5,2],[1,7,1],[2,3,1],[3,3,1],[3,4,0],[3,5,0],[3,7,0],[3,7,2],[4,0,2],[4,1,0],[4,1,2],[4,3,1],[4,5,0],[4,5,2],[5,1,0],[5,3,0],[6,1,2],[6,2,0],[6,5,0],[6,5,1],[7,2,1],[7,5,2],[8,1,0],[8,2,0],[8,6,1],[8,7,0],[8,7,1],[9,3,0],[9,3,1],[9,3,2],[9,4,0],[9,4,1],[9,7,0],[9,8,0],[9,8,2]]",35,262,11063,"[1,1,1,1,1,1,1,1,1,1,0,0,0,0,0,0,0,0,0,0,0,0,0,0,0,0,0,0,0,0,0,0,0,0,0,0,0]",1023,10,10,0
cklr_m10_s99_915962cbff3555ac,915962cbff3555ac,10,37,99,6027608218920952936,0.11,4,16,"[[0,1,2],[0,2,0],[1,2,2],[1,8,1],[2,2,2],[2,3,1],[2,4,1],[2,5,0],[2,7,0],[3,0,1],[3,1,2],[3,8,1],[5,4,0],[6,0,2],[6,3,0],[6,3,2],[6,5,2],[7,0,1],[7,2,0],[7,2,1],[7,8,0],[8,2,2],[8,4,2],[8,5,2],[9,0,0],[9,2,0],[9,2,2],[9,6,2]]",28,269,11322,"[1,1,1,1,1,1,1,1,1,1,0,0,0,0,0,0,0,0,0,0,0,0,0,0,0,0,0,0,0,0,0,0,0,0,0,0,0]",1023,10,10,0
cklr_m10_s100_f9aebe4a577b8e3e,f9aebe4a577b8e3e,10,37,100,5007803720493430584,0.03,0,1,"[[1,2,1],[2,0,2],[2,4,0],[2,7,1],[3,1,1],[5,7,1],[8,4,2]]",7,290,12099,"[1,1,1,1,1,1,1,1,1,1,0,0,0,0,0,0,0,0,0,0,0,0,0,0,0,0,0,0,0,0,0,0,0,0,0,0,0]",1023,10,10,0
cklr_m10_s101_ff2b068dd5e06c2b,ff2b068dd5e06c2b,10,37,101,1777993075275826278,0.03,0,2,"[[1,8,2],[2,3,0],[4,2,2],[6,3,1],[6,4,1]]",5,292,12173,"[1,1,1,1,1,1,1,1,1,1,0,0,0,0,0,0,0,0,0,0,0,0,0,0,0,0,0,0,0,0,0,0,0,0,0,0,0]",1023,10,10,0
cklr_m10_s102_beddd518b0372833,beddd518b0372833,10,37,102,1077145043289398111,0.03,0,3,"[[2,3,1],[6,2,0],[6,5,0],[6,6,0],[7,3,0],[8,1,2],[8,4,0],[9,4,0]]",8,289,12062,"[1,1,1,1,1,1,1,1,1,1,0,0,0,0,0,0,0,0,0,0,0,0,0,0,0,0,0,0,0,0,0,0,0,0,0,0,0]",1023,10,10,0
cklr_m10_s103_cc764a8951e515ec,cc764a8951e515ec,10,37,103,5743580912973075627,0.03,0,4,"[[0,2,2],[0,5,0],[4,4,2],[4,6,0],[5,1,0],[6,7,2],[7,7,0],[8,2,2],[8,5,0],[9,0,2],[9,4,2]]",11,286,11951,"[1,1,1,1,1,1,1,1,1,1,0,0,0,0,0,0,0,0,0,0,0,0,0,0,0,0,0,0,0,0,0,0,0,0,0,0,0]",1023,10,10,0
cklr_m10_s104_bd33610c9c42b50a,bd33610c9c42b50a,10,37,104,3859195494722817342,0.03,0,5,"[[0,7,0],[1,1,0],[2,7,2],[4,5,2],[6,5,0],[7,0,2],[7,5,0],[8,4,0],[9,1,0]]",9,288,12025,"[1,1,1,1,1,1,1,1,1,1,0,0,0,0,0,0,0,0,0,0,0,0,0,0,0,0,0,0,0,0,0,0,0,0,0,0,0]",1023,10,10,0
cklr_m10_s105_bc459ced1b72df0b,bc459ced1b72df0b,10,37,105,6419118381390963240,0.03,0,6,"[[1,8,0],[3,5,2],[6,0,1],[6,3,1],[7,2,0],[7,8,1]]",6,291,12136,"[1,1,1,1,1,1,1,1,1,1,0,0,0,0,0,0,0,0,0,0,0,0,0,0,0,0,0,0,0,0,0,0,0,0,0,0,0]",1023,10,10,0
cklr_m10_s106_25a20287b50b748f,25a20287b50b748f,10,37,106,6713638211920035473,0.03,0,7,"[[0,0,1],[0,0,2],[0,8,0],[2,1,1],[3,8,0],[5,3,1],[5,4,2],[5,7,0],[8,4,2]]",9,288,12025,"[1,1,1,1,1,1,1,1,1,1,0,0,0,0,0,0,0,0,0,0,0,0,0,0,0,0,0,0,0,0,0,0,0,0,0,0,0]",1023,10,10,0
cklr_m10_s107_139b0fcb9e698981,139b0fcb9e698981,10,37,107,2531177136460467713,0.03,0,8,"[[0,0,0],[0,1,0],[1,1,0],[1,8,0],[2,3,0],[2,6,1],[4,1,0],[4,6,1],[5,7,0],[6,7,1],[7,2,0],[7,4,1]]",12,285,11914,"[1,1,1,1,1,1,1,1,1,1,0,0,0,0,0,0,0,0,0,0,0,0,0,0,0,0,0,0,0,0,0,0,0,0,0,0,0]",1023,10,10,0
cklr_m10_s108_c427e2ebcebbf90c,c427e2ebcebbf90c,10,37,108,6372767981897284680,0.03,0,9,"[[0,0,1],[1,5,0],[2,3,1],[3,3,1],[4,2,1],[4,5,2],[5,2,1]]",7,290,12099,"[1,1,1,1,1,1,1,1,1,1,0,0,0,0,0,0,0,0,0,0,0,0,0,0,0,0,0,0,0,0,0,0,0,0,0,0,0]",1023,10,10,0
cklr_m10_s109_2fa79cf11e2f56be,2fa79cf11e2f56be,10,37,109,7427608794475161204,0.03,0,10,"[[0,5,2],[1,2,0],[2,7,1],[3,3,2],[4,0,1],[4,5,0],[4,6,1],[5,5,0],[6,4,1],[8,5,0],[8,5,1],[9,3,1],[9,7,1]]",13,284,11877,"[1,1,1,1,1,1,1,1,1,1,0,0,0,0,0,0,0,0,0,0,0,0,0,0,0,0,0,0,0,0,0,0,0,0,0,0,0]",1023,10,10,0
cklr_m10_s110_47f6d2607f07b4a5,47f6d2607f07b4a5,10,37,110,7332701386891040209,0.03,0,11,"[[5,7,0],[6,3,1],[7,6,1],[8,4,2]]",4,293,12210,"[1,1,1,1,1,1,1,1,1,1,0,0,0,0,0,0,0,0,0,0,0,0,0,0,0,0,0,0,0,0,0,0,0,0,0,0,0]",1023,10,10,0
cklr_m10_s111_edda0b36d74e170a,edda0b36d74e170a,10,37,111,3383123057743243226,0.03,0,12,"[[1,5,2],[3,2,2],[3,7,2],[4,3,0],[5,3,0],[6,6,1],[6,7,2],[7,6,2],[8,3,0]]",9,288,12025,"[1,1,1,1,1,1,1,1,1,1,0,0,0,0,0,0,0,0,0,0,0,0,0,0,0,0,0,0,0,0,0,0,0,0,0,0,0]",1023,10,10,0
cklr_m10_s112_0996a3b76e00dd73,0996a3b76e00dd73,10,37,112,3922145064265767097,0.03,0,13,"[[0,6,0],[0,6,2],[0,7,1],[1,1,1],[1,3,2],[1,6,1],[3,0,1],[5,3,1],[5,7,0],[6,4,2],[6,6,2],[8,4,2],[8,5,2]]",13,284,11877,"[1,1,1,1,1,1,1,1,1,1,0,0,0,0,0,0,0,0,0,0,0,0,0,0,0,0,0,0,0,0,0,0,0,0,0,0,0]",1023,10,10,0
cklr_m10_s113_26c05f61041c3adc,26c05f61041c3adc,10,37,113,582133132740357610,0.03,0,14,"[[3,6,0],[5,1,0],[5,3,0],[6,2,1],[7,5,1],[7,8,2],[8,4,0]]",7,290,12099,"[1,1,1,1,1,1,1,1,1,1,0,0,0,0,0,0,0,0,0,0,0,0,0,0,0,0,0,0,0,0,0,0,0,0,0,0,0]",1023,10,10,0
cklr_m10_s114_33c95ac202f4ca40,33c95ac202f4ca40,10,37,114,2638212525733888219,0.03,0,15,"[[6,0,2],[6,1,2],[6,5,0],[9,3,2],[9,4,2],[9,6,0]]",6,291,12136,"[1,1,1,1,1,1,1,1,1,1,0,0,0,0,0,0,0,0,0,0,0,0,0,0,0,0,0,0,0,0,0,0,0,0,0,0,0]",1023,10,10,0
cklr_m10_s115_486f9b36554015ca,486f9b36554015ca,10,37,115,8066639942877115734,0.03,0,16,"[[3,2,1],[3,5,0],[4,4,2],[5,8,0],[7,6,0],[8,0,0],[9,2,1],[9,3,0],[9,5,0],[9,8,1]]",10,287,11988,"[1,1,1,1,1,1,1,1,1,1,0,0,0,0,0,0,0,0,0,0,0,0,0,0,0,0,0,0,0,0,0,0,0,0,0,0,0]",1023,10,10,0
cklr_m10_s116_8aaf463f7e68b734,8aaf463f7e68b734,10,37,116,3981156180665229127,0.03,0,17,"[[0,1,2],[1,8,1],[1,8,2],[2,2,1],[3,0,2],[6,1,2],[6,7,1],[8,6,2],[9,0,2]]",9,288,12025,"[1,1,1,1,1,1,1,1,1,1,0,0,0,0,0,0,0,0,0,0,0,0,0,0,0,0,0,0,0,0,0,0,0,0,0,0,0]",1023,10,10,0
cklr_m10_s117_06d8d91b1860a589,06d8d91b1860a589,10,37,117,2918250679842382043,0.03,0,18,"[[0,4,2],[2,1,2],[2,3,1],[4,2,0],[5,0,2],[5,4,2]]",6,291,12136,"[1,1,1,1,1,1,1,1,1,1,0,0,0,0,0,0,0,0,0,0,0,0,0,0,0,0,0,0,0,0,0,0,0,0,0,0,0]",1023,10,10,0
cklr_m10_s118_ccac2351e67921a3,ccac2351e67921a3,10,37,118,3098196392751910609,0.03,0,19,"[[2,7,2],[3,6,0],[6,5,0],[6,8,1],[7,2,1],[7,7,2]]",6,291,12136,"[1,1,1,1,1,1,1,1,1,1,0,0,0,0,0,0,0,0,0,0,0,0,0,0,0,0,0,0,0,0,0,0,0,0,0,0,0]",1023,10,10,0
cklr_m10_s119_8dd47ac9cf443ec7,8dd47ac9cf443ec7,10,37,119,9124217285053018458,0.03,0,20,"[[0,3,2],[0,5,1],[3,1,2],[3,3,1],[4,4,0],[4,6,1],[5,7,0],[5,7,2]]",8,289,12062,"[1,1,1,1,1,1,1,1,1,1,0,0,0,0,0,0,0,0,0,0,0,0,0,0,0,0,0,0,0,0,0,0,0,0,0,0,0]",1023,10,10,0
cklr_m10_s120_227cf021e06001cd,227cf021e06001cd,10,37,120,8941653874385789024,0.05,1,1,"[[0,1,0],[1,1,1],[1,4,1],[1,6,0],[2,4,0],[2,5,0],[4,1,1],[4,2,0],[5,2,1],[5,4,0],[5,4,2],[5,6,0],[5,7,0],[5,7,1],[6,1,0],[6,4,2],[6,7,2],[7,6,1],[8,1,1],[8,7,2],[9,7,2],[9,8,0]]",22,275,11544,"[1,1,1,1,1,1,1,1,1,1,0,0,0,0,0,0,0,0,0,0,0,0,0,0,0,0,0,0,0,0,0,0,0,0,0,0,0]",1023,10,10,0
cklr_m10_s121_9e66346cb4801f40,9e66346cb4801f40,10,37,121,7003150053001905850,0.05,1,2,"[[1,5,1],[2,2,2],[2,6,0],[2,8,2],[3,1,2],[3,2,1],[3,4,0],[3,5,2],[4,4,0],[4,6,2],[5,8,2],[6,4,1],[7,8,1],[8,1,1],[8,3,0],[8,7,0]]",16,281,11766,"[1,1,1,1,1,1,1,1,1,1,0,0,0,0,0,0,0,0,0,0,0,0,0,0,0,0,0,0,0,0,0,0,0,0,0,0,0]",1023,10,10,0
cklr_m10_s122_53beeb85646344d1,53beeb85646344d1,10,37,122,3176107382120445415,0.05,1,3,"[[1,0,2],[3,5,2],[4,1,2],[4,3,2],[6,2,0],[6,2,2],[8,0,2]]",7,290,12099,"[1,1,1,1,1,1,1,1,1,1,0,0,0,0,0,0,0,0,0,0,0,0,0,0,0,0,0,0,0,0,0,0,0,0,0,0,0]",1023,10,10,0
cklr_m10_s123_5c06e2a55ef7fd4f,5c06e2a55ef7fd4f,10,37,123,4369561502743411628,0.05,1,4,"[[0,6,0],[2,3,0],[2,8,0],[3,3,1],[3,4,0],[6,2,2],[7,0,1],[7,1,0],[7,5,2],[7,7,0],[7,8,2],[9,1,1],[9,2,1],[9,4,2],[9,6,1],[9,8,0]]",16,281,11766,"[1,1,1,1,1,1,1,1,1,1,0,0,0,0,0,0,0,0,0,0,0,0,0,0,0,0,0,0,0,0,0,0,0,0,0,0,0]",1023,10,10,0
cklr_m10_s124_243c52e04e7f9178,243c52e04e7f9178,10,37,124,2393132087827836474,0.05,1,5,"[[0,1,0],[0,1,2],[0,6,0],[1,2,1],[3,4,2],[4,1,1],[4,3,1],[4,3,2],[4,5,0],[4,6,1],[5,7,1],[6,2,2],[6,5,2],[6,8,1],[7,0,0],[7,0,2],[7,1,1],[7,2,1],[7,7,0],[8,1,1],[8,5,0],[8,7,2],[8,8,0],[9,7,1],[9,8,2]]",25,272,11433,"[1,1,1,1,1,1,1,1,1,1,0,0,0,0,0,0,0,0,0,0,0,0,0,0,0,0,0,0,0,0,0,0,0,0,0,0,0]",1023,10,10,0
cklr_m10_s125_f2ad2dd333ab5f71,f2ad2dd333ab5f71,10,37,125,480770351542907128,0.05,1,6,"[[1,3,1],[1,5,1],[2,0,0],[2,0,2],[2,1,0],[3,3,1],[4,8,0],[5,4,0],[5,5,2],[6,5,0],[7,7,2],[8,2,0],[8,7,2]]",13,284,11877,"[1,1,1,1,1,1,1,1,1,1,0,0,0,0,0,0,0,0,0,0,0,0,0,0,0,0,0,0,0,0,0,0,0,0,0,0,0]",1023,10,10,0
cklr_m10_s126_5c58644e3074c877,5c58644e3074c877,10,37,126,4004038480543379200,0.05,1,7,"[[0,0,0],[0,5,1],[0,7,2],[0,8,2],[1,5,1],[1,8,0],[2,5,0],[2,6,1],[2,7,2],[3,4,0],[3,4,2],[3,5,1],[3,7,0],[5,0,0],[5,4,0],[5,5,0],[5,6,0],[6,6,1],[7,5,1],[7,8,0],[8,2,2],[8,4,2],[9,5,2]]",23,274,11507,"[1,1,1,1,1,1,1,1,1,1,0,0,0,0,0,0,0,0,0,0,0,0,0,0,0,0,0,0,0,0,0,0,0,0,0,0,0]",1023,10,10,0
cklr_m10_s127_85597f864c7f6769,85597f864c7f6769,10,37,127,586924493804798271,0.05,1,8,"[[0,1,1],[0,2,2],[0,4,1],[1,2,0],[1,5,0],[1,6,1],[2,6,2],[4,5,2],[4,6,1],[4,7,0],[5,3,0],[7,0,2],[7,1,0],[7,7,0],[9,4,0],[9,5,1],[9,7,2]]",17,280,11729,"[1,1,1,1,1,1,1,1,1,1,0,0,0,0,0,0,0,0,0,0,0,0,0,0,0,0,0,0,0,0,0,0,0,0,0,0,0]",1023,10,10,0
cklr_m10_s128_565c6edaa119758c,565c6edaa119758c,10,37,128,1987409276879896684,0.05,1,9,"[[0,1,2],[1,4,1],[2,3,0],[3,6,0],[5,1,1],[5,4,2],[6,1,1],[7,2,0],[8,1,1],[8,3,1]]",10,287,11988,"[1,1,1,1,1,1,1,1,1,1,0,0,0,0,0,0,0,0,0,0,0,0,0,0,0,0,0,0,0,0,0,0,0,0,0,0,0]",1023,10,10,0
cklr_m10_s129_0f516ed393d5bf84,0f516ed393d5bf84,10,37,129,5630401133235364829,0.05,1,10,"[[0,8,2],[1,5,1],[1,6,2],[2,1,2],[3,8,2],[4,4,0],[5,8,2],[7,8,0],[9,0,1]]",9,288,12025,"[1,1,1,1,1,1,1,1,1,1,0,0,0,0,0,0,0,0,0,0,0,0,0,0,0,0,0,0,0,0,0,0,0,0,0,0,0]",1023,10,10,0
cklr_m10_s130_e19405c21815a42a,e19405c21815a42a,10,37,130,7365684460893160007,0.05,1,11,"[[0,1,2],[0,2,0],[0,8,2],[1,1,2],[3,7,1],[3,8,1],[5,7,2],[5,8,2],[6,6,2],[7,3,1],[7,5,0],[7,7,2],[8,5,2],[9,5,0]]",14,283,11840,"[1,1,1,1,1,1,1,1,1,1,0,0,0,0,0,0,0,0,0,0,0,0,0,0,0,0,0,0,0,0,0,0,0,0,0,0,0]",1023,10,10,0
cklr_m10_s131_5a55934703316f85,5a55934703316f85,10,37,131,3101615929699756555,0.05,1,12,"[[0,1,0],[0,4,1],[1,6,0],[1,6,2],[2,4,2],[4,4,0],[5,2,0],[5,5,1],[6,1,0],[7,4,0],[8,2,0],[8,6,1]]",12,285,11914,"[1,1,1,1,1,1,1,1,1,1,0,0,0,0,0,0,0,0,0,0,0,0,0,0,0,0,0,0,0,0,0,0,0,0,0,0,0]",1023,10,10,0
cklr_m10_s132_281ce20908e5b029,281ce20908e5b029,10,37,132,3027883265620689970,0.05,1,13,"[[1,1,1],[1,6,2],[2,2,2],[2,4,0],[3,4,2],[3,5,1],[3,8,0],[4,4,2],[5,2,0],[5,5,0],[5,8,0],[6,1,2],[6,5,1],[6,8,1],[6,8,2],[7,2,0],[9,4,2],[9,8,1]]",18,279,11692,"[1,1,1,1,1,1,1,1,1,1,0,0,0,0,0,0,0,0,0,0,0,0,0,0,0,0,0,0,0,0,0,0,0,0,0,0,0]",1023,10,10,0
cklr_m10_s133_019d50e1796e105d,019d50e1796e105d,10,37,133,6727195665715505469,0.05,1,14,"[[0,8,0],[2,6,2],[3,8,0],[4,5,0],[5,2,0],[5,4,2],[7,1,1],[7,4,0],[7,5,2],[9,3,0]]",10,287,11988,"[1,1,1,1,1,1,1,1,1,1,0,0,0,0,0,0,0,0,0,0,0,0,0,0,0,0,0,0,0,0,0,0,0,0,0,0,0]",1023,10,10,0
cklr_m10_s134_7b3657488f2c38d2,7b3657488f2c38d2,10,37,134,4869233416162205253,0.05,1,15,"[[1,1,0],[1,8,0],[1,8,2],[2,0,0],[2,2,0],[2,3,2],[2,5,2],[3,7,0],[3,7,1],[4,6,1],[5,4,0],[5,4,2],[6,0,0],[7,0,2],[7,2,1]]",15,282,11803,"[1,1,1,1,1,1,1,1,1,1,0,0,0,0,0,0,0,0,0,0,0,0,0,0,0,0,0,0,0,0,0,0,0,0,0,0,0]",1023,10,10,0
cklr_m10_s135_8532e487b26bba49,8532e487b26bba49,10,37,135,9062133717107657213,0.05,1,16,"[[0,1,1],[0,2,0],[0,5,0],[3,1,0],[3,6,0],[4,1,0],[5,0,1],[5,0,2],[5,7,0],[5,7,2],[6,8,1],[7,4,1],[8,7,1],[9,0,0]]",14,283,11840,"[1,1,1,1,1,1,1,1,1,1,0,0,0,0,0,0,0,0,0,0,0,0,0,0,0,0,0,0,0,0,0,0,0,0,0,0,0]",1023,10,10,0
cklr_m10_s136_3e7f0eb1ea3c8e63,3e7f0eb1ea3c8e63,10,37,136,342719034519360940,0.05,1,17,"[[1,1,0],[1,7,1],[4,4,0],[4,5,0],[5,4,0],[5,4,2],[5,7,2],[6,3,1],[6,4,0],[6,4,1],[6,4,2],[7,8,0],[7,8,2]]",13,284,11877,"[1,1,1,1,1,1,1,1,1,1,0,0,0,0,0,0,0,0,0,0,0,0,0,0,0,0,0,0,0,0,0,0,0,0,0,0,0]",1023,10,10,0
cklr_m10_s137_7fd2f5b426d4476a,7fd2f5b426d4476a,10,37,137,2412754779091999684,0.05,1,18,"[[0,7,1],[1,5,1],[2,8,0],[3,5,0],[4,2,2],[4,7,1],[4,8,0],[5,0,2],[6,0,0],[6,3,2],[7,2,0],[7,3,1],[7,5,0],[7,7,2],[8,2,1],[8,5,2],[8,6,1],[9,3,2],[9,5,2],[9,6,2]]",20,277,11618,"[1,1,1,1,1,1,1,1,1,1,0,0,0,0,0,0,0,0,0,0,0,0,0,0,0,0,0,0,0,0,0,0,0,0,0,0,0]",1023,10,10,0
cklr_m10_s138_f926bb333093be95,f926bb333093be95,10,37,138,2368093323088881347,0.05,1,19,"[[0,1,2],[1,2,1],[1,5,0],[2,6,0],[5,6,0],[6,3,0],[6,4,0],[6,4,1],[6,8,1],[9,2,0],[9,5,2]]",11,286,11951,"[1,1,1,1,1,1,1,1,1,1,0,0,0,0,0,0,0,0,0,0,0,0,0,0,0,0,0,0,0,0,0,0,0,0,0,0,0]",1023,10,10,0
cklr_m10_s139_bb29d60944703bfd,bb29d60944703bfd,10,37,139,4743181060512449694,0.05,1,20,"[[2,3,1],[2,3,2],[3,4,2],[3,6,0],[3,8,2],[4,6,1],[5,8,2],[6,6,0],[6,6,2]]",9,288,12025,"[1,1,1,1,1,1,1,1,1,1,0,0,0,0,0,0,0,0,0,0,0,0,0,0,0,0,0,0,0,0,0,0,0,0,0,0,0]",1023,10,10,0
cklr_m10_s140_53cfc8da003f4e9e,53cfc8da003f4e9e,10,37,140,4980129343340867835,0.07,2,1,"[[0,3,1],[0,4,2],[2,0,1],[3,6,1],[4,8,0],[5,0,2],[5,4,1],[6,0,0],[6,3,1],[6,5,0],[7,0,1],[7,2,0],[7,6,0],[7,6,2],[7,7,1],[8,2,2],[9,4,1],[9,6,1]]",18,279,11692,"[1,1,1,1,1,1,1,1,1,1,0,0,0,0,0,0,0,0,0,0,0,0,0,0,0,0,0,0,0,0,0,0,0,0,0,0,0]",1023,10,10,0
cklr_m10_s141_286e7695ecb67440,286e7695ecb67440,10,37,141,5077818381957377642,0.07,2,2,"[[0,0,0],[0,0,2],[0,2,0],[0,4,0],[0,4,1],[4,3,0],[4,4,1],[6,1,1],[6,2,0],[6,3,0],[7,0,0],[7,0,2],[7,8,1],[8,3,1],[9,3,2]]",15,282,11803,"[1,1,1,1,1,1,1,1,1,1,0,0,0,0,0,0,0,0,0,0,0,0,0,0,0,0,0,0,0,0,0,0,0,0,0,0,0]",1023,10,10,0
cklr_m10_s142_949332755b91387d,949332755b91387d,10,37,142,388985458536562179,0.07,2,3,"[[0,1,0],[1,1,1],[1,1,2],[1,2,0],[1,4,0],[2,1,2],[3,4,2],[3,6,2],[3,8,0],[3,8,2],[5,1,0],[6,6,0],[7,1,2],[7,2,2],[9,3,1]]",15,282,11803,"[1,1,1,1,1,1,1,1,1,1,0,0,0,0,0,0,0,0,0,0,0,0,0,0,0,0,0,0,0,0,0,0,0,0,0,0,0]",1023,10,10,0
cklr_m10_s143_8509f653112c470f,8509f653112c470f,10,37,143,7662074969196699708,0.07,2,4,"[[0,0,0],[0,2,2],[1,1,1],[2,0,0],[2,2,1],[3,4,2],[3,5,1],[4,5,0],[4,5,1],[4,8,1],[5,3,2],[5,7,1],[6,4,2],[7,0,1],[8,7,1],[8,7,2],[9,3,0],[9,5,2]]",18,279,11692,"[1,1,1,1,1,1,1,1,1,1,0,0,0,0,0,0,0,0,0,0,0,0,0,0,0,0,0,0,0,0,0,0,0,0,0,0,0]",1023,10,10,0
cklr_m10_s144_39eec1fc4caf915a,39eec1fc4caf915a,10,37,144,1088157916628042991,0.07,2,5,"[[0,3,1],[1,0,0],[2,3,0],[2,3,1],[2,5,0],[3,1,0],[3,3,1],[3,5,1],[4,5,0],[4,7,0],[4,8,0],[5,1,0],[5,1,2],[5,6,1],[7,0,2],[7,2,1],[7,3,2],[7,7,0],[8,7,1]]",19,278,11655,"[1,1,1,1,1,1,1,1,1,1,0,0,0,0,0,0,0,0,0,0,0,0,0,0,0,0,0,0,0,0,0,0,0,0,0,0,0]",1023,10,10,0
cklr_m10_s145_eeabc0763a400b5a,eeabc0763a400b5a,10,37,145,7702452125205160094,0.07,2,6,"[[1,0,0],[1,1,2],[1,2,2],[2,0,0],[3,2,2],[3,4,1],[3,6,0],[3,6,2],[4,0,1],[4,8,2],[5,2,0],[5,2,1],[5,4,0],[5,7,0],[6,1,1],[6,4,0],[7,1,1],[7,8,0],[7,8,2],[8,5,1],[8,6,0],[8,6,1],[9,7,0]]",23,274,11507,"[1,1,1,1,1,1,1,1,1,1,0,0,0,0,0,0,0,0,0,0,0,0,0,0,0,0,0,0,0,0,0,0,0,0,0,0,0]",1023,10,10,0
cklr_m10_s146_97f2362a39364af2,97f2362a39364af2,10,37,146,6051960086894063729,0.07,2,7,"[[0,0,2],[0,3,0],[0,3,2],[0,4,2],[0,5,2],[0,6,1],[1,1,0],[1,3,2],[2,0,0],[2,0,1],[2,1,0],[2,7,0],[3,8,0],[4,8,2],[5,1,0],[5,2,2],[6,5,2],[6,8,2],[7,8,0],[8,4,1],[8,5,1],[8,6,1],[9,3,0],[9,3,1],[9,5,2]]",25,272,11433,"[1,1,1,1,1,1,1,1,1,1,0,0,0,0,0,0,0,0,0,0,0,0,0,0,0,0,0,0,0,0,0,0,0,0,0,0,0]",1023,10,10,0
cklr_m10_s147_ac7b674241e06244,ac7b674241e06244,10,37,147,1536043404880549973,0.07,2,8,"[[0,4,1],[0,5,0],[1,2,0],[1,3,2],[2,0,2],[3,3,0],[3,4,0],[3,4,2],[3,6,2],[3,7,2],[4,0,2],[4,1,1],[5,1,1],[5,3,2],[5,4,1],[5,7,1],[6,0,1],[6,1,0],[6,6,1],[6,7,0],[6,8,2],[7,3,2],[9,0,2]]",23,274,11507,"[1,1,1,1,1,1,1,1,1,1,0,0,0,0,0,0,0,0,0,0,0,0,0,0,0,0,0,0,0,0,0,0,0,0,0,0,0]",1023,10,10,0
cklr_m10_s148_c658c1fa67b0943f,c658c1fa67b0943f,10,37,148,5234778984861593613,0.07,2,9,"[[0,1,0],[0,1,1],[0,3,1],[1,6,0],[2,6,0],[3,5,2],[3,7,2],[5,1,0],[5,5,0],[7,3,0],[7,4,2],[8,3,0],[9,5,1]]",13,284,11877,"[1,1,1,1,1,1,1,1,1,1,0,0,0,0,0,0,0,0,0,0,0,0,0,0,0,0,0,0,0,0,0,0,0,0,0,0,0]",1023,10,10,0
cklr_m10_s149_6ad8d7b10b713248,6ad8d7b10b713248,10,37,149,7091822034644499855,0.07,2,10,"[[0,0,1],[1,4,1],[2,1,2],[2,3,2],[2,4,0],[3,5,2],[3,6,1],[4,0,2],[4,2,1],[4,2,2],[4,7,2],[4,8,1],[5,3,1],[5,7,1],[6,1,2],[6,4,1],[7,3,1],[8,3,0],[8,4,0],[9,6,2]]",20,277,11618,"[1,1,1,1,1,1,1,1,1,1,0,0,0,0,0,0,0,0,0,0,0,0,0,0,0,0,0,0,0,0,0,0,0,0,0,0,0]",1023,10,10,0
cklr_m10_s150_430de8a58bc88cac,430de8a58bc88cac,10,37,150,3034800375818438901,0.07,2,11,"[[1,2,2],[1,3,1],[2,6,0],[2,7,0],[2,7,2],[4,1,0],[4,2,0],[4,4,1],[4,7,1],[5,2,1],[7,3,0],[7,4,0],[8,1,2],[8,5,0],[9,7,1],[9,8,2]]",16,281,11766,"[1,1,1,1,1,1,1,1,1,1,0,0,0,0,0,0,0,0,0,0,0,0,0,0,0,0,0,0,0,0,0,0,0,0,0,0,0]",1023,10,10,0
cklr_m10_s151_1f3ba92990f74a46,1f3ba92990f74a46,10,37,151,5292383995626259218,0.07,2,12,"[[0,6,1],[0,6,2],[1,0,0],[1,0,1],[1,8,1],[2,4,1],[3,1,2],[3,4,2],[4,0,1],[4,1,0],[4,2,2],[4,3,1],[4,6,2],[5,8,1],[6,2,0],[6,7,0],[6,7,2],[7,7,2],[8,5,0],[9,0,2],[9,1,2],[9,7,1]]",22,275,11544,"[1,1,1,1,1,1,1,1,1,1,0,0,0,0,0,0,0,0,0,0,0,0,0,0,0,0,0,0,0,0,0,0,0,0,0,0,0]",1023,10,10,0
cklr_m10_s152_b8c3b96566e1f451,b8c3b96566e1f451,10,37,152,7406534847320959999,0.07,2,13,"[[1,1,0],[1,1,2],[1,5,0],[1,5,1],[1,6,0],[1,6,2],[2,3,1],[2,4,0],[4,0,0],[5,2,0],[5,5,1],[5,5,2],[6,8,0],[8,2,2],[8,3,0],[8,4,2],[8,7,2],[8,8,1],[9,0,1],[9,7,2]]",20,277,11618,"[1,1,1,1,1,1,1,1,1,1,0,0,0,0,0,0,0,0,0,0,0,0,0,0,0,0,0,0,0,0,0,0,0,0,0,0,0]",1023,10,10,0
cklr_m10_s153_9326149ddb5b9736,9326149ddb5b9736,10,37,153,1755043943753576183,0.07,2,14,"[[0,5,0],[1,6,2],[2,0,0],[2,2,2],[2,3,0],[2,4,0],[2,7,0],[2,7,2],[2,8,0],[3,5,1],[5,1,1],[6,1,2],[6,3,1],[8,0,0],[9,1,0],[9,3,2],[9,6,2],[9,8,0]]",18,279,11692,"[1,1,1,1,1,1,1,1,1,1,0,0,0,0,0,0,0,0,0,0,0,0,0,0,0,0,0,0,0,0,0,0,0,0,0,0,0]",1023,10,10,0
cklr_m10_s154_6091e6ca48919ec0,6091e6ca48919ec0,10,37,154,889226179844476590,0.07,2,15,"[[1,1,0],[1,8,2],[2,0,2],[2,4,2],[3,0,2],[4,0,0],[4,1,1],[4,3,1],[5,5,2],[6,2,2],[6,6,1],[7,1,1],[7,6,1],[9,2,2],[9,5,0]]",15,282,11803,"[1,1,1,1,1,1,1,1,1,1,0,0,0,0,0,0,0,0,0,0,0,0,0,0,0,0,0,0,0,0,0,0,0,0,0,0,0]",1023,10,10,0
cklr_m10_s155_71cb46aef094947e,71cb46aef094947e,10,37,155,8501085768749355926,0.07,2,16,"[[0,4,2],[1,3,0],[1,8,2],[2,7,1],[2,8,2],[3,4,1],[3,8,2],[4,3,0],[5,0,2],[6,8,0],[7,4,2],[7,7,1],[9,0,1]]",13,284,11877,"[1,1,1,1,1,1,1,1,1,1,0,0,0,0,0,0,0,0,0,0,0,0,0,0,0,0,0,0,0,0,0,0,0,0,0,0,0]",1023,10,10,0
cklr_m10_s156_fb06df05d944c386,fb06df05d944c386,10,37,156,526789482636161884,0.07,2,17,"[[0,1,0],[0,2,1],[0,3,2],[0,8,1],[1,0,0],[1,3,0],[1,4,0],[1,4,2],[1,5,1],[2,8,1],[4,0,0],[4,7,0],[5,1,0],[5,4,0],[6,2,1],[6,4,0],[7,1,0],[8,2,1],[9,4,1]]",19,278,11655,"[1,1,1,1,1,1,1,1,1,1,0,0,0,0,0,0,0,0,0,0,0,0,0,0,0,0,0,0,0,0,0,0,0,0,0,0,0]",1023,10,10,0
cklr_m10_s157_0c66cc9c292c4b80,0c66cc9c292c4b80,10,37,157,2557686938747199839,0.07,2,18,"[[0,7,0],[1,0,0],[1,8,1],[3,2,1],[3,8,1],[4,1,0],[4,1,2],[4,2,0],[4,2,1],[4,4,2],[4,8,1],[5,0,0],[5,1,2],[5,5,1],[7,0,2],[7,3,2],[7,4,2],[7,6,1],[7,8,1],[8,4,1],[8,5,0],[8,7,0],[9,6,1]]",23,274,11507,"[1,1,1,1,1,1,1,1,1,1,0,0,0,0,0,0,0,0,0,0,0,0,0,0,0,0,0,0,0,0,0,0,0,0,0,0,0]",1023,10,10,0
cklr_m10_s158_a526935bcb071d02,a526935bcb071d02,10,37,158,65801227345836553,0.07,2,19,"[[0,3,2],[1,8,0],[2,3,2],[2,6,2],[2,7,2],[3,1,1],[3,6,0],[4,1,0],[4,7,1],[4,7,2],[5,0,1],[5,3,1],[6,8,1],[7,1,0],[7,5,0],[8,4,2],[8,8,1],[9,4,1],[9,4,2],[9,8,2]]",20,277,11618,"[1,1,1,1,1,1,1,1,1,1,0,0,0,0,0,0,0,0,0,0,0,0,0,0,0,0,0,0,0,0,0,0,0,0,0,0,0]",1023,10,10,0
cklr_m10_s159_0f455a99cca3cb9c,0f455a99cca3cb9c,10,37,159,3125355923546472933,0.07,2,20,"[[0,0,1],[1,0,1],[1,4,2],[1,6,0],[1,7,2],[2,0,2],[2,1,1],[2,5,2],[4,4,0],[4,7,2],[5,3,2],[6,7,0],[7,0,0],[8,0,1],[8,1,1],[8,2,0],[8,8,0],[8,8,1],[9,1,2],[9,3,1]]",20,277,11618,"[1,1,1,1,1,1,1,1,1,1,0,0,0,0,0,0,0,0,0,0,0,0,0,0,0,0,0,0,0,0,0,0,0,0,0,0,0]",1023,10,10,0
cklr_m10_s160_1117c349b221e89b,1117c349b221e89b,10,37,160,8433616943144006000,0.09,3,1,"[[0,4,1],[0,6,2],[1,0,1],[1,2,0],[1,4,0],[1,4,2],[1,6,0],[2,2,0],[2,2,2],[2,7,2],[2,8,0],[3,7,2],[4,0,0],[4,6,2],[5,6,0],[5,6,2],[7,5,0],[7,6,2],[7,8,2],[8,3,2],[8,5,0],[8,6,0],[9,1,0],[9,2,2],[9,6,0]]",25,272,11433,"[1,1,1,1,1,1,1,1,1,1,0,0,0,0,0,0,0,0,0,0,0,0,0,0,0,0,0,0,0,0,0,0,0,0,0,0,0]",1023,10,10,0
cklr_m10_s161_ec8918bd825de4d0,ec8918bd825de4d0,10,37,161,6403567701044724783,0.09,3,2,"[[0,1,0],[1,1,0],[1,2,0],[1,8,0],[2,0,0],[2,5,1],[3,7,0],[4,4,2],[4,5,1],[4,6,0],[4,6,1],[4,6,2],[4,7,1],[5,1,2],[5,2,1],[5,4,0],[5,7,0],[6,0,1],[6,2,1],[6,7,2],[7,1,0],[7,1,1],[7,3,1],[7,3,2],[7,4,1],[7,4,2],[7,8,0],[7,8,2],[8,0,0],[8,3,0],[8,6,1],[9,1,0],[9,1,2]]",33,264,11137,"[1,1,1,1,1,1,1,1,1,1,0,0,0,0,0,0,0,0,0,0,0,0,0,0,0,0,0,0,0,0,0,0,0,0,0,0,0]",1023,10,10,0
cklr_m10_s162_d017c2a6e8fe76e3,d017c2a6e8fe76e3,10,37,162,6133066895458367598,0.09,3,3,"[[0,2,2],[0,4,0],[2,1,0],[2,8,0],[3,0,1],[4,1,1],[4,4,0],[4,4,2],[4,6,1],[4,8,0],[5,0,0],[6,1,2],[6,5,0],[6,7,0],[8,0,1],[8,1,0],[8,2,2],[8,3,1],[8,4,1],[8,7,0],[9,2,0],[9,4,0],[9,5,1],[9,6,2]]",24,273,11470,"[1,1,1,1,1,1,1,1,1,1,0,0,0,0,0,0,0,0,0,0,0,0,0,0,0,0,0,0,0,0,0,0,0,0,0,0,0]",1023,10,10,0
cklr_m10_s163_62a698b0b1a7841e,62a698b0b1a7841e,10,37,163,5494938719964727527,0.09,3,4,"[[0,2,2],[1,2,0],[1,4,2],[1,5,0],[2,0,0],[3,0,2],[3,5,0],[3,5,1],[3,7,2],[4,2,1],[4,6,0],[6,5,1],[7,3,0],[7,3,2],[9,1,0],[9,2,1],[9,3,1],[9,5,0],[9,5,2]]",19,278,11655,"[1,1,1,1,1,1,1,1,1,1,0,0,0,0,0,0,0,0,0,0,0,0,0,0,0,0,0,0,0,0,0,0,0,0,0,0,0]",1023,10,10,0
cklr_m10_s164_ce3a0e34edad60e2,ce3a0e34edad60e2,10,37,164,3642432682723698541,0.09,3,5,"[[0,2,0],[0,2,1],[0,6,0],[2,0,0],[2,1,0],[2,3,2],[2,7,2],[3,0,0],[3,1,1],[3,1,2],[4,0,1],[4,4,1],[5,0,0],[5,1,0],[5,6,0],[7,0,0],[8,6,1],[8,6,2],[9,0,1],[9,5,0]]",20,277,11618,"[1,1,1,1,1,1,1,1,1,1,0,0,0,0,0,0,0,0,0,0,0,0,0,0,0,0,0,0,0,0,0,0,0,0,0,0,0]",1023,10,10,0
cklr_m10_s165_831960dbebb1f748,831960dbebb1f748,10,37,165,5846688452142329145,0.09,3,6,"[[0,2,0],[0,3,0],[1,2,2],[1,6,2],[2,1,2],[2,4,0],[3,3,2],[3,5,0],[4,2,2],[5,4,0],[5,8,1],[6,2,2],[6,3,0],[6,7,2],[7,7,2],[8,1,1],[8,3,2],[8,8,2],[9,0,1],[9,2,2],[9,4,2],[9,6,0],[9,8,1],[9,8,2]]",24,273,11470,"[1,1,1,1,1,1,1,1,1,1,0,0,0,0,0,0,0,0,0,0,0,0,0,0,0,0,0,0,0,0,0,0,0,0,0,0,0]",1023,10,10,0
cklr_m10_s166_07b51239d9a45ffb,07b51239d9a45ffb,10,37,166,4323596676359690547,0.09,3,7,"[[1,6,1],[2,1,0],[2,1,1],[2,2,2],[2,3,1],[2,8,0],[3,8,0],[4,1,1],[4,4,1],[4,6,0],[4,8,2],[5,4,0],[6,1,2],[6,2,2],[6,3,0],[6,3,2],[6,5,1],[7,1,0],[7,6,1],[7,7,0],[7,8,0],[8,2,1],[9,6,2],[9,7,1]]",24,273,11470,"[1,1,1,1,1,1,1,1,1,1,0,0,0,0,0,0,0,0,0,0,0,0,0,0,0,0,0,0,0,0,0,0,0,0,0,0,0]",1023,10,10,0
cklr_m10_s167_8883726b3cec783a,8883726b3cec783a,10,37,167,1028656236112958207,0.09,3,8,"[[0,0,1],[0,4,1],[1,0,0],[1,2,1],[1,5,2],[2,2,0],[2,3,0],[2,7,1],[2,8,0],[3,1,1],[3,3,1],[3,4,1],[3,6,2],[4,2,2],[4,5,2],[4,6,2],[5,2,0],[6,1,1],[7,1,1],[7,2,0],[7,5,0],[8,0,2],[8,1,2],[9,2,0],[9,3,0],[9,5,2]]",26,271,11396,"[1,1,1,1,1,1,1,1,1,1,0,0,0,0,0,0,0,0,0,0,0,0,0,0,0,0,0,0,0,0,0,0,0,0,0,0,0]",1023,10,10,0
cklr_m10_s168_1f588477e4fd3e81,1f588477e4fd3e81,10,37,168,5452391873348153626,0.09,3,9,"[[0,0,1],[0,1,0],[0,3,0],[0,5,0],[1,7,1],[2,1,0],[2,1,2],[2,6,0],[3,5,1],[4,7,0],[5,2,0],[5,5,2],[5,7,2],[6,0,2],[6,8,0],[8,2,2],[8,4,0],[8,6,1],[8,6,2],[9,2,2],[9,3,0],[9,6,0]]",22,275,11544,"[1,1,1,1,1,1,1,1,1,1,0,0,0,0,0,0,0,0,0,0,0,0,0,0,0,0,0,0,0,0,0,0,0,0,0,0,0]",1023,10,10,0
cklr_m10_s169_a4c790762ed6a582,a4c790762ed6a582,10,37,169,2489217997958728633,0.09,3,10,"[[0,1,1],[0,5,2],[1,0,0],[1,5,1],[1,6,1],[1,7,2],[2,4,1],[2,6,2],[2,7,0],[2,7,1],[3,1,2],[4,0,1],[4,2,1],[4,7,2],[4,8,1],[6,7,2],[7,1,0],[7,1,2],[7,6,0],[8,4,0],[8,7,2],[9,0,1],[9,1,0]]",23,274,11507,"[1,1,1,1,1,1,1,1,1,1,0,0,0,0,0,0,0,0,0,0,0,0,0,0,0,0,0,0,0,0,0,0,0,0,0,0,0]",1023,10,10,0
cklr_m10_s170_8fab31643b279f2c,8fab31643b279f2c,10,37,170,6100238811007548737,0.09,3,11,"[[0,3,0],[1,5,2],[2,0,1],[2,1,2],[2,5,1],[3,2,1],[4,1,0],[5,4,1],[5,8,1],[6,0,1],[6,1,2],[6,5,2],[7,3,1],[7,5,0],[7,6,0],[8,8,0],[9,5,2],[9,6,0]]",18,279,11692,"[1,1,1,1,1,1,1,1,1,1,0,0,0,0,0,0,0,0,0,0,0,0,0,0,0,0,0,0,0,0,0,0,0,0,0,0,0]",1023,10,10,0
cklr_m10_s171_b983b4edfac62a7a,b983b4edfac62a7a,10,37,171,142467946859456991,0.09,3,12,"[[0,5,0],[0,6,0],[1,2,1],[1,4,0],[2,5,2],[2,8,0],[3,1,1],[3,2,2],[3,8,1],[5,1,2],[5,5,2],[5,7,0],[6,1,2],[6,4,2],[6,8,2],[7,0,2],[7,1,1],[7,2,0],[7,5,1],[8,0,2],[9,0,0],[9,1,2]]",22,275,11544,"[1,1,1,1,1,1,1,1,1,1,0,0,0,0,0,0,0,0,0,0,0,0,0,0,0,0,0,0,0,0,0,0,0,0,0,0,0]",1023,10,10,0
cklr_m10_s172_530b9e6d14367552,530b9e6d14367552,10,37,172,5121382972095091827,0.09,3,13,"[[0,1,1],[0,3,0],[0,7,1],[1,1,1],[1,1,2],[1,6,2],[1,7,0],[2,0,1],[2,3,0],[2,4,1],[2,4,2],[2,7,1],[3,3,1],[3,3,2],[3,5,1],[3,6,2],[3,7,2],[4,3,1],[5,3,0],[5,4,0],[5,5,0],[7,0,2],[7,4,0],[8,0,0],[8,0,1],[8,4,1],[8,7,0],[8,8,1],[9,4,0],[9,4,1],[9,7,0]]",31,266,11211,"[1,1,1,1,1,1,1,1,1,1,0,0,0,0,0,0,0,0,0,0,0,0,0,0,0,0,0,0,0,0,0,0,0,0,0,0,0]",1023,10,10,0
cklr_m10_s173_a39267cca917af24,a39267cca917af24,10,37,173,5643778449737035837,0.09,3,14,"[[0,0,0],[0,3,0],[1,5,1],[1,8,1],[2,5,1],[2,6,1],[3,1,2],[3,5,2],[3,7,1],[4,0,0],[4,0,2],[4,1,2],[4,4,1],[4,5,0],[5,2,2],[5,3,0],[5,6,1],[6,8,2],[7,2,0],[7,3,1],[8,0,0],[8,0,2],[8,6,2],[8,7,1],[8,8,1],[9,0,0],[9,1,2],[9,5,1],[9,6,2]]",29,268,11285,"[1,1,1,1,1,1,1,1,1,1,0,0,0,0,0,0,0,0,0,0,0,0,0,0,0,0,0,0,0,0,0,0,0,0,0,0,0]",1023,10,10,0
cklr_m10_s174_e58951b3f4fad4b9,e58951b3f4fad4b9,10,37,174,543319715762936673,0.09,3,15,"[[0,6,1],[0,6,2],[1,0,0],[1,2,1],[1,7,0],[1,7,2],[2,0,1],[2,3,1],[2,4,1],[3,1,0],[3,1,1],[3,3,1],[4,2,0],[6,1,0],[6,5,0],[6,5,1],[7,0,2],[7,3,2],[7,5,0],[7,5,1],[7,7,0],[7,8,0],[7,8,2],[8,1,2],[8,2,2],[9,0,1],[9,5,2]]",27,270,11359,"[1,1,1,1,1,1,1,1,1,1,0,0,0,0,0,0,0,0,0,0,0,0,0,0,0,0,0,0,0,0,0,0,0,0,0,0,0]",1023,10,10,0
cklr_m10_s175_d0cce6266375b94c,d0cce6266375b94c,10,37,175,7359422220396196663,0.09,3,16,"[[0,3,0],[0,7,1],[0,8,2],[1,3,0],[2,2,2],[2,3,2],[2,4,0],[2,5,2],[3,6,1],[4,1,1],[4,7,1],[5,0,1],[5,1,0],[5,5,0],[6,0,2],[6,3,1],[6,7,2],[7,7,2],[8,6,0],[9,5,1]]",20,277,11618,"[1,1,1,1,1,1,1,1,1,1,0,0,0,0,0,0,0,0,0,0,0,0,0,0,0,0,0,0,0,0,0,0,0,0,0,0,0]",1023,10,10,0
cklr_m10_s176_08539583690cb5df,08539583690cb5df,10,37,176,5555233865416060369,0.09,3,17,"[[0,5,2],[1,1,0],[1,3,0],[2,6,2],[2,7,0],[3,0,2],[4,2,1],[4,2,2],[4,4,0],[5,3,2],[5,6,1],[6,8,2],[7,2,1],[8,1,1],[8,2,1],[8,6,0],[8,8,0],[9,5,1]]",18,279,11692,"[1,1,1,1,1,1,1,1,1,1,0,0,0,0,0,0,0,0,0,0,0,0,0,0,0,0,0,0,0,0,0,0,0,0,0,0,0]",1023,10,10,0
cklr_m10_s177_8fb7a9015959143d,8fb7a9015959143d,10,37,177,9046338711455786172,0.09,3,18,"[[0,2,0],[0,8,0],[2,0,0],[2,2,1],[2,5,0],[3,0,0],[3,2,1],[4,0,1],[4,2,0],[4,4,0],[4,5,0],[4,8,2],[5,0,0],[5,4,2],[5,5,0],[5,5,2],[5,6,1],[5,8,1],[6,0,0],[6,5,2],[7,1,2],[7,2,1],[7,4,1],[8,5,1],[8,7,0],[9,3,2],[9,4,1],[9,5,1]]",28,269,11322,"[1,1,1,1,1,1,1,1,1,1,0,0,0,0,0,0,0,0,0,0,0,0,0,0,0,0,0,0,0,0,0,0,0,0,0,0,0]",1023,10,10,0
cklr_m10_s178_2a58cc4466bbbcbc,2a58cc4466bbbcbc,10,37,178,7128087989730628769,0.09,3,19,"[[0,4,2],[1,0,1],[1,4,2],[1,5,1],[1,7,1],[2,4,0],[2,5,2],[3,0,0],[3,1,1],[3,3,0],[3,3,2],[3,7,1],[4,5,0],[4,5,2],[5,2,2],[5,3,0],[5,5,1],[5,8,2],[6,0,2],[6,1,0],[6,8,1],[7,5,2],[7,6,1],[8,0,0],[8,1,2],[8,3,0],[9,3,2]]",27,270,11359,"[1,1,1,1,1,1,1,1,1,1,0,0,0,0,0,0,0,0,0,0,0,0,0,0,0,0,0,0,0,0,0,0,0,0,0,0,0]",1023,10,10,0
cklr_m10_s179_af733f7fc19493ad,af733f7fc19493ad,10,37,179,9018074259851291936,0.09,3,20,"[[0,4,0],[1,3,1],[1,5,1],[1,6,0],[1,7,1],[3,2,0],[3,6,2],[4,8,1],[5,1,0],[5,7,0],[5,8,2],[6,0,0],[6,7,2],[7,0,2],[7,6,1],[8,5,0],[9,1,1],[9,1,2]]",18,279,11692,"[1,1,1,1,1,1,1,1,1,1,0,0,0,0,0,0,0,0,0,0,0,0,0,0,0,0,0,0,0,0,0,0,0,0,0,0,0]",1023,10,10,0
cklr_m10_s180_1b0fcb5a0b131325,1b0fcb5a0b131325,10,37,180,8176105451630460063,0.11,4,1,"[[0,0,1],[0,1,1],[0,3,2],[0,8,0],[0,8,1],[1,8,0],[2,0,0],[2,0,2],[2,1,1],[2,4,0],[2,4,2],[2,6,1],[2,8,1],[3,3,0],[3,3,1],[4,1,0],[4,1,1],[4,2,1],[4,5,1],[4,6,0],[4,8,0],[5,1,2],[5,5,2],[5,8,0],[6,6,2],[6,8,1],[7,2,2],[8,0,0],[8,0,2],[8,8,0],[9,1,0],[9,1,2],[9,4,2],[9,6,1],[9,6,2]]",35,262,11063,"[1,1,1,1,1,1,1,1,1,1,0,0,0,0,0,0,0,0,0,0,0,0,0,0,0,0,0,0,0,0,0,0,0,0,0,0,0]",1023,10,10,0
cklr_m10_s181_e05f72dea9dcc1ea,e05f72dea9dcc1ea,10,37,181,3885346661784926593,0.11,4,2,"[[0,3,1],[1,1,0],[1,2,0],[1,6,2],[2,4,1],[2,5,2],[2,7,0],[2,8,2],[3,0,2],[3,8,1],[4,7,1],[4,8,2],[5,3,0],[6,0,2],[6,5,0],[6,6,1],[6,7,2],[6,8,2],[7,0,0],[7,1,2],[7,4,0],[8,3,0],[8,3,1],[8,6,2],[8,8,2],[9,6,1],[9,7,0]]",27,270,11359,"[1,1,1,1,1,1,1,1,1,1,0,0,0,0,0,0,0,0,0,0,0,0,0,0,0,0,0,0,0,0,0,0,0,0,0,0,0]",1023,10,10,0
cklr_m10_s182_7498d96e56382011,7498d96e56382011,10,37,182,6397653946469222087,0.11,4,3,"[[0,3,0],[0,4,1],[1,0,2],[1,6,2],[2,0,1],[2,0,2],[2,1,1],[3,3,0],[3,3,1],[3,3,2],[3,4,2],[3,5,0],[3,6,1],[4,3,0],[4,5,0],[4,7,2],[4,8,2],[5,0,0],[5,7,2],[5,8,1],[6,4,0],[6,4,2],[7,1,0],[7,2,1],[7,7,0],[8,0,2],[8,3,1],[8,4,2],[8,5,1],[8,6,0],[8,7,2],[9,2,1],[9,3,2]]",33,264,11137,"[1,1,1,1,1,1,1,1,1,1,0,0,0,0,0,0,0,0,0,0,0,0,0,0,0,0,0,0,0,0,0,0,0,0,0,0,0]",1023,10,10,0
cklr_m10_s183_4f66e2f90f9ba64d,4f66e2f90f9ba64d,10,37,183,917471275849865047,0.11,4,4,"[[0,1,1],[0,5,1],[0,6,0],[0,6,2],[0,8,1],[1,1,0],[1,4,1],[1,5,1],[2,2,1],[2,2,2],[2,3,0],[2,4,2],[4,1,0],[4,2,2],[4,3,1],[4,7,1],[5,3,0],[5,6,1],[5,8,2],[6,8,1],[7,3,1],[7,8,0],[8,4,2],[9,2,2],[9,6,1],[9,6,2]]",26,271,11396,"[1,1,1,1,1,1,1,1,1,1,0,0,0,0,0,0,0,0,0,0,0,0,0,0,0,0,0,0,0,0,0,0,0,0,0,0,0]",1023,10,10,0
cklr_m10_s184_7eda823f7f9a0723,7eda823f7f9a0723,10,37,184,486378220854620727,0.11,4,5,"[[0,5,1],[1,4,1],[1,6,2],[1,7,2],[2,4,2],[3,0,2],[3,2,1],[3,3,1],[4,1,1],[4,2,0],[4,5,1],[5,3,1],[5,5,1],[5,6,2],[6,4,0],[6,7,1],[8,0,1],[8,3,2],[8,4,1],[8,5,1],[9,3,1],[9,4,2],[9,6,2]]",23,274,11507,"[1,1,1,1,1,1,1,1,1,1,0,0,0,0,0,0,0,0,0,0,0,0,0,0,0,0,0,0,0,0,0,0,0,0,0,0,0]",1023,10,10,0
cklr_m10_s185_abb8e8228636843e,abb8e8228636843e,10,37,185,3805038754082854451,0.11,4,6,"[[0,3,1],[0,4,2],[1,3,2],[1,4,0],[1,7,1],[1,8,0],[1,8,1],[2,0,0],[2,6,2],[3,3,2],[3,5,1],[3,7,2],[3,8,0],[4,0,1],[4,0,2],[4,1,1],[4,4,0],[4,7,1],[5,1,0],[6,1,2],[6,4,2],[7,7,1],[8,1,0],[8,3,1],[8,3,2],[8,7,1],[9,2,1]]",27,270,11359,"[1,1,1,1,1,1,1,1,1,1,0,0,0,0,0,0,0,0,0,0,0,0,0,0,0,0,0,0,0,0,0,0,0,0,0,0,0]",1023,10,10,0
cklr_m10_s186_57cea998e2194302,57cea998e2194302,10,37,186,8435502783727251125,0.11,4,7,"[[0,5,1],[0,7,1],[0,7,2],[0,8,1],[1,6,2],[2,0,2],[2,5,0],[2,6,0],[2,8,2],[3,0,0],[3,3,2],[3,5,1],[3,8,2],[4,3,2],[4,5,1],[4,5,2],[5,3,0],[5,5,1],[5,7,2],[5,8,2],[6,0,2],[6,6,2],[6,7,1],[7,1,2],[7,3,2],[7,5,0],[8,1,0],[8,4,1],[8,5,0],[8,5,1],[8,8,2],[9,6,0],[9,8,2]]",33,264,11137,"[1,1,1,1,1,1,1,1,1,1,0,0,0,0,0,0,0,0,0,0,0,0,0,0,0,0,0,0,0,0,0,0,0,0,0,0,0]",1023,10,10,0
cklr_m10_s187_d38df3d327028779,d38df3d327028779,10,37,187,4530306191154306159,0.11,4,8,"[[0,4,1],[0,7,1],[0,7,2],[1,8,2],[2,1,0],[2,3,1],[2,5,1],[2,7,0],[3,4,2],[3,6,0],[3,6,2],[3,7,1],[3,8,1],[4,0,0],[4,1,0],[4,1,2],[4,3,2],[4,6,0],[5,0,1],[5,1,1],[5,6,2],[6,2,0],[6,2,2],[6,4,0],[7,0,1],[7,3,1],[7,4,0],[7,6,2],[8,0,1],[8,5,2],[9,1,0]]",31,266,11211,"[1,1,1,1,1,1,1,1,1,1,0,0,0,0,0,0,0,0,0,0,0,0,0,0,0,0,0,0,0,0,0,0,0,0,0,0,0]",1023,10,10,0
cklr_m10_s188_69df257e02b11e6a,69df257e02b11e6a,10,37,188,3678702987799790880,0.11,4,9,"[[0,1,2],[0,3,0],[0,3,2],[0,4,1],[0,5,2],[0,8,0],[0,8,2],[1,5,1],[1,5,2],[2,3,0],[2,3,2],[2,7,0],[2,8,2],[3,0,0],[3,0,2],[3,2,2],[3,4,0],[3,6,0],[3,7,1],[4,1,0],[4,1,2],[4,5,2],[5,1,0],[5,1,2],[5,3,1],[5,6,0],[5,6,1],[6,3,0],[6,4,0],[6,5,1],[7,1,1],[7,5,0],[7,6,0],[8,5,2],[8,8,0],[9,3,2],[9,7,1]]",37,260,10989,"[1,1,1,1,1,1,1,1,1,1,0,0,0,0,0,0,0,0,0,0,0,0,0,0,0,0,0,0,0,0,0,0,0,0,0,0,0]",1023,10,10,0
cklr_m10_s189_007cb8c70361a698,007cb8c70361a698,10,37,189,4573425716365322292,0.11,4,10,"[[0,3,0],[0,4,1],[1,0,0],[1,5,0],[1,6,0],[2,1,0],[2,4,0],[2,6,2],[3,2,1],[3,3,1],[4,6,0],[4,7,1],[6,1,1],[6,4,2],[6,5,2],[6,8,0],[8,0,1],[9,3,1],[9,5,1],[9,6,2],[9,8,0],[9,8,2]]",22,275,11544,"[1,1,1,1,1,1,1,1,1,1,0,0,0,0,0,0,0,0,0,0,0,0,0,0,0,0,0,0,0,0,0,0,0,0,0,0,0]",1023,10,10,0
cklr_m10_s190_cd78a8e502075366,cd78a8e502075366,10,37,190,6147130088055054822,0.11,4,11,"[[0,4,2],[0,5,2],[1,0,1],[1,2,0],[1,5,2],[1,6,0],[2,0,1],[2,5,2],[2,6,0],[2,7,2],[3,4,0],[3,8,1],[4,3,1],[4,5,2],[5,6,1],[6,0,0],[6,6,1],[6,8,2],[7,7,0],[8,7,2],[9,2,0],[9,5,0]]",22,275,11544,"[1,1,1,1,1,1,1,1,1,1,0,0,0,0,0,0,0,0,0,0,0,0,0,0,0,0,0,0,0,0,0,0,0,0,0,0,0]",1023,10,10,0
cklr_m10_s191_36da66641fedeb08,36da66641fedeb08,10,37,191,1929307741406477765,0.11,4,12,"[[0,0,0],[0,5,0],[0,5,1],[0,6,2],[1,2,1],[1,4,1],[1,8,0],[2,0,0],[2,1,1],[2,6,2],[3,4,2],[3,5,1],[4,2,0],[5,0,2],[6,2,2],[6,5,0],[6,6,1],[7,0,2],[7,2,0],[7,3,1],[8,1,1],[8,3,1],[8,3,2],[8,4,2],[9,3,0],[9,3,1],[9,7,2]]",27,270,11359,"[1,1,1,1,1,1,1,1,1,1,0,0,0,0,0,0,0,0,0,0,0,0,0,0,0,0,0,0,0,0,0,0,0,0,0,0,0]",1023,10,10,0
cklr_m10_s192_8f2eab33f25f6634,8f2eab33f25f6634,10,37,192,985375296706614200,0.11,4,13,"[[0,1,2],[0,5,2],[1,0,0],[1,3,0],[1,4,0],[1,6,0],[1,7,0],[1,8,0],[2,1,2],[2,4,1],[2,5,0],[3,2,0],[3,5,1],[4,4,1],[4,4,2],[4,6,1],[5,2,0],[5,2,2],[6,1,2],[6,4,0],[6,6,1],[6,8,0],[6,8,1],[6,8,2],[7,0,0],[7,1,0],[7,4,1],[7,4,2],[7,7,2],[7,8,1],[8,2,2],[8,7,1],[9,2,1],[9,5,0],[9,7,0]]",35,262,11063,"[1,1,1,1,1,1,1,1,1,1,0,0,0,0,0,0,0,0,0,0,0,0,0,0,0,0,0,0,0,0,0,0,0,0,0,0,0]",1023,10,10,0
cklr_m10_s193_7313d7b462385dfe,7313d7b462385dfe,10,37,193,5236563832254562503,0.11,4,14,"[[0,0,1],[0,5,1],[1,2,0],[1,3,2],[1,7,2],[1,8,0],[2,0,0],[2,7,0],[3,3,0],[3,8,1],[3,8,2],[4,3,0],[4,6,0],[4,8,1],[5,2,1],[5,3,0],[5,3,2],[5,4,0],[5,4,2],[5,5,0],[5,5,2],[6,1,1],[6,8,0],[7,1,1],[7,2,1],[7,2,2],[8,4,1],[9,4,2],[9,5,0],[9,7,0]]",30,267,11248,"[1,1,1,1,1,1,1,1,1,1,0,0,0,0,0,0,0,0,0,0,0,0,0,0,0,0,0,0,0,0,0,0,0,0,0,0,0]",1023,10,10,0
cklr_m10_s194_d1fc39c7a4ab5188,d1fc39c7a4ab5188,10,37,194,980657442084185231,0.11,4,15,"[[0,0,1],[0,3,0],[0,6,1],[0,6,2],[1,1,0],[1,2,2],[1,3,1],[1,4,1],[1,4,2],[1,5,2],[1,7,1],[2,2,0],[2,3,0],[2,6,2],[2,8,0],[3,8,0],[4,1,1],[4,4,1],[4,6,2],[4,7,1],[5,2,2],[5,8,0],[6,5,2],[8,2,1],[8,6,1],[8,7,1],[9,0,0],[9,0,1],[9,0,2],[9,1,0],[9,7,1]]",31,266,11211,"[1,1,1,1,1,1,1,1,1,1,0,0,0,0,0,0,0,0,0,0,0,0,0,0,0,0,0,0,0,0,0,0,0,0,0,0,0]",1023,10,10,0
cklr_m10_s195_41b1c0f914f33778,41b1c0f914f33778,10,37,195,2054071681658736594,0.11,4,16,"[[0,3,1],[0,5,0],[1,0,0],[1,0,1],[1,4,1],[3,6,0],[3,7,2],[4,6,0],[4,6,1],[5,7,0],[6,3,1],[6,4,2],[6,7,0],[7,0,2],[7,4,0],[7,5,1],[7,6,2],[7,7,0],[7,7,2],[8,0,0],[8,1,1],[8,6,1],[8,7,1],[9,0,0],[9,8,1]]",25,272,11433,"[1,1,1,1,1,1,1,1,1,1,0,0,0,0,0,0,0,0,0,0,0,0,0,0,0,0,0,0,0,0,0,0,0,0,0,0,0]",1023,10,10,0
cklr_m10_s196_4889ce2bd67dacef,4889ce2bd67dacef,10,37,196,6618813855353311866,0.11,4,17,"[[0,1,1],[0,8,1],[1,0,1],[1,1,1],[1,4,2],[1,8,0],[2,7,0],[3,6,0],[3,8,0],[4,0,0],[4,2,0],[4,4,0],[4,5,2],[5,0,2],[5,1,1],[5,2,1],[5,5,0],[6,2,1],[6,4,2],[7,4,2],[7,6,1],[7,8,2],[8,3,2],[8,4,0],[8,4,2],[8,5,1],[8,6,0],[8,8,2]]",28,269,11322,"[1,1,1,1,1,1,1,1,1,1,0,0,0,0,0,0,0,0,0,0,0,0,0,0,0,0,0,0,0,0,0,0,0,0,0,0,0]",1023,10,10,0
cklr_m10_s197_c18874eb8703e146,c18874eb8703e146,10,37,197,6680006429786830150,0.11,4,18,"[[0,2,0],[0,4,0],[1,2,1],[1,4,1],[1,8,0],[2,2,0],[2,4,0],[2,4,2],[2,7,2],[3,3,2],[3,6,0],[3,8,0],[4,2,1],[5,1,0],[5,3,2],[5,8,1],[6,4,0],[6,5,2],[6,6,0],[6,7,1],[7,3,0],[7,3,1],[7,3,2],[7,4,0],[7,5,1],[7,7,2],[7,8,0],[7,8,2],[8,4,2],[8,6,0],[8,8,2],[9,1,1],[9,3,2],[9,4,2],[9,8,1],[9,8,2]]",36,261,11026,"[1,1,1,1,1,1,1,1,1,1,0,0,0,0,0,0,0,0,0,0,0,0,0,0,0,0,0,0,0,0,0,0,0,0,0,0,0]",1023,10,10,0
cklr_m10_s198_930313a218a54600,930313a218a54600,10,37,198,3810026075236913003,0.11,4,19,"[[0,2,0],[0,2,2],[0,4,0],[0,6,1],[0,7,1],[1,0,1],[1,4,1],[1,7,0],[2,2,0],[2,5,0],[2,5,1],[2,8,2],[3,3,2],[3,4,2],[4,0,0],[4,2,1],[4,3,1],[4,6,1],[5,2,1],[5,3,2],[5,7,0],[5,8,0],[6,1,0],[6,2,1],[6,4,1],[6,6,2],[6,8,0],[7,1,1],[7,6,1],[7,7,1],[7,8,1],[8,1,1],[8,6,0],[9,1,1],[9,2,1]]",35,262,11063,"[1,1,1,1,1,1,1,1,1,1,0,0,0,0,0,0,0,0,0,0,0,0,0,0,0,0,0,0,0,0,0,0,0,0,0,0,0]",1023,10,10,0
cklr_m10_s199_40b74423eaa8faed,40b74423eaa8faed,10,37,199,9201841854494414133,0.11,4,20,"[[0,0,2],[0,1,0],[0,7,1],[1,1,0],[1,2,1],[2,6,1],[2,8,0],[3,2,0],[3,5,1],[3,5,2],[3,8,1],[4,0,2],[4,1,1],[4,7,0],[4,7,2],[4,8,0],[5,1,0],[5,1,2],[5,2,0],[5,6,1],[5,8,1],[6,4,1],[6,6,0],[6,6,1],[6,7,2],[7,2,0],[7,2,1],[8,5,1],[8,7,1],[9,2,1],[9,4,2],[9,6,0],[9,7,0],[9,8,1]]",34,263,11100,"[1,1,1,1,1,1,1,1,1,1,0,0,0,0,0,0,0,0,0,0,0,0,0,0,0,0,0,0,0,0,0,0,0,0,0,0,0]",1023,10,10,0
cklr_m11_s00_00188748ede5f3ec,00188748ede5f3ec,11,41,0,540229293631951097,0.03,0,1,"[[1,2,2],[1,5,0],[2,2,2],[2,8,0],[2,9,1],[3,0,1],[4,0,1],[7,8,2],[7,9,2],[8,4,2],[9,2,0],[10,8,1]]",12,348,15949,"[1,1,1,1,1,1,1,1,1,1,1,0,0,0,0,0,0,0,0,0,0,0,0,0,0,0,0,0,0,0,0,0,0,0,0,0,0,0,0,0,0]",2047,11,11,0
cklr_m11_s01_b0f53817ab2b650c,b0f53817ab2b650c,11,41,1,978602980019766099,0.03,0,2,"[[0,0,0],[0,5,1],[2,3,1],[5,8,1],[8,5,2],[8,6,2],[9,1,2],[9,2,2],[9,7,2],[10,4,2],[10,8,1]]",11,349,15990,"[1,1,1,1,1,1,1,1,1,1,1,0,0,0,0,0,0,0,0,0,0,0,0,0,0,0,0,0,0,0,0,0,0,0,0,0,0,0,0,0,0]",2047,11,11,0
cklr_m11_s02_53cc6d5aa94592a7,53cc6d5aa94592a7,11,41,2,2137893876994354332,0.03,0,3,"[[0,0,1],[0,8,0],[1,6,1],[2,1,2],[4,2,2],[4,3,1],[5,0,2],[5,1,0],[7,9,0],[8,4,0],[10,4,0]]",11,349,15990,"[1,1,1,1,1,1,1,1,1,1,1,0,0,0,0,0,0,0,0,0,0,0,0,0,0,0,0,0,0,0,0,0,0,0,0,0,0,0,0,0,0]",2047,11,11,0
cklr_m11_s03_c4630beed226e16f,c4630beed226e16f,11,41,3,4024187817082673137,0.03,0,4,"[[0,3,1],[0,9,2],[1,4,0],[2,0,0],[3,3,2],[4,4,1],[5,2,1],[5,5,0],[7,0,2],[7,8,1],[9,4,1],[10,2,1]]",12,348,15949,"[1,1,1,1,1,1,1,1,1,1,1,0,0,0,0,0,0,0,0,0,0,0,0,0,0,0,0,0,0,0,0,0,0,0,0,0,0,0,0,0,0]",2047,11,11,0
cklr_m11_s04_9c609f2c052e8ee4,9c609f2c052e8ee4,11,41,4,1572402820582358564,0.05,1,1,"[[0,1,2],[0,4,1],[0,6,1],[1,5,2],[2,3,1],[3,4,0],[4,5,1],[4,7,2],[5,0,1],[6,7,0],[6,8,0],[6,9,2],[7,0,1],[7,5,0],[7,8,0],[8,2,2],[8,8,0],[8,8,1],[8,9,2],[9,1,2],[9,9,1],[10,5,0]]",22,338,15539,"[1,1,1,1,1,1,1,1,1,1,1,0,0,0,0,0,0,0,0,0,0,0,0,0,0,0,0,0,0,0,0,0,0,0,0,0,0,0,0,0,0]",2047,11,11,0
cklr_m11_s05_345097ced56d6947,345097ced56d6947,11,41,5,590615382931880482,0.05,1,2,"[[0,0,1],[0,9,0],[1,0,0],[1,6,1],[1,8,1],[2,0,0],[2,9,2],[3,1,2],[3,3,0],[7,1,0],[7,2,0],[7,7,0],[8,0,1],[8,7,0],[8,7,1],[10,0,1],[10,2,1],[10,5,2]]",18,342,15703,"[1,1,1,1,1,1,1,1,1,1,1,0,0,0,0,0,0,0,0,0,0,0,0,0,0,0,0,0,0,0,0,0,0,0,0,0,0,0,0,0,0]",2047,11,11,0
cklr_m11_s06_d44c022f69fe3624,d44c022f69fe3624,11,41,6,1026803064182084654,0.05,1,3,"[[0,0,1],[0,1,0],[0,8,0],[2,8,1],[2,8,2],[3,6,0],[4,1,0],[4,9,0],[5,7,0],[5,8,0],[5,8,1],[5,9,1],[6,4,0],[7,1,1],[7,5,1],[7,8,0],[8,5,1],[9,5,1],[9,7,2],[9,9,1]]",20,340,15621,"[1,1,1,1,1,1,1,1,1,1,1,0,0,0,0,0,0,0,0,0,0,0,0,0,0,0,0,0,0,0,0,0,0,0,0,0,0,0,0,0,0]",2047,11,11,0
cklr_m11_s07_60ba4259f8476722,60ba4259f8476722,11,41,7,600623603396742120,0.05,1,4,"[[0,8,1],[1,3,1],[2,3,0],[3,4,0],[3,5,2],[4,7,0],[5,7,2],[6,0,1],[7,2,1],[7,6,0],[7,9,0],[9,1,1]]",12,348,15949,"[1,1,1,1,1,1,1,1,1,1,1,0,0,0,0,0,0,0,0,0,0,0,0,0,0,0,0,0,0,0,0,0,0,0,0,0,0,0,0,0,0]",2047,11,11,0
cklr_m11_s08_e4e26e3073ebd4d5,e4e26e3073ebd4d5,11,41,8,544568351085200881,0.07,2,1,"[[0,3,2],[0,9,2],[1,3,0],[1,6,1],[1,8,1],[2,6,1],[3,4,0],[4,0,0],[5,3,1],[5,5,0],[5,6,1],[6,1,0],[6,7,0],[7,2,0],[7,4,0],[7,7,1],[7,7,2],[8,5,1],[9,5,2],[9,8,2],[10,7,1]]",21,339,15580,"[1,1,1,1,1,1,1,1,1,1,1,0,0,0,0,0,0,0,0,0,0,0,0,0,0,0,0,0,0,0,0,0,0,0,0,0,0,0,0,0,0]",2047,11,11,0
cklr_m11_s09_485a8db1b9bc9d6d,485a8db1b9bc9d6d,11,41,9,8510115714909690275,0.07,2,2,"[[0,6,2],[0,7,1],[1,2,0],[1,2,1],[1,3,2],[3,2,1],[3,5,0],[3,8,2],[5,7,0],[6,1,0],[6,9,0],[7,6,1],[10,3,1],[10,3,2],[10,6,0],[10,8,2],[10,9,1]]",17,343,15744,"[1,1,1,1,1,1,1,1,1,1,1,0,0,0,0,0,0,0,0,0,0,0,0,0,0,0,0,0,0,0,0,0,0,0,0,0,0,0,0,0,0]",2047,11,11,0
cklr_m11_s10_4d2725c161bd15d2,4d2725c161bd15d2,11,41,10,917517547757787911,0.07,2,3,"[[0,1,0],[0,3,0],[0,3,2],[0,5,0],[0,6,2],[0,9,1],[1,6,2],[1,7,2],[2,5,1],[2,6,2],[2,8,0],[3,3,0],[3,3,1],[4,0,0],[4,0,2],[4,4,2],[5,2,2],[5,4,0],[5,7,0],[5,9,2],[6,2,0],[7,1,2],[7,3,0],[7,6,0],[8,3,1],[9,2,0],[9,2,1],[9,3,2],[10,3,0],[10,6,2]]",30,330,15211,"[1,1,1,1,1,1,1,1,1,1,1,0,0,0,0,0,0,0,0,0,0,0,0,0,0,0,0,0,0,0,0,0,0,0,0,0,0,0,0,0,0]",2047,11,11,0
cklr_m11_s11_7e2347c384a30a3b,7e2347c384a30a3b,11,41,11,3291882759610489186,0.07,2,4,"[[0,7,0],[0,9,1],[2,4,0],[2,7,2],[3,1,2],[3,9,2],[4,1,1],[4,1,2],[4,5,1],[4,8,1],[4,9,2],[5,0,0],[6,5,2],[7,2,2],[7,5,2],[8,8,1],[9,0,1],[9,1,0],[9,4,0],[9,7,1]]",20,340,15621,"[1,1,1,1,1,1,1,1,1,1,1,0,0,0,0,0,0,0,0,0,0,0,0,0,0,0,0,0,0,0,0,0,0,0,0,0,0,0,0,0,0]",2047,11,11,0
cklr_m11_s12_0c701b7ce43e4678,0c701b7ce43e4678,11,41,12,2817351375422571330,0.09,3,1,"[[1,1,0],[1,6,1],[1,9,1],[2,3,2],[2,6,0],[2,6,2],[3,1,2],[4,2,0],[4,3,1],[4,5,0],[4,6,0],[4,8,0],[5,0,0],[5,0,2],[5,5,2],[5,9,2],[6,0,0],[6,2,2],[6,5,1],[7,4,0],[7,6,0],[8,0,2],[9,5,2],[9,6,2],[10,5,1]]",25,335,15416,"[1,1,1,1,1,1,1,1,1,1,1,0,0,0,0,0,0,0,0,0,0,0,0,0,0,0,0,0,0,0,0,0,0,0,0,0,0,0,0,0,0]",2047,11,11,0
cklr_m11_s13_7771bfa97aedbc5c,7771bfa97aedbc5c,11,41,13,7908902601016580129,0.09,3,2,"[[1,0,1],[1,4,1],[1,9,1],[2,1,1],[2,3,1],[2,4,0],[2,7,1],[3,2,1],[3,2,2],[3,3,0],[3,6,2],[3,8,1],[4,0,0],[4,3,2],[4,8,1],[5,6,0],[6,1,1],[7,9,2],[8,2,2],[9,4,0],[9,7,0],[10,1,1],[10,2,0],[10,6,1],[10,9,0]]",25,335,15416,"[1,1,1,1,1,1,1,1,1,1,1,0,0,0,0,0,0,0,0,0,0,0,0,0,0,0,0,0,0,0,0,0,0,0,0,0,0,0,0,0,0]",2047,11,11,0
cklr_m11_s14_da17cd059b769e4c,da17cd059b769e4c,11,41,14,413342825972335833,0.09,3,3,"[[0,8,0],[0,8,1],[1,1,0],[1,2,0],[1,2,2],[1,7,0],[1,7,1],[2,0,0],[2,3,0],[5,1,0],[6,5,2],[6,9,2],[7,6,1],[7,9,2],[8,2,0],[8,6,2],[8,7,2],[8,8,0],[8,8,2],[9,1,0],[9,2,1],[9,4,0],[9,5,2],[10,3,2],[10,6,1],[10,9,2]]",26,334,15375,"[1,1,1,1,1,1,1,1,1,1,1,0,0,0,0,0,0,0,0,0,0,0,0,0,0,0,0,0,0,0,0,0,0,0,0,0,0,0,0,0,0]",2047,11,11,0
cklr_m11_s15_e6f8939e370f1908,e6f8939e370f1908,11,41,15,9031424466868769670,0.09,3,4,"[[0,1,1],[0,2,0],[2,1,2],[2,9,2],[3,0,1],[3,3,0],[3,3,2],[3,4,1],[3,6,2],[3,7,2],[3,8,1],[4,1,0],[4,2,0],[4,3,0],[4,4,0],[4,5,2],[4,6,1],[4,9,2],[6,1,2],[6,8,0],[7,0,0],[7,0,2],[7,5,1],[7,6,2],[7,9,0],[8,4,2],[8,6,0],[8,7,2],[8,8,1],[9,5,1],[10,3,0],[10,8,0]]",32,328,15129,"[1,1,1,1,1,1,1,1,1,1,1,0,0,0,0,0,0,0,0,0,0,0,0,0,0,0,0,0,0,0,0,0,0,0,0,0,0,0,0,0,0]",2047,11,11,0
cklr_m11_s16_d236f39ce6ff73c1,d236f39ce6ff73c1,11,41,16,5012794995909729391,0.11,4,1,"[[0,0,0],[0,1,0],[0,3,0],[0,8,1],[1,2,2],[1,6,0],[1,7,2],[2,1,1],[2,1,2],[2,4,0],[2,5,1],[2,6,1],[3,0,1],[3,1,0],[3,1,1],[3,4,2],[3,6,2],[3,9,1],[4,3,0],[4,3,1],[4,4,1],[4,6,0],[5,0,2],[5,3,1],[5,4,1],[5,8,1],[6,3,0],[6,4,2],[7,2,0],[7,2,2],[7,4,1],[7,5,0],[7,5,2],[7,7,2],[8,0,2],[8,3,2],[8,4,0],[8,5,0],[8,6,1],[9,4,2],[9,5,0],[9,7,2],[10,1,1],[10,6,1],[10,7,2]]",45,315,14596,"[1,1,1,1,1,1,1,1,1,1,1,0,0,0,0,0,0,0,0,0,0,0,0,0,0,0,0,0,0,0,0,0,0,0,0,0,0,0,0,0,0]",2047,11,11,0
cklr_m11_s17_f53eed8a5e7e163d,f53eed8a5e7e163d,11,41,17,9048564630056419925,0.11,4,2,"[[0,5,2],[0,7,2],[1,1,0],[1,2,0],[1,9,0],[2,0,2],[2,1,1],[2,3,0],[2,5,2],[2,7,1],[2,9,1],[3,3,2],[3,9,0],[3,9,1],[4,5,0],[4,8,1],[5,0,0],[5,2,0],[5,9,0],[6,2,1],[6,3,2],[6,6,0],[6,6,2],[6,8,0],[7,5,1],[8,4,0],[8,9,1],[10,1,1],[10,2,1],[10,7,0],[10,7,1],[10,8,1],[10,8,2]]",33,327,15088,"[1,1,1,1,1,1,1,1,1,1,1,0,0,0,0,0,0,0,0,0,0,0,0,0,0,0,0,0,0,0,0,0,0,0,0,0,0,0,0,0,0]",2047,11,11,0
cklr_m11_s18_e3d3d99ae0412af3,e3d3d99ae0412af3,11,41,18,6847505879109178689,0.11,4,3,"[[0,0,0],[0,0,2],[0,1,1],[0,4,0],[0,5,0],[0,5,2],[0,6,1],[0,7,1],[1,3,2],[1,8,0],[1,9,0],[2,2,0],[2,5,0],[2,6,1],[3,2,0],[3,5,1],[4,1,0],[4,3,0],[4,9,2],[5,2,0],[5,3,2],[5,4,2],[5,5,0],[6,0,1],[6,1,2],[6,2,1],[6,8,1],[7,0,0],[7,9,2],[8,0,1],[8,8,2],[9,7,2],[9,8,2],[10,0,1],[10,0,2],[10,9,0]]",36,324,14965,"[1,1,1,1,1,1,1,1,1,1,1,0,0,0,0,0,0,0,0,0,0,0,0,0,0,0,0,0,0,0,0,0,0,0,0,0,0,0,0,0,0]",2047,11,11,0
cklr_m11_s19_d926e90c895ca6b8,d926e90c895ca6b8,11,41,19,2566643066075157992,0.11,4,4,"[[0,2,1],[0,4,1],[0,6,2],[0,7,2],[0,9,2],[1,1,0],[1,2,0],[1,5,1],[1,6,0],[1,7,0],[1,7,1],[1,9,0],[1,9,1],[2,4,0],[2,7,1],[2,8,0],[3,0,1],[3,1,0],[3,1,1],[3,3,0],[3,7,2],[4,1,1],[4,3,2],[4,4,0],[4,6,1],[4,7,2],[4,9,0],[4,9,1],[5,0,0],[5,4,1],[6,2,1],[7,1,2],[7,4,2],[7,5,0],[7,7,1],[7,8,0],[7,8,1],[8,2,2],[9,4,0],[9,6,2],[9,9,0],[10,7,2]]",42,318,14719,"[1,1,1,1,1,1,1,1,1,1,1,0,0,0,0,0,0,0,0,0,0,0,0,0,0,0,0,0,0,0,0,0,0,0,0,0,0,0,0,0,0]",2047,11,11,0
cklr_m11_s20_9494c3c6ed5e8195,9494c3c6ed5e8195,11,41,20,6358731118685896673,0.03,0,1,"[[0,0,1],[0,2,0],[1,1,1],[2,0,1],[3,2,2],[4,7,1],[5,9,1],[6,1,1],[6,4,0],[7,1,0],[7,2,0],[9,6,2]]",12,348,15949,"[1,1,1,1,1,1,1,1,1,1,1,0,0,0,0,0,0,0,0,0,0,0,0,0,0,0,0,0,0,0,0,0,0,0,0,0,0,0,0,0,0]",2047,11,11,0
cklr_m11_s21_cb4dc33a5074cb76,cb4dc33a5074cb76,11,41,21,7780244810683506043,0.03,0,2,"[[0,7,0],[1,1,2],[1,5,0],[2,3,1],[3,0,1],[4,6,2],[5,0,0],[5,2,0],[6,1,1],[6,8,0],[7,0,1],[7,2,1],[10,5,2],[10,6,0],[10,8,1]]",15,345,15826,"[1,1,1,1,1,1,1,1,1,1,1,0,0,0,0,0,0,0,0,0,0,0,0,0,0,0,0,0,0,0,0,0,0,0,0,0,0,0,0,0,0]",2047,11,11,0
cklr_m11_s22_62754f3a0ebae6c0,62754f3a0ebae6c0,11,41,22,2443587954525832145,0.03,0,3,"[[1,1,1],[1,2,2],[1,5,2],[2,0,1],[3,7,0],[5,3,1],[6,8,0],[8,1,1],[8,6,0],[9,5,1],[10,2,0]]",11,349,15990,"[1,1,1,1,1,1,1,1,1,1,1,0,0,0,0,0,0,0,0,0,0,0,0,0,0,0,0,0,0,0,0,0,0,0,0,0,0,0,0,0,0]",2047,11,11,0
cklr_m11_s23_0551781aeb9d9323,0551781aeb9d9323,11,41,23,909026521231293182,0.03,0,4,"[[0,8,1],[3,4,1],[5,6,2],[7,2,0],[8,9,0],[9,2,1],[9,7,2],[10,8,2],[10,9,1]]",9,351,16072,"[1,1,1,1,1,1,1,1,1,1,1,0,0,0,0,0,0,0,0,0,0,0,0,0,0,0,0,0,0,0,0,0,0,0,0,0,0,0,0,0,0]",2047,11,11,0
cklr_m11_s24_d5a709170e1483cd,d5a709170e1483cd,11,41,24,2312490513345177799,0.03,0,5,"[[1,9,0],[4,0,2],[5,1,0],[5,3,0],[5,4,0],[5,8,2],[9,8,2],[10,0,0],[10,2,0],[10,5,2],[10,6,2]]",11,349,15990,"[1,1,1,1,1,1,1,1,1,1,1,0,0,0,0,0,0,0,0,0,0,0,0,0,0,0,0,0,0,0,0,0,0,0,0,0,0,0,0,0,0]",2047,11,11,0
cklr_m11_s25_4a0c6d1744fc42b7,4a0c6d1744fc42b7,11,41,25,3485458390780377291,0.03,0,6,"[[2,9,1],[3,9,1],[5,6,0],[5,7,2],[7,7,1],[9,5,0],[10,8,0]]",7,353,16154,"[1,1,1,1,1,1,1,1,1,1,1,0,0,0,0,0,0,0,0,0,0,0,0,0,0,0,0,0,0,0,0,0,0,0,0,0,0,0,0,0,0]",2047,11,11,0
cklr_m11_s26_ff373bc5d472cd61,ff373bc5d472cd61,11,41,26,4594814389926587210,0.05,1,1,"[[0,0,2],[0,2,0],[0,5,2],[0,7,1],[1,9,0],[2,8,0],[3,3,2],[3,4,1],[3,5,0],[5,0,2],[5,6,2],[6,0,1],[6,4,1],[7,7,0],[8,5,0],[9,6,2],[9,9,2],[10,6,0],[10,9,1]]",19,341,15662,"[1,1,1,1,1,1,1,1,1,1,1,0,0,0,0,0,0,0,0,0,0,0,0,0,0,0,0,0,0,0,0,0,0,0,0,0,0,0,0,0,0]",2047,11,11,0
cklr_m11_s27_353d83c8f1fc262c,353d83c8f1fc262c,11,41,27,7355015679269089240,0.05,1,2,"[[0,2,1],[1,5,2],[3,6,2],[4,6,0],[4,7,2],[5,3,0],[6,5,0],[6,9,0],[7,0,1],[8,1,0],[10,4,1],[10,5,0]]",12,348,15949,"[1,1,1,1,1,1,1,1,1,1,1,0,0,0,0,0,0,0,0,0,0,0,0,0,0,0,0,0,0,0,0,0,0,0,0,0,0,0,0,0,0]",2047,11,11,0
cklr_m11_s28_793d931aac38f76f,793d931aac38f76f,11,41,28,8413833570400454904,0.05,1,3,"[[0,0,2],[0,7,0],[1,2,0],[2,9,1],[4,1,0],[4,9,1],[6,1,1],[9,5,0],[9,5,2]]",9,351,16072,"[1,1,1,1,1,1,1,1,1,1,1,0,0,0,0,0,0,0,0,0,0,0,0,0,0,0,0,0,0,0,0,0,0,0,0,0,0,0,0,0,0]",2047,11,11,0
cklr_m11_s29_7bfc39c8065469ea,7bfc39c8065469ea,11,41,29,4973455721992130187,0.05,1,4,"[[0,0,0],[0,4,1],[0,4,2],[1,7,2],[2,8,0],[4,1,2],[4,3,0],[4,3,2],[4,6,2],[5,1,1],[5,8,2],[6,2,2],[6,4,2],[7,5,2],[8,6,0],[9,1,1],[9,4,2],[10,4,1]]",18,342,15703,"[1,1,1,1,1,1,1,1,1,1,1,0,0,0,0,0,0,0,0,0,0,0,0,0,0,0,0,0,0,0,0,0,0,0,0,0,0,0,0,0,0]",2047,11,11,0
cklr_m11_s30_90a67e7059900a41,90a67e7059900a41,11,41,30,6241895340095762728,0.05,1,5,"[[0,4,2],[0,6,0],[0,9,0],[1,6,2],[2,2,2],[2,3,2],[2,6,0],[3,2,0],[3,9,0],[4,7,1],[7,5,2],[8,5,1],[10,7,0],[10,9,0]]",14,346,15867,"[1,1,1,1,1,1,1,1,1,1,1,0,0,0,0,0,0,0,0,0,0,0,0,0,0,0,0,0,0,0,0,0,0,0,0,0,0,0,0,0,0]",2047,11,11,0
cklr_m11_s31_f782078f11a187c1,f782078f11a187c1,11,41,31,4253801064264725184,0.05,1,6,"[[1,9,1],[4,1,0],[4,5,2],[5,5,1],[5,8,2],[8,9,1],[10,4,0],[10,9,2]]",8,352,16113,"[1,1,1,1,1,1,1,1,1,1,1,0,0,0,0,0,0,0,0,0,0,0,0,0,0,0,0,0,0,0,0,0,0,0,0,0,0,0,0,0,0]",2047,11,11,0
cklr_m11_s32_59b4e330708f91c3,59b4e330708f91c3,11,41,32,5045918573650409639,0.07,2,1,"[[0,2,0],[0,5,0],[0,5,2],[0,6,0],[1,6,1],[1,9,2],[2,0,2],[2,1,2],[2,3,2],[2,4,2],[3,7,1],[4,2,0],[4,6,1],[5,4,2],[5,6,0],[6,2,2],[6,3,0],[6,4,0],[7,5,2],[8,4,1],[8,6,0],[9,4,1],[10,6,1],[10,9,2]]",24,336,15457,"[1,1,1,1,1,1,1,1,1,1,1,0,0,0,0,0,0,0,0,0,0,0,0,0,0,0,0,0,0,0,0,0,0,0,0,0,0,0,0,0,0]",2047,11,11,0
cklr_m11_s33_15dc6592d6da6898,15dc6592d6da6898,11,41,33,5727178127542944497,0.07,2,2,"[[0,0,1],[0,2,1],[2,8,1],[3,0,0],[3,2,0],[3,2,1],[4,0,0],[4,1,1],[4,8,2],[5,5,1],[6,3,2],[6,5,2],[7,0,2],[7,2,2],[9,4,0],[9,5,1]]",16,344,15785,"[1,1,1,1,1,1,1,1,1,1,1,0,0,0,0,0,0,0,0,0,0,0,0,0,0,0,0,0,0,0,0,0,0,0,0,0,0,0,0,0,0]",2047,11,11,0
cklr_m11_s34_6e2e425ba73f6820,6e2e425ba73f6820,11,41,34,4024005252816401146,0.07,2,3,"[[0,0,2],[0,2,2],[0,4,2],[0,5,1],[0,7,0],[0,9,1],[1,1,2],[1,5,1],[1,8,2],[2,0,0],[2,7,1],[3,0,0],[3,5,0],[3,8,1],[4,0,0],[4,7,0],[4,8,2],[4,9,0],[6,9,0],[7,2,1],[7,3,2],[8,1,0],[8,1,2],[8,7,2],[9,1,2],[9,7,0],[9,7,1],[10,5,1],[10,7,1]]",29,331,15252,"[1,1,1,1,1,1,1,1,1,1,1,0,0,0,0,0,0,0,0,0,0,0,0,0,0,0,0,0,0,0,0,0,0,0,0,0,0,0,0,0,0]",2047,11,11,0
cklr_m11_s35_96f5fa75396389e5,96f5fa75396389e5,11,41,35,5952949428323862992,0.07,2,4,"[[0,1,0],[0,9,0],[1,7,1],[2,3,0],[4,1,0],[4,2,1],[5,6,0],[5,8,0],[6,5,1],[6,8,0],[7,0,1],[7,7,2],[8,5,0],[9,1,0],[10,2,0]]",15,345,15826,"[1,1,1,1,1,1,1,1,1,1,1,0,0,0,0,0,0,0,0,0,0,0,0,0,0,0,0,0,0,0,0,0,0,0,0,0,0,0,0,0,0]",2047,11,11,0
cklr_m11_s36_8e243ac318c7b384,8e243ac318c7b384,11,41,36,1340512816468613290,0.07,2,5,"[[0,0,2],[0,2,0],[1,2,1],[1,6,2],[1,9,1],[2,0,2],[2,9,1],[3,6,1],[3,8,2],[4,0,1],[4,5,1],[4,5,2],[4,6,2],[5,1,0],[5,4,0],[6,1,0],[6,9,1],[7,4,0],[7,7,2],[8,2,0],[8,9,2],[9,0,0],[9,6,1],[10,3,1]]",24,336,15457,"[1,1,1,1,1,1,1,1,1,1,1,0,0,0,0,0,0,0,0,0,0,0,0,0,0,0,0,0,0,0,0,0,0,0,0,0,0,0,0,0,0]",2047,11,11,0
cklr_m11_s37_4eeb104761b7d6e4,4eeb104761b7d6e4,11,41,37,7965662708472078602,0.07,2,6,"[[0,4,2],[0,8,0],[1,0,2],[2,0,2],[2,2,0],[2,8,1],[3,0,0],[3,5,0],[4,3,2],[5,0,0],[5,0,2],[5,1,2],[6,0,2],[7,3,0],[7,3,1],[8,0,2],[8,2,2],[8,4,0],[8,4,1],[8,6,2],[9,1,2],[10,6,0],[10,6,1]]",23,337,15498,"[1,1,1,1,1,1,1,1,1,1,1,0,0,0,0,0,0,0,0,0,0,0,0,0,0,0,0,0,0,0,0,0,0,0,0,0,0,0,0,0,0]",2047,11,11,0
cklr_m11_s38_a9ea99e19f75eccd,a9ea99e19f75eccd,11,41,38,5332898357519475889,0.09,3,1,"[[0,1,2],[0,2,1],[0,3,0],[0,8,0],[0,9,1],[1,1,1],[1,2,2],[1,5,1],[2,0,2],[2,1,1],[3,3,2],[4,1,1],[4,4,1],[4,6,2],[4,8,1],[5,0,1],[5,1,2],[5,2,2],[5,3,1],[5,3,2],[5,9,2],[6,8,0],[7,0,1],[7,0,2],[7,8,0],[7,9,1],[8,2,2],[8,7,2],[9,1,1],[9,3,2],[9,4,0],[10,2,0],[10,2,1],[10,3,0],[10,6,2]]",35,325,15006,"[1,1,1,1,1,1,1,1,1,1,1,0,0,0,0,0,0,0,0,0,0,0,0,0,0,0,0,0,0,0,0,0,0,0,0,0,0,0,0,0,0]",2047,11,11,0
cklr_m11_s39_1161f03f227d8368,1161f03f227d8368,11,41,39,473078774126450059,0.09,3,2,"[[0,0,2],[0,4,0],[1,0,2],[1,1,1],[1,3,2],[1,5,1],[2,6,2],[3,1,0],[3,1,1],[3,3,1],[4,7,1],[6,2,2],[6,3,2],[6,8,1],[7,1,0],[7,6,2],[7,9,2],[8,1,2],[8,2,0],[8,5,0],[8,5,1],[8,6,0],[8,7,0],[9,1,1],[9,2,1],[9,8,1],[10,2,1],[10,6,1],[10,8,2]]",29,331,15252,"[1,1,1,1,1,1,1,1,1,1,1,0,0,0,0,0,0,0,0,0,0,0,0,0,0,0,0,0,0,0,0,0,0,0,0,0,0,0,0,0,0]",2047,11,11,0
cklr_m11_s40_5aa9bdb418aaa55b,5aa9bdb418aaa55b,11,41,40,4776861245540909805,0.09,3,3,"[[0,3,0],[0,3,2],[1,0,1],[1,1,2],[1,5,2],[2,0,1],[4,1,0],[4,4,2],[4,7,1],[4,7,2],[4,8,0],[4,8,1],[5,5,0],[5,6,1],[6,1,1],[6,3,2],[6,4,1],[6,6,2],[6,9,0],[7,4,1],[8,0,1],[8,7,2],[8,8,1],[9,5,2],[9,8,0],[9,9,1],[10,4,1],[10,5,2],[10,9,0]]",29,331,15252,"[1,1,1,1,1,1,1,1,1,1,1,0,0,0,0,0,0,0,0,0,0,0,0,0,0,0,0,0,0,0,0,0,0,0,0,0,0,0,0,0,0]",2047,11,11,0
cklr_m11_s41_5f659305bac4661c,5f659305bac4661c,11,41,41,1782562718159785062,0.09,3,4,"[[0,0,2],[0,6,1],[0,6,2],[0,8,1],[0,8,2],[1,7,1],[1,8,1],[2,0,0],[2,2,0],[2,2,1],[3,1,1],[3,2,0],[3,5,0],[3,5,1],[4,2,2],[4,3,1],[4,6,1],[4,7,0],[5,0,0],[5,0,2],[5,4,2],[5,8,0],[5,8,2],[6,0,0],[6,0,1],[6,5,1],[6,8,1],[7,0,2],[7,2,2],[9,3,1],[9,7,0],[9,7,2],[9,8,0],[9,9,2],[10,1,1],[10,5,0]]",36,324,14965,"[1,1,1,1,1,1,1,1,1,1,1,0,0,0,0,0,0,0,0,0,0,0,0,0,0,0,0,0,0,0,0,0,0,0,0,0,0,0,0,0,0]",2047,11,11,0
cklr_m11_s42_316392b1a9363f0e,316392b1a9363f0e,11,41,42,5315321968361549471,0.09,3,5,"[[1,3,1],[1,7,1],[1,7,2],[1,8,0],[2,1,0],[2,8,1],[3,1,1],[3,4,0],[3,6,2],[4,0,2],[4,1,0],[4,4,1],[4,8,0],[5,2,2],[5,7,0],[5,8,2],[6,0,2],[6,5,1],[6,7,2],[6,8,0],[7,5,0],[7,6,2],[7,8,0],[7,8,2],[8,7,0],[9,0,1],[9,9,2],[10,3,2],[10,5,1],[10,6,1]]",30,330,15211,"[1,1,1,1,1,1,1,1,1,1,1,0,0,0,0,0,0,0,0,0,0,0,0,0,0,0,0,0,0,0,0,0,0,0,0,0,0,0,0,0,0]",2047,11,11,0
cklr_m11_s43_0f93098f70167885,0f93098f70167885,11,41,43,6899986329421063976,0.09,3,6,"[[0,4,2],[0,5,0],[0,5,1],[1,0,0],[1,1,0],[1,2,0],[1,4,2],[1,8,0],[1,9,0],[2,5,0],[2,6,2],[3,5,0],[3,5,2],[3,6,2],[3,8,0],[4,3,0],[4,7,0],[4,8,2],[5,5,0],[5,8,0],[6,0,2],[6,1,2],[6,3,2],[6,7,2],[7,4,1],[8,5,0],[8,6,0],[9,5,0],[9,5,2],[9,6,1],[9,7,1],[9,9,0],[10,1,2],[10,4,0]]",34,326,15047,"[1,1,1,1,1,1,1,1,1,1,1,0,0,0,0,0,0,0,0,0,0,0,0,0,0,0,0,0,0,0,0,0,0,0,0,0,0,0,0,0,0]",2047,11,11,0
cklr_m11_s44_5c60489e993350c2,5c60489e993350c2,11,41,44,1913873984597220065,0.11,4,1,"[[0,0,0],[0,1,2],[0,7,0],[0,7,1],[0,7,2],[0,8,1],[1,3,1],[1,7,1],[2,3,0],[2,3,2],[2,7,1],[3,2,1],[4,1,1],[4,7,0],[5,1,0],[5,8,2],[6,2,0],[6,8,1],[7,4,1],[7,6,2],[8,0,0],[8,9,2],[9,1,2],[9,2,0],[9,2,2],[9,4,0],[10,5,2],[10,6,2],[10,7,2],[10,9,1]]",30,330,15211,"[1,1,1,1,1,1,1,1,1,1,1,0,0,0,0,0,0,0,0,0,0,0,0,0,0,0,0,0,0,0,0,0,0,0,0,0,0,0,0,0,0]",2047,11,11,0
cklr_m11_s45_75efd8ea4ebca635,75efd8ea4ebca635,11,41,45,2952279098395117681,0.11,4,2,"[[0,9,1],[1,5,0],[1,6,0],[1,6,2],[1,7,0],[1,7,1],[2,9,1],[3,1,0],[3,1,1],[4,2,2],[4,9,0],[4,9,2],[5,0,0],[5,6,1],[5,7,1],[5,9,2],[6,6,1],[6,7,2],[7,4,0],[7,8,0],[8,0,0],[8,1,1],[8,2,0],[9,4,0],[9,4,1],[9,5,1],[9,6,2],[10,2,1],[10,6,2],[10,7,2]]",30,330,15211,"[1,1,1,1,1,1,1,1,1,1,1,0,0,0,0,0,0,0,0,0,0,0,0,0,0,0,0,0,0,0,0,0,0,0,0,0,0,0,0,0,0]",2047,11,11,0
cklr_m11_s46_d2678364906305f2,d2678364906305f2,11,41,46,8385059654646819563,0.11,4,3,"[[0,7,1],[0,9,2],[1,3,0],[1,4,1],[1,6,0],[1,9,1],[2,4,2],[2,6,2],[2,9,2],[3,2,0],[3,4,2],[3,6,1],[3,7,0],[3,9,1],[4,1,1],[4,3,0],[4,4,1],[4,7,0],[5,0,1],[5,3,0],[5,5,1],[5,8,1],[6,0,1],[6,1,0],[6,1,1],[6,2,0],[6,7,1],[7,0,2],[7,1,2],[7,2,0],[7,5,2],[7,8,1],[8,0,1],[8,2,1],[8,8,1],[9,0,1],[9,0,2],[9,1,1],[9,3,0],[9,5,2],[9,8,1],[10,4,2],[10,7,2],[10,8,0]]",44,316,14637,"[1,1,1,1,1,1,1,1,1,1,1,0,0,0,0,0,0,0,0,0,0,0,0,0,0,0,0,0,0,0,0,0,0,0,0,0,0,0,0,0,0]",2047,11,11,0
cklr_m11_s47_e5feac63e7108508,e5feac63e7108508,11,41,47,9060475110749497644,0.11,4,4,"[[0,3,1],[0,8,0],[0,9,1],[0,9,2],[1,1,0],[1,5,2],[1,7,0],[1,7,2],[1,8,1],[2,1,1],[2,3,2],[2,5,2],[3,2,1],[3,4,0],[4,1,0],[4,6,2],[4,7,0],[4,7,1],[5,2,0],[5,6,1],[5,7,0],[5,7,2],[5,8,1],[6,1,2],[6,4,2],[6,6,1],[6,8,1],[7,1,0],[7,1,1],[7,3,2],[7,4,1],[8,2,1],[8,3,2],[8,6,1],[9,0,1],[9,5,1],[9,7,2],[9,8,0],[10,5,2],[10,9,1]]",40,320,14801,"[1,1,1,1,1,1,1,1,1,1,1,0,0,0,0,0,0,0,0,0,0,0,0,0,0,0,0,0,0,0,0,0,0,0,0,0,0,0,0,0,0]",2047,11,11,0
cklr_m11_s48_0e2ed16b53b69f9c,0e2ed16b53b69f9c,11,41,48,8378483782622954466,0.11,4,5,"[[0,6,0],[0,7,2],[1,0,0],[1,2,0],[1,9,0],[1,9,1],[2,3,2],[2,4,0],[2,5,1],[3,2,0],[3,5,0],[4,1,2],[4,2,2],[4,7,2],[4,9,1],[5,8,0],[6,2,0],[6,3,1],[6,4,2],[6,7,0],[7,4,0],[7,5,1],[7,6,1],[7,8,0],[7,9,0],[9,3,2],[9,5,0],[10,0,1],[10,1,0],[10,1,1],[10,8,2]]",31,329,15170,"[1,1,1,1,1,1,1,1,1,1,1,0,0,0,0,0,0,0,0,0,0,0,0,0,0,0,0,0,0,0,0,0,0,0,0,0,0,0,0,0,0]",2047,11,11,0
cklr_m11_s49_05363e92506e2bd9,05363e92506e2bd9,11,41,49,4301014061985347746,0.11,4,6,"[[0,3,2],[0,4,0],[0,7,1],[0,9,2],[1,3,1],[1,4,1],[1,6,2],[1,9,2],[2,7,2],[3,1,1],[3,4,1],[4,0,0],[4,1,1],[4,1,2],[4,3,2],[4,6,1],[4,6,2],[4,9,1],[5,4,2],[5,9,1],[7,6,1],[7,6,2],[8,5,2],[8,9,2],[9,1,0],[10,0,0],[10,0,1]]",27,333,15334,"[1,1,1,1,1,1,1,1,1,1,1,0,0,0,0,0,0,0,0,0,0,0,0,0,0,0,0,0,0,0,0,0,0,0,0,0,0,0,0,0,0]",2047,11,11,0
cklr_m11_s50_c56fa07a9d9839fd,c56fa07a9d9839fd,11,41,50,3360928368322165910,0.03,0,1,"[[1,0,1],[1,6,2],[2,8,1],[6,2,0],[7,1,2],[9,7,0],[10,0,0]]",7,353,16154,"[1,1,1,1,1,1,1,1,1,1,1,0,0,0,0,0,0,0,0,0,0,0,0,0,0,0,0,0,0,0,0,0,0,0,0,0,0,0,0,0,0]",2047,11,11,0
cklr_m11_s51_408f80867344bd54,408f80867344bd54,11,41,51,6552997552841279588,0.03,0,2,"[[0,3,2],[1,3,0],[1,6,1],[1,9,0],[3,1,0],[3,7,2],[4,7,0],[6,7,2],[8,6,1],[9,2,0],[10,2,1]]",11,349,15990,"[1,1,1,1,1,1,1,1,1,1,1,0,0,0,0,0,0,0,0,0,0,0,0,0,0,0,0,0,0,0,0,0,0,0,0,0,0,0,0,0,0]",2047,11,11,0
cklr_m11_s52_b742ec8c012fd54f,b742ec8c012fd54f,11,41,52,1169716748816630264,0.03,0,3,"[[0,0,2],[0,4,2],[0,6,1],[0,8,1],[0,9,0],[3,2,1],[3,3,1],[3,6,0],[4,8,1],[6,0,2],[6,6,2],[6,8,1],[8,3,2],[8,8,0],[9,6,0]]",15,345,15826,"[1,1,1,1,1,1,1,1,1,1,1,0,0,0,0,0,0,0,0,0,0,0,0,0,0,0,0,0,0,0,0,0,0,0,0,0,0,0,0,0,0]",2047,11,11,0
cklr_m11_s53_fb748263f08684b7,fb748263f08684b7,11,41,53,6872086820139977380,0.03,0,4,"[[0,1,0],[1,4,2],[2,5,2],[3,2,0],[3,6,0],[4,2,0],[5,0,1],[6,9,2],[7,2,0],[9,7,2],[9,8,2]]",11,349,15990,"[1,1,1,1,1,1,1,1,1,1,1,0,0,0,0,0,0,0,0,0,0,0,0,0,0,0,0,0,0,0,0,0,0,0,0,0,0,0,0,0,0]",2047,11,11,0
cklr_m11_s54_79cff0d34b7b3925,79cff0d34b7b3925,11,41,54,8076248399078478493,0.03,0,5,"[[0,2,0],[1,1,2],[2,1,1],[3,5,2],[4,0,1],[4,2,0],[5,1,0],[6,0,1],[6,9,1],[7,2,2],[7,3,0],[8,0,1],[8,2,0],[9,7,1],[10,2,2],[10,4,2],[10,9,2]]",17,343,15744,"[1,1,1,1,1,1,1,1,1,1,1,0,0,0,0,0,0,0,0,0,0,0,0,0,0,0,0,0,0,0,0,0,0,0,0,0,0,0,0,0,0]",2047,11,11,0
cklr_m11_s55_51e015cd7952c927,51e015cd7952c927,11,41,55,1727171674529234246,0.03,0,6,"[[0,8,1],[2,4,1],[2,4,2],[3,5,0],[4,4,0],[5,0,2],[7,0,2],[7,9,0],[10,8,1]]",9,351,16072,"[1,1,1,1,1,1,1,1,1,1,1,0,0,0,0,0,0,0,0,0,0,0,0,0,0,0,0,0,0,0,0,0,0,0,0,0,0,0,0,0,0]",2047,11,11,0
cklr_m11_s56_328c602212844364,328c602212844364,11,41,56,7444845086779953075,0.03,0,7,"[[0,2,2],[1,2,0],[1,5,1],[1,6,2],[2,5,0],[4,5,0],[7,3,2],[8,7,0],[9,0,1],[9,3,1],[9,4,0],[10,4,2],[10,9,2]]",13,347,15908,"[1,1,1,1,1,1,1,1,1,1,1,0,0,0,0,0,0,0,0,0,0,0,0,0,0,0,0,0,0,0,0,0,0,0,0,0,0,0,0,0,0]",2047,11,11,0
cklr_m11_s57_691abb97492676c3,691abb97492676c3,11,41,57,497483935634630090,0.03,0,8,"[[0,9,0],[2,5,0],[2,6,2],[2,7,1],[3,2,0],[5,9,2],[9,2,1]]",7,353,16154,"[1,1,1,1,1,1,1,1,1,1,1,0,0,0,0,0,0,0,0,0,0,0,0,0,0,0,0,0,0,0,0,0,0,0,0,0,0,0,0,0,0]",2047,11,11,0
cklr_m11_s58_36a26f59ba5fe749,36a26f59ba5fe749,11,41,58,1253389451759041320,0.03,0,9,"[[2,7,0],[2,8,2],[3,9,0],[4,0,1],[5,1,2],[5,8,0],[7,2,2],[9,4,1],[9,8,2]]",9,351,16072,"[1,1,1,1,1,1,1,1,1,1,1,0,0,0,0,0,0,0,0,0,0,0,0,0,0,0,0,0,0,0,0,0,0,0,0,0,0,0,0,0,0]",2047,11,11,0
cklr_m11_s59_790f24c4955a2bfe,790f24c4955a2bfe,11,41,59,7919467309532866181,0.03,0,10,"[[0,5,0],[1,3,2],[1,9,1],[3,8,0],[4,0,2],[5,0,2],[5,2,1],[5,6,0],[5,8,0],[6,7,0],[7,5,2],[9,4,2],[9,8,0],[10,1,1]]",14,346,15867,"[1,1,1,1,1,1,1,1,1,1,1,0,0,0,0,0,0,0,0,0,0,0,0,0,0,0,0,0,0,0,0,0,0,0,0,0,0,0,0,0,0]",2047,11,11,0
cklr_m11_s60_d846d94cb4e9da8c,d846d94cb4e9da8c,11,41,60,8938873262552930861,0.03,0,11,"[[1,0,1],[1,0,2],[1,2,1],[2,2,1],[2,9,0],[3,1,2],[4,0,1],[4,7,1],[4,9,2],[5,2,0],[5,2,2],[6,0,1],[6,8,0],[7,4,1],[8,6,1],[9,4,1],[10,5,1],[10,8,2]]",18,342,15703,"[1,1,1,1,1,1,1,1,1,1,1,0,0,0,0,0,0,0,0,0,0,0,0,0,0,0,0,0,0,0,0,0,0,0,0,0,0,0,0,0,0]",2047,11,11,0
cklr_m11_s61_ae5162422c74fc67,ae5162422c74fc67,11,41,61,5892703687702339843,0.03,0,12,"[[0,1,0],[0,6,2],[1,2,0],[2,3,0],[4,3,1],[4,6,2],[5,0,2],[5,1,1],[6,0,2],[7,0,2],[7,1,2],[9,0,0],[10,4,2]]",13,347,15908,"[1,1,1,1,1,1,1,1,1,1,1,0,0,0,0,0,0,0,0,0,0,0,0,0,0,0,0,0,0,0,0,0,0,0,0,0,0,0,0,0,0]",2047,11,11,0
cklr_m11_s62_a81c3ed4fea4d5ed,a81c3ed4fea4d5ed,11,41,62,1400249379721239010,0.03,0,13,"[[0,2,0],[1,0,2],[1,5,2],[2,4,1],[7,1,1],[7,4,1],[7,6,1],[7,9,0],[9,9,1],[10,0,0],[10,2,2]]",11,349,15990,"[1,1,1,1,1,1,1,1,1,1,1,0,0,0,0,0,0,0,0,0,0,0,0,0,0,0,0,0,0,0,0,0,0,0,0,0,0,0,0,0,0]",2047,11,11,0
cklr_m11_s63_a7b394254c9e3a84,a7b394254c9e3a84,11,41,63,9165529054967759887,0.03,0,14,"[[4,6,2],[6,3,1],[7,5,0],[9,1,0],[9,5,2],[9,9,0]]",6,354,16195,"[1,1,1,1,1,1,1,1,1,1,1,0,0,0,0,0,0,0,0,0,0,0,0,0,0,0,0,0,0,0,0,0,0,0,0,0,0,0,0,0,0]",2047,11,11,0
cklr_m11_s64_940b694e257380a3,940b694e257380a3,11,41,64,6613034341898512311,0.03,0,15,"[[1,0,2],[1,3,1],[3,0,0],[3,9,0],[6,2,2],[6,6,1],[7,9,1],[8,3,2],[9,5,2]]",9,351,16072,"[1,1,1,1,1,1,1,1,1,1,1,0,0,0,0,0,0,0,0,0,0,0,0,0,0,0,0,0,0,0,0,0,0,0,0,0,0,0,0,0,0]",2047,11,11,0
cklr_m11_s65_57988541f23b0972,57988541f23b0972,11,41,65,5497967004112554496,0.03,0,16,"[[1,0,1],[1,3,2],[2,8,0],[3,0,1],[4,1,1],[4,6,2],[5,7,1],[6,7,1],[7,8,0],[7,9,1]]",10,350,16031,"[1,1,1,1,1,1,1,1,1,1,1,0,0,0,0,0,0,0,0,0,0,0,0,0,0,0,0,0,0,0,0,0,0,0,0,0,0,0,0,0,0]",2047,11,11,0
cklr_m11_s66_c35fb2e9ef6177fe,c35fb2e9ef6177fe,11,41,66,8236726592339274237,0.03,0,17,"[[0,5,2],[2,7,1],[2,8,1],[3,7,1],[3,8,0],[9,4,1],[9,4,2]]",7,353,16154,"[1,1,1,1,1,1,1,1,1,1,1,0,0,0,0,0,0,0,0,0,0,0,0,0,0,0,0,0,0,0,0,0,0,0,0,0,0,0,0,0,0]",2047,11,11,0
cklr_m11_s67_6f52ddeb7c7c6b0e,6f52ddeb7c7c6b0e,11,41,67,702096268313681860,0.03,0,18,"[[0,5,2],[0,6,1],[1,8,0],[2,2,1],[3,7,2],[4,3,0],[5,5,0],[6,4,1],[8,5,2],[8,6,0],[8,7,0],[9,5,2]]",12,348,15949,"[1,1,1,1,1,1,1,1,1,1,1,0,0,0,0,0,0,0,0,0,0,0,0,0,0,0,0,0,0,0,0,0,0,0,0,0,0,0,0,0,0]",2047,11,11,0
cklr_m11_s68_87cc4a04e5df7e42,87cc4a04e5df7e42,11,41,68,92449902055581709,0.03,0,19,"[[2,8,1],[5,8,1],[7,3,1],[7,4,1],[8,0,2],[8,9,0],[9,3,1],[10,1,2]]",8,352,16113,"[1,1,1,1,1,1,1,1,1,1,1,0,0,0,0,0,0,0,0,0,0,0,0,0,0,0,0,0,0,0,0,0,0,0,0,0,0,0,0,0,0]",2047,11,11,0
cklr_m11_s69_9c45ae2806f9981b,9c45ae2806f9981b,11,41,69,8991915196567244709,0.03,0,20,"[[1,4,2],[1,5,2],[2,8,2],[6,0,1],[6,1,2],[6,9,0],[7,2,0],[8,1,1],[8,3,1],[8,5,0],[8,9,0],[10,6,2]]",12,348,15949,"[1,1,1,1,1,1,1,1,1,1,1,0,0,0,0,0,0,0,0,0,0,0,0,0,0,0,0,0,0,0,0,0,0,0,0,0,0,0,0,0,0]",2047,11,11,0
cklr_m11_s70_a17033fea397799e,a17033fea397799e,11,41,70,7628169327765079657,0.03,0,21,"[[0,6,2],[5,2,0],[6,7,1],[7,5,2],[8,1,0],[8,9,2],[10,1,1]]",7,353,16154,"[1,1,1,1,1,1,1,1,1,1,1,0,0,0,0,0,0,0,0,0,0,0,0,0,0,0,0,0,0,0,0,0,0,0,0,0,0,0,0,0,0]",2047,11,11,0
cklr_m11_s71_1afba78e3b3aeee1,1afba78e3b3aeee1,11,41,71,3118157116840274820,0.03,0,22,"[[1,1,2],[3,5,2],[3,7,0],[5,9,2],[8,2,1]]",5,355,16236,"[1,1,1,1,1,1,1,1,1,1,1,0,0,0,0,0,0,0,0,0,0,0,0,0,0,0,0,0,0,0,0,0,0,0,0,0,0,0,0,0,0]",2047,11,11,0
cklr_m11_s72_9741d54053c850c2,9741d54053c850c2,11,41,72,2050332881504970405,0.03,0,23,"[[0,8,0],[0,8,2],[0,9,0],[0,9,1],[5,0,2],[6,6,1],[6,8,1],[7,6,1],[8,4,0],[9,1,2]]",10,350,16031,"[1,1,1,1,1,1,1,1,1,1,1,0,0,0,0,0,0,0,0,0,0,0,0,0,0,0,0,0,0,0,0,0,0,0,0,0,0,0,0,0,0]",2047,11,11,0
cklr_m11_s73_04801da7ac7f1616,04801da7ac7f1616,11,41,73,8431050950134779052,0.03,0,24,"[[0,1,1],[0,4,2],[0,6,2],[2,3,2],[3,0,1],[3,7,0],[4,2,1],[6,0,1],[6,4,1],[6,5,2],[9,1,1]]",11,349,15990,"[1,1,1,1,1,1,1,1,1,1,1,0,0,0,0,0,0,0,0,0,0,0,0,0,0,0,0,0,0,0,0,0,0,0,0,0,0,0,0,0,0]",2047,11,11,0
cklr_m11_s74_631876aaea4c472d,631876aaea4c472d,11,41,74,6127098786589054169,0.03,0,25,"[[1,4,1],[3,5,0],[3,8,0],[5,7,2],[6,2,0],[7,3,0],[8,3,2],[8,4,2],[9,9,1],[10,1,0],[10,8,1]]",11,349,15990,"[1,1,1,1,1,1,1,1,1,1,1,0,0,0,0,0,0,0,0,0,0,0,0,0,0,0,0,0,0,0,0,0,0,0,0,0,0,0,0,0,0]",2047,11,11,0
cklr_m11_s75_409ac0486e0d75f0,409ac0486e0d75f0,11,41,75,3121979670726953377,0.03,0,26,"[[1,5,0],[2,0,2],[2,1,0],[3,2,2],[6,1,0],[7,1,1],[8,9,1]]",7,353,16154,"[1,1,1,1,1,1,1,1,1,1,1,0,0,0,0,0,0,0,0,0,0,0,0,0,0,0,0,0,0,0,0,0,0,0,0,0,0,0,0,0,0]",2047,11,11,0
cklr_m11_s76_966a79f19daa9816,966a79f19daa9816,11,41,76,6829221449007453154,0.03,0,27,"[[0,4,0],[0,7,0],[0,9,0],[1,0,0],[7,0,2],[10,6,0],[10,9,1]]",7,353,16154,"[1,1,1,1,1,1,1,1,1,1,1,0,0,0,0,0,0,0,0,0,0,0,0,0,0,0,0,0,0,0,0,0,0,0,0,0,0,0,0,0,0]",2047,11,11,0
cklr_m11_s77_a3fce2f2d1aaf337,a3fce2f2d1aaf337,11,41,77,5008174878978325924,0.03,0,28,"[[0,6,0],[4,0,1],[4,9,1],[5,8,0],[6,0,0],[6,2,1],[7,5,0],[9,7,0]]",8,352,16113,"[1,1,1,1,1,1,1,1,1,1,1,0,0,0,0,0,0,0,0,0,0,0,0,0,0,0,0,0,0,0,0,0,0,0,0,0,0,0,0,0,0]",2047,11,11,0
cklr_m11_s78_1b0ef02fe6e1103e,1b0ef02fe6e1103e,11,41,78,5918652758619161817,0.03,0,29,"[[1,3,0],[3,1,0],[4,7,1],[5,2,2],[7,6,2],[9,3,0],[10,6,2]]",7,353,16154,"[1,1,1,1,1,1,1,1,1,1,1,0,0,0,0,0,0,0,0,0,0,0,0,0,0,0,0,0,0,0,0,0,0,0,0,0,0,0,0,0,0]",2047,11,11,0
cklr_m11_s79_7c18319f260ca858,7c18319f260ca858,11,41,79,8866421572212951962,0.03,0,30,"[[0,1,0],[0,2,1],[0,8,0],[1,3,0],[1,3,2],[2,6,1],[4,2,2],[4,5,2],[6,0,2],[6,3,2],[7,5,2],[8,8,0]]",12,348,15949,"[1,1,1,1,1,1,1,1,1,1,1,0,0,0,0,0,0,0,0,0,0,0,0,0,0,0,0,0,0,0,0,0,0,0,0,0,0,0,0,0,0]",2047,11,11,0
cklr_m11_s80_30523e088d912b0d,30523e088d912b0d,11,41,80,1114176079003648526,0.05,1,1,"[[0,3,0],[2,0,2],[2,6,2],[2,7,2],[3,1,0],[3,4,1],[6,0,1],[6,4,2],[6,9,2],[8,6,1],[9,0,1],[9,5,0],[9,6,2]]",13,347,15908,"[1,1,1,1,1,1,1,1,1,1,1,0,0,0,0,0,0,0,0,0,0,0,0,0,0,0,0,0,0,0,0,0,0,0,0,0,0,0,0,0,0]",2047,11,11,0
cklr_m11_s81_c92354d6e6db3721,c92354d6e6db3721,11,41,81,6844519033055784303,0.05,1,2,"[[1,4,0],[1,6,0],[2,1,1],[2,9,0],[4,1,1],[4,5,1],[5,3,1],[5,7,2],[5,8,0],[6,4,1],[6,9,0],[8,0,1],[8,1,1],[8,2,1],[8,4,2],[9,5,1],[9,6,2],[9,7,0],[10,3,0],[10,9,1]]",20,340,15621,"[1,1,1,1,1,1,1,1,1,1,1,0,0,0,0,0,0,0,0,0,0,0,0,0,0,0,0,0,0,0,0,0,0,0,0,0,0,0,0,0,0]",2047,11,11,0
cklr_m11_s82_b7cd3d7e58697cc1,b7cd3d7e58697cc1,11,41,82,7028723406841655035,0.05,1,3,"[[0,3,0],[1,1,0],[1,2,0],[2,1,0],[2,4,2],[3,2,0],[3,5,0],[5,9,0],[6,3,1],[6,6,0],[7,7,2],[8,3,0],[9,1,0],[10,0,0],[10,7,1]]",15,345,15826,"[1,1,1,1,1,1,1,1,1,1,1,0,0,0,0,0,0,0,0,0,0,0,0,0,0,0,0,0,0,0,0,0,0,0,0,0,0,0,0,0,0]",2047,11,11,0
cklr_m11_s83_2cb4d553aa3e4b45,2cb4d553aa3e4b45,11,41,83,6319704614343599449,0.05,1,4,"[[0,1,1],[0,7,1],[0,9,1],[1,7,0],[2,5,1],[3,2,0],[3,6,2],[3,8,2],[4,1,0],[4,8,0],[5,4,0],[6,2,1],[6,3,1],[6,6,2],[8,5,0],[8,6,2],[8,9,2],[9,9,1],[10,4,1],[10,5,2]]",20,340,15621,"[1,1,1,1,1,1,1,1,1,1,1,0,0,0,0,0,0,0,0,0,0,0,0,0,0,0,0,0,0,0,0,0,0,0,0,0,0,0,0,0,0]",2047,11,11,0
cklr_m11_s84_79d7473726cc2e51,79d7473726cc2e51,11,41,84,6591365751723662087,0.05,1,5,"[[0,1,0],[0,5,0],[0,6,2],[0,9,1],[1,5,1],[2,9,0],[3,1,0],[3,1,1],[4,6,1],[5,7,1],[5,8,1],[5,8,2],[8,4,0],[9,2,2],[9,7,1]]",15,345,15826,"[1,1,1,1,1,1,1,1,1,1,1,0,0,0,0,0,0,0,0,0,0,0,0,0,0,0,0,0,0,0,0,0,0,0,0,0,0,0,0,0,0]",2047,11,11,0
cklr_m11_s85_3ad79670e5d9863b,3ad79670e5d9863b,11,41,85,762648708680165984,0.05,1,6,"[[0,3,2],[1,4,0],[1,4,1],[1,6,1],[2,0,1],[2,2,1],[3,5,2],[3,6,2],[5,1,2],[5,4,0],[5,6,1],[5,7,2],[8,9,0],[9,2,2],[9,9,0],[10,1,0],[10,2,2],[10,9,0]]",18,342,15703,"[1,1,1,1,1,1,1,1,1,1,1,0,0,0,0,0,0,0,0,0,0,0,0,0,0,0,0,0,0,0,0,0,0,0,0,0,0,0,0,0,0]",2047,11,11,0
cklr_m11_s86_57428341d5c1a6e2,57428341d5c1a6e2,11,41,86,1021686036671652898,0.05,1,7,"[[0,5,0],[0,8,2],[1,3,2],[2,0,2],[2,1,2],[4,0,1],[7,1,0],[7,4,0],[8,7,0],[9,1,2],[10,1,1]]",11,349,15990,"[1,1,1,1,1,1,1,1,1,1,1,0,0,0,0,0,0,0,0,0,0,0,0,0,0,0,0,0,0,0,0,0,0,0,0,0,0,0,0,0,0]",2047,11,11,0
cklr_m11_s87_bd71667af44af92f,bd71667af44af92f,11,41,87,5737874302030000592,0.05,1,8,"[[0,5,1],[1,0,0],[1,7,1],[1,8,2],[2,3,2],[3,1,0],[3,2,0],[3,3,0],[4,0,2],[6,6,0],[7,6,2],[7,8,2],[8,0,0],[9,1,2],[9,9,0]]",15,345,15826,"[1,1,1,1,1,1,1,1,1,1,1,0,0,0,0,0,0,0,0,0,0,0,0,0,0,0,0,0,0,0,0,0,0,0,0,0,0,0,0,0,0]",2047,11,11,0
cklr_m11_s88_6e3d8575cb7a0aba,6e3d8575cb7a0aba,11,41,88,2823139230390548276,0.05,1,9,"[[0,6,2],[0,8,2],[1,0,2],[2,0,1],[2,3,2],[3,5,1],[5,3,0],[5,6,1],[5,8,0],[7,1,0],[8,2,1],[8,2,2],[8,4,1],[8,4,2],[9,7,2],[9,8,2],[10,1,2],[10,5,1]]",18,342,15703,"[1,1,1,1,1,1,1,1,1,1,1,0,0,0,0,0,0,0,0,0,0,0,0,0,0,0,0,0,0,0,0,0,0,0,0,0,0,0,0,0,0]",2047,11,11,0
cklr_m11_s89_421c97ecbb7bf95c,421c97ecbb7bf95c,11,41,89,3173148339178990642,0.05,1,10,"[[0,0,2],[0,3,0],[1,8,0],[2,9,0],[3,0,0],[3,2,0],[3,4,2],[4,9,1],[5,8,2],[5,9,2],[6,9,1],[7,3,0],[7,4,1],[8,1,0],[8,1,1],[8,3,2],[8,7,0],[10,2,2],[10,3,0],[10,4,2]]",20,340,15621,"[1,1,1,1,1,1,1,1,1,1,1,0,0,0,0,0,0,0,0,0,0,0,0,0,0,0,0,0,0,0,0,0,0,0,0,0,0,0,0,0,0]",2047,11,11,0
cklr_m11_s90_59d8a04f934d9034,59d8a04f934d9034,11,41,90,2144113467746905209,0.05,1,11,"[[0,6,1],[0,6,2],[1,5,0],[2,0,1],[2,4,0],[4,8,2],[7,3,1],[7,7,0],[7,8,1],[7,9,1],[8,2,2],[9,9,1],[10,4,1]]",13,347,15908,"[1,1,1,1,1,1,1,1,1,1,1,0,0,0,0,0,0,0,0,0,0,0,0,0,0,0,0,0,0,0,0,0,0,0,0,0,0,0,0,0,0]",2047,11,11,0
cklr_m11_s91_2d619423371a4a7e,2d619423371a4a7e,11,41,91,6364100176763865298,0.05,1,12,"[[0,2,1],[0,5,1],[1,0,1],[1,2,0],[1,5,0],[1,5,2],[1,6,1],[2,1,2],[2,2,2],[2,8,0],[2,8,1],[4,7,2],[5,3,1],[5,4,1],[6,8,1],[10,1,1],[10,3,0],[10,6,0]]",18,342,15703,"[1,1,1,1,1,1,1,1,1,1,1,0,0,0,0,0,0,0,0,0,0,0,0,0,0,0,0,0,0,0,0,0,0,0,0,0,0,0,0,0,0]",2047,11,11,0
cklr_m11_s92_fdedcc4aae3e5766,fdedcc4aae3e5766,11,41,92,85032506258483285,0.05,1,13,"[[0,1,2],[0,3,1],[1,4,2],[1,8,2],[2,2,2],[3,1,0],[4,0,2],[4,2,1],[4,3,1],[4,5,0],[4,7,0],[5,0,1],[6,5,0],[6,6,0],[7,5,2],[8,8,0],[8,9,0],[9,6,0],[9,8,1]]",19,341,15662,"[1,1,1,1,1,1,1,1,1,1,1,0,0,0,0,0,0,0,0,0,0,0,0,0,0,0,0,0,0,0,0,0,0,0,0,0,0,0,0,0,0]",2047,11,11,0
cklr_m11_s93_5ec69aec1ac80dce,5ec69aec1ac80dce,11,41,93,3165610708974203569,0.05,1,14,"[[0,0,2],[0,6,2],[0,7,1],[3,7,2],[4,0,2],[4,1,1],[4,8,2],[5,3,0],[6,3,0],[6,4,1],[6,5,1],[8,8,0],[9,2,0],[10,3,2],[10,4,2]]",15,345,15826,"[1,1,1,1,1,1,1,1,1,1,1,0,0,0,0,0,0,0,0,0,0,0,0,0,0,0,0,0,0,0,0,0,0,0,0,0,0,0,0,0,0]",2047,11,11,0
cklr_m11_s94_09fed921ec4b42a1,09fed921ec4b42a1,11,41,94,1790558382699840008,0.05,1,15,"[[0,2,2],[2,1,1],[2,4,1],[2,7,0],[3,8,0],[4,3,2],[4,5,0],[5,1,0],[5,5,0],[5,5,1],[5,6,2],[5,7,2],[5,9,0],[6,0,1],[6,2,2],[8,0,0],[8,5,2],[9,8,1],[9,9,2]]",19,341,15662,"[1,1,1,1,1,1,1,1,1,1,1,0,0,0,0,0,0,0,0,0,0,0,0,0,0,0,0,0,0,0,0,0,0,0,0,0,0,0,0,0,0]",2047,11,11,0
cklr_m11_s95_532a7c6a5bee65cf,532a7c6a5bee65cf,11,41,95,7941836472693636592,0.05,1,16,"[[0,5,0],[0,9,2],[2,7,0],[4,0,1],[4,2,1],[4,3,1],[5,7,2],[7,0,2],[7,1,0],[10,5,2],[10,7,0]]",11,349,15990,"[1,1,1,1,1,1,1,1,1,1,1,0,0,0,0,0,0,0,0,0,0,0,0,0,0,0,0,0,0,0,0,0,0,0,0,0,0,0,0,0,0]",2047,11,11,0
cklr_m11_s96_bd318643f8c94f09,bd318643f8c94f09,11,41,96,8422084741680760850,0.05,1,17,"[[1,3,1],[1,4,1],[1,8,1],[2,1,2],[3,4,1],[3,8,0],[4,1,2],[4,5,2],[7,3,0],[7,6,0],[7,7,1],[8,3,0],[9,0,0],[9,4,2],[9,6,1],[10,0,0],[10,1,0],[10,4,1]]",18,342,15703,"[1,1,1,1,1,1,1,1,1,1,1,0,0,0,0,0,0,0,0,0,0,0,0,0,0,0,0,0,0,0,0,0,0,0,0,0,0,0,0,0,0]",2047,11,11,0
cklr_m11_s97_6af0c1291a55b650,6af0c1291a55b650,11,41,97,6980529736778591372,0.05,1,18,"[[0,0,2],[0,1,2],[0,9,2],[2,5,2],[3,4,0],[4,5,2],[4,7,0],[4,7,1],[5,7,0],[6,1,0],[6,3,1],[6,4,1],[7,7,2],[8,1,1],[8,3,2],[8,4,0],[8,5,2],[8,9,2],[9,3,1]]",19,341,15662,"[1,1,1,1,1,1,1,1,1,1,1,0,0,0,0,0,0,0,0,0,0,0,0,0,0,0,0,0,0,0,0,0,0,0,0,0,0,0,0,0,0]",2047,11,11,0
cklr_m11_s98_7cae5e5d252f9965,7cae5e5d252f9965,11,41,98,5244091061020656235,0.05,1,19,"[[0,3,1],[0,6,0],[1,2,0],[1,7,2],[2,6,2],[2,9,0],[4,4,2],[4,6,1],[5,5,1],[7,4,2],[7,7,2],[7,8,2],[8,7,1],[9,5,1],[9,6,0],[10,6,0],[10,9,1]]",17,343,15744,"[1,1,1,1,1,1,1,1,1,1,1,0,0,0,0,0,0,0,0,0,0,0,0,0,0,0,0,0,0,0,0,0,0,0,0,0,0,0,0,0,0]",2047,11,11,0
cklr_m11_s99_3bdaa04137505783,3bdaa04137505783,11,41,99,7386821935999091445,0.05,1,20,"[[0,7,1],[0,8,1],[0,9,0],[1,0,2],[2,7,2],[3,1,0],[3,3,2],[4,2,1],[5,7,2],[6,0,0],[7,6,2],[8,0,2],[8,1,2],[8,5,0],[10,4,0]]",15,345,15826,"[1,1,1,1,1,1,1,1,1,1,1,0,0,0,0,0,0,0,0,0,0,0,0,0,0,0,0,0,0,0,0,0,0,0,0,0,0,0,0,0,0]",2047,11,11,0
cklr_m11_s100_5c0ca591a7fdfb90,5c0ca591a7fdfb90,11,41,100,3802994162993273099,0.05,1,21,"[[0,6,1],[0,8,0],[1,5,2],[2,3,0],[2,5,2],[3,0,0],[3,0,2],[3,2,2],[3,5,1],[4,6,1],[5,1,0],[5,7,1],[6,5,2],[6,8,0],[7,2,1],[7,4,1],[7,5,2],[7,6,1],[7,9,0],[8,4,0],[10,0,0],[10,1,2],[10,4,0]]",23,337,15498,"[1,1,1,1,1,1,1,1,1,1,1,0,0,0,0,0,0,0,0,0,0,0,0,0,0,0,0,0,0,0,0,0,0,0,0,0,0,0,0,0,0]",2047,11,11,0
cklr_m11_s101_55147b2da50acabe,55147b2da50acabe,11,41,101,4984896135233234927,0.05,1,22,"[[0,2,0],[2,5,1],[3,1,2],[3,6,0],[4,8,1],[5,3,1],[5,7,1],[6,1,1],[6,9,0],[7,4,0],[7,8,1],[8,3,0],[10,3,0],[10,5,2],[10,6,2],[10,9,2]]",16,344,15785,"[1,1,1,1,1,1,1,1,1,1,1,0,0,0,0,0,0,0,0,0,0,0,0,0,0,0,0,0,0,0,0,0,0,0,0,0,0,0,0,0,0]",2047,11,11,0
cklr_m11_s102_55ed4aa3cae31595,55ed4aa3cae31595,11,41,102,5738989351056429150,0.05,1,23,"[[0,3,0],[0,5,2],[2,8,1],[3,0,1],[4,8,2],[5,1,2],[9,3,1],[9,4,0],[9,8,1],[10,4,1],[10,5,0]]",11,349,15990,"[1,1,1,1,1,1,1,1,1,1,1,0,0,0,0,0,0,0,0,0,0,0,0,0,0,0,0,0,0,0,0,0,0,0,0,0,0,0,0,0,0]",2047,11,11,0
cklr_m11_s103_04e9ab8e97a72950,04e9ab8e97a72950,11,41,103,1147120564821862833,0.05,1,24,"[[0,1,2],[0,3,1],[0,7,0],[1,4,2],[1,7,2],[3,5,0],[3,5,1],[3,6,0],[4,9,1],[5,2,0],[5,3,0],[6,5,0],[6,5,2],[7,6,1],[8,6,0],[8,6,1],[8,7,2],[8,8,0],[9,4,1],[9,8,2]]",20,340,15621,"[1,1,1,1,1,1,1,1,1,1,1,0,0,0,0,0,0,0,0,0,0,0,0,0,0,0,0,0,0,0,0,0,0,0,0,0,0,0,0,0,0]",2047,11,11,0
cklr_m11_s104_a1349b52d0df9969,a1349b52d0df9969,11,41,104,8331001976981396543,0.05,1,25,"[[0,1,1],[0,7,1],[1,1,0],[2,0,0],[2,4,2],[3,3,2],[4,6,1],[5,1,1],[5,1,2],[6,4,1],[7,2,0],[7,9,1],[8,1,2],[8,8,0],[10,2,0],[10,2,2],[10,3,2],[10,8,1]]",18,342,15703,"[1,1,1,1,1,1,1,1,1,1,1,0,0,0,0,0,0,0,0,0,0,0,0,0,0,0,0,0,0,0,0,0,0,0,0,0,0,0,0,0,0]",2047,11,11,0
cklr_m11_s105_740a1c05b66b88b2,740a1c05b66b88b2,11,41,105,248971314854543991,0.05,1,26,"[[0,0,1],[1,5,0],[2,5,1],[4,0,0],[4,3,1],[4,4,1],[5,4,2],[6,4,1],[7,9,1],[10,5,1],[10,9,1]]",11,349,15990,"[1,1,1,1,1,1,1,1,1,1,1,0,0,0,0,0,0,0,0,0,0,0,0,0,0,0,0,0,0,0,0,0,0,0,0,0,0,0,0,0,0]",2047,11,11,0
cklr_m11_s106_a03605d81b31f456,a03605d81b31f456,11,41,106,3699969443668225969,0.05,1,27,"[[0,4,2],[3,0,0],[3,3,1],[5,1,0],[5,8,1],[7,0,0],[7,0,1],[7,6,1],[8,5,1],[9,3,2],[10,3,1],[10,4,2]]",12,348,15949,"[1,1,1,1,1,1,1,1,1,1,1,0,0,0,0,0,0,0,0,0,0,0,0,0,0,0,0,0,0,0,0,0,0,0,0,0,0,0,0,0,0]",2047,11,11,0
cklr_m11_s107_95f086ead877fc2f,95f086ead877fc2f,11,41,107,3241058218129825493,0.05,1,28,"[[0,5,2],[1,1,0],[2,0,0],[2,2,2],[2,5,0],[2,7,1],[3,1,0],[3,1,2],[3,4,0],[3,6,2],[4,9,0],[5,2,0],[5,8,2],[6,7,2],[9,3,2],[10,6,1]]",16,344,15785,"[1,1,1,1,1,1,1,1,1,1,1,0,0,0,0,0,0,0,0,0,0,0,0,0,0,0,0,0,0,0,0,0,0,0,0,0,0,0,0,0,0]",2047,11,11,0
cklr_m11_s108_17f6edebc34d0ef3,17f6edebc34d0ef3,11,41,108,2387116983692171704,0.05,1,29,"[[0,1,1],[2,4,0],[4,6,0],[5,9,2],[6,4,1],[6,5,2],[7,2,2],[7,5,2],[7,8,1],[7,9,0],[8,4,1],[9,2,0],[10,2,1]]",13,347,15908,"[1,1,1,1,1,1,1,1,1,1,1,0,0,0,0,0,0,0,0,0,0,0,0,0,0,0,0,0,0,0,0,0,0,0,0,0,0,0,0,0,0]",2047,11,11,0
cklr_m11_s109_83ca283495919d5e,83ca283495919d5e,11,41,109,2689714879781163671,0.05,1,30,"[[0,3,2],[2,4,0],[2,4,2],[3,5,1],[3,9,0],[4,0,2],[4,8,0],[5,5,0],[5,7,1],[5,8,1],[6,1,1],[6,4,1],[8,3,2],[8,6,2],[8,9,2],[10,2,1]]",16,344,15785,"[1,1,1,1,1,1,1,1,1,1,1,0,0,0,0,0,0,0,0,0,0,0,0,0,0,0,0,0,0,0,0,0,0,0,0,0,0,0,0,0,0]",2047,11,11,0
cklr_m11_s110_96db601775236a00,96db601775236a00,11,41,110,4851156870575174746,0.07,2,1,"[[0,7,1],[1,4,1],[2,0,2],[2,2,1],[4,1,0],[4,4,0],[4,6,2],[4,7,2],[5,3,2],[6,3,2],[6,4,2],[7,0,1],[7,0,2],[7,7,1],[8,5,1],[8,9,2],[9,1,0],[9,2,2],[9,3,1],[9,3,2],[9,4,2],[9,8,2],[10,0,0],[10,6,2],[10,7,2]]",25,335,15416,"[1,1,1,1,1,1,1,1,1,1,1,0,0,0,0,0,0,0,0,0,0,0,0,0,0,0,0,0,0,0,0,0,0,0,0,0,0,0,0,0,0]",2047,11,11,0
cklr_m11_s111_f183314ca0a67a30,f183314ca0a67a30,11,41,111,4269528992638588545,0.07,2,2,"[[1,2,0],[2,2,2],[2,6,0],[2,8,0],[3,1,2],[3,2,1],[4,4,2],[5,3,1],[5,8,1],[7,8,0],[7,9,1],[8,0,2],[9,3,2],[10,2,2],[10,9,1]]",15,345,15826,"[1,1,1,1,1,1,1,1,1,1,1,0,0,0,0,0,0,0,0,0,0,0,0,0,0,0,0,0,0,0,0,0,0,0,0,0,0,0,0,0,0]",2047,11,11,0
cklr_m11_s112_a358f5704a19b4c9,a358f5704a19b4c9,11,41,112,3449803196323315291,0.07,2,3,"[[0,0,0],[0,9,1],[1,0,0],[1,5,1],[1,6,0],[1,7,2],[1,8,2],[2,2,0],[2,4,2],[2,7,2],[2,9,1],[3,2,1],[3,5,0],[3,6,0],[5,4,2],[7,5,1],[7,9,1],[8,0,2],[8,1,1],[8,8,1],[9,7,1]]",21,339,15580,"[1,1,1,1,1,1,1,1,1,1,1,0,0,0,0,0,0,0,0,0,0,0,0,0,0,0,0,0,0,0,0,0,0,0,0,0,0,0,0,0,0]",2047,11,11,0
cklr_m11_s113_9a10dd9611b7da97,9a10dd9611b7da97,11,41,113,2365841170082434055,0.07,2,4,"[[0,1,1],[0,2,0],[0,5,1],[0,8,0],[1,9,0],[2,3,0],[2,9,1],[3,8,2],[4,1,2],[4,3,0],[4,3,1],[5,9,0],[7,0,1],[7,8,0],[8,4,2],[8,5,1],[8,7,2],[8,9,1],[9,6,2],[9,7,2],[9,9,0],[10,2,2],[10,8,0],[10,9,0]]",24,336,15457,"[1,1,1,1,1,1,1,1,1,1,1,0,0,0,0,0,0,0,0,0,0,0,0,0,0,0,0,0,0,0,0,0,0,0,0,0,0,0,0,0,0]",2047,11,11,0
cklr_m11_s114_b45a5a5fd8429249,b45a5a5fd8429249,11,41,114,5247075608871460685,0.07,2,5,"[[0,0,0],[0,8,2],[1,0,2],[1,8,1],[2,0,2],[4,1,0],[4,4,2],[5,7,2],[5,8,0],[6,1,1],[6,5,0],[6,6,2],[6,7,2],[7,4,0],[7,7,1],[8,5,2],[9,5,0],[9,6,0]]",18,342,15703,"[1,1,1,1,1,1,1,1,1,1,1,0,0,0,0,0,0,0,0,0,0,0,0,0,0,0,0,0,0,0,0,0,0,0,0,0,0,0,0,0,0]",2047,11,11,0
cklr_m11_s115_daea454bfec54a9b,daea454bfec54a9b,11,41,115,8327665701587427160,0.07,2,6,"[[0,0,1],[0,4,2],[1,3,1],[2,9,2],[3,2,1],[3,9,0],[4,0,2],[4,2,1],[4,4,0],[5,2,1],[5,4,2],[5,6,2],[5,9,1],[5,9,2],[6,0,1],[6,1,0],[6,3,0],[6,4,1],[6,8,1],[7,4,0],[7,6,1],[8,1,2],[8,3,2],[8,7,2],[8,8,0],[8,8,1],[9,2,1],[9,8,1],[9,9,2]]",29,331,15252,"[1,1,1,1,1,1,1,1,1,1,1,0,0,0,0,0,0,0,0,0,0,0,0,0,0,0,0,0,0,0,0,0,0,0,0,0,0,0,0,0,0]",2047,11,11,0
cklr_m11_s116_a741f0a1da87772e,a741f0a1da87772e,11,41,116,3620984190493990549,0.07,2,7,"[[0,1,1],[0,1,2],[1,8,1],[1,9,0],[2,0,1],[2,1,0],[2,2,1],[2,5,0],[2,8,0],[3,0,1],[3,1,1],[3,3,1],[3,6,1],[3,8,0],[5,0,1],[6,1,2],[6,5,0],[7,1,1],[7,4,1],[8,3,2],[8,4,0],[8,9,1],[9,4,2],[10,0,0],[10,2,2],[10,3,0],[10,4,2],[10,8,1],[10,8,2]]",29,331,15252,"[1,1,1,1,1,1,1,1,1,1,1,0,0,0,0,0,0,0,0,0,0,0,0,0,0,0,0,0,0,0,0,0,0,0,0,0,0,0,0,0,0]",2047,11,11,0
cklr_m11_s117_918a715ad515e997,918a715ad515e997,11,41,117,2637832792148717188,0.07,2,8,"[[0,6,2],[1,6,2],[2,1,0],[2,3,0],[2,8,2],[3,9,1],[4,4,0],[4,7,0],[5,2,1],[5,8,2],[6,0,1],[6,1,1],[6,5,0],[6,9,2],[7,0,1],[7,1,1],[7,2,1],[8,7,0],[9,1,0],[10,1,2],[10,3,1]]",21,339,15580,"[1,1,1,1,1,1,1,1,1,1,1,0,0,0,0,0,0,0,0,0,0,0,0,0,0,0,0,0,0,0,0,0,0,0,0,0,0,0,0,0,0]",2047,11,11,0
cklr_m11_s118_225849df42ad9fd8,225849df42ad9fd8,11,41,118,3138700362564288902,0.07,2,9,"[[0,5,2],[0,9,2],[1,1,1],[1,1,2],[1,3,0],[1,9,0],[2,2,2],[2,3,1],[2,3,2],[2,4,1],[2,8,1],[3,8,2],[4,5,1],[5,4,1],[7,4,2],[7,5,2],[7,6,0],[8,7,1],[9,3,2],[10,7,0]]",20,340,15621,"[1,1,1,1,1,1,1,1,1,1,1,0,0,0,0,0,0,0,0,0,0,0,0,0,0,0,0,0,0,0,0,0,0,0,0,0,0,0,0,0,0]",2047,11,11,0
cklr_m11_s119_928fa7ce6e16af5d,928fa7ce6e16af5d,11,41,119,761197292110755402,0.07,2,10,"[[0,4,0],[1,0,0],[1,2,2],[1,3,2],[1,6,2],[2,5,1],[2,7,1],[3,3,1],[3,4,0],[3,9,0],[4,0,0],[4,2,1],[4,5,0],[5,1,1],[5,8,0],[5,9,0],[6,4,2],[6,5,0],[8,1,1],[9,7,0],[9,7,1],[9,7,2]]",22,338,15539,"[1,1,1,1,1,1,1,1,1,1,1,0,0,0,0,0,0,0,0,0,0,0,0,0,0,0,0,0,0,0,0,0,0,0,0,0,0,0,0,0,0]",2047,11,11,0
cklr_m11_s120_dc2cfa7915dfa2e9,dc2cfa7915dfa2e9,11,41,120,760531741212071335,0.07,2,11,"[[0,0,0],[0,6,2],[1,0,1],[1,4,0],[1,4,2],[1,5,1],[2,0,1],[2,3,0],[2,6,2],[3,0,1],[3,2,2],[3,6,2],[4,0,0],[4,5,2],[4,7,0],[5,0,0],[5,1,0],[7,1,2],[8,8,1],[9,5,2],[9,7,0],[10,1,1]]",22,338,15539,"[1,1,1,1,1,1,1,1,1,1,1,0,0,0,0,0,0,0,0,0,0,0,0,0,0,0,0,0,0,0,0,0,0,0,0,0,0,0,0,0,0]",2047,11,11,0
cklr_m11_s121_be85309b526fa280,be85309b526fa280,11,41,121,4394620852346796832,0.07,2,12,"[[0,2,2],[0,3,1],[1,0,1],[1,1,2],[1,4,0],[2,1,2],[4,9,1],[5,1,1],[5,3,0],[5,4,1],[5,6,1],[5,9,0],[6,3,0],[6,5,2],[7,3,1],[7,8,0],[8,3,1],[8,8,1],[9,4,0],[9,8,2],[10,1,0]]",21,339,15580,"[1,1,1,1,1,1,1,1,1,1,1,0,0,0,0,0,0,0,0,0,0,0,0,0,0,0,0,0,0,0,0,0,0,0,0,0,0,0,0,0,0]",2047,11,11,0
cklr_m11_s122_0f20a1d54edeb89e,0f20a1d54edeb89e,11,41,122,6776119475998919115,0.07,2,13,"[[0,2,2],[0,3,1],[0,9,1],[1,6,0],[1,9,1],[2,3,2],[2,5,0],[2,7,1],[2,8,2],[3,0,2],[3,3,0],[3,8,0],[4,3,1],[4,6,0],[5,1,1],[6,5,2],[6,7,2],[7,3,1],[7,9,0],[8,0,2],[8,1,0],[8,2,1],[8,5,2],[8,6,0],[8,9,2],[9,0,0],[9,2,2],[9,5,0],[9,8,2],[10,1,0],[10,5,2],[10,8,2]]",32,328,15129,"[1,1,1,1,1,1,1,1,1,1,1,0,0,0,0,0,0,0,0,0,0,0,0,0,0,0,0,0,0,0,0,0,0,0,0,0,0,0,0,0,0]",2047,11,11,0
cklr_m11_s123_93a5144f69730a5d,93a5144f69730a5d,11,41,123,2808280731676113200,0.07,2,14,"[[0,1,2],[0,4,0],[0,4,1],[0,8,0],[0,9,2],[1,0,2],[1,1,1],[1,5,2],[2,5,2],[2,6,0],[2,7,0],[3,7,0],[4,9,0],[5,0,0],[5,0,2],[5,1,1],[5,2,0],[5,4,2],[6,0,0],[8,6,1],[8,8,2],[9,0,0],[9,7,2],[10,9,1]]",24,336,15457,"[1,1,1,1,1,1,1,1,1,1,1,0,0,0,0,0,0,0,0,0,0,0,0,0,0,0,0,0,0,0,0,0,0,0,0,0,0,0,0,0,0]",2047,11,11,0
cklr_m11_s124_cbe3354809c9fb3f,cbe3354809c9fb3f,11,41,124,5594957366074128864,0.07,2,15,"[[1,1,1],[2,0,1],[2,4,1],[2,5,2],[2,6,0],[2,6,2],[2,7,0],[2,9,0],[3,0,2],[3,2,0],[4,1,0],[4,4,0],[4,8,0],[5,0,1],[5,2,1],[5,3,1],[5,8,1],[6,3,2],[6,7,1],[7,1,1],[7,3,1],[7,6,1],[8,3,1],[9,3,1],[9,7,2],[10,8,1]]",26,334,15375,"[1,1,1,1,1,1,1,1,1,1,1,0,0,0,0,0,0,0,0,0,0,0,0,0,0,0,0,0,0,0,0,0,0,0,0,0,0,0,0,0,0]",2047,11,11,0
cklr_m11_s125_b3896011e639e587,b3896011e639e587,11,41,125,5332367176297456264,0.07,2,16,"[[0,5,2],[1,7,2],[2,4,1],[2,7,0],[3,1,1],[3,6,1],[5,3,2],[5,4,1],[5,6,0],[5,6,2],[5,8,0],[5,8,2],[6,2,1],[6,3,1],[6,8,2],[7,2,0],[7,2,1],[7,2,2],[8,2,2],[8,7,1],[9,4,2],[9,6,2],[10,7,2]]",23,337,15498,"[1,1,1,1,1,1,1,1,1,1,1,0,0,0,0,0,0,0,0,0,0,0,0,0,0,0,0,0,0,0,0,0,0,0,0,0,0,0,0,0,0]",2047,11,11,0
cklr_m11_s126_45dbd2ac1b77b42a,45dbd2ac1b77b42a,11,41,126,6802510811105966946,0.07,2,17,"[[0,1,0],[0,4,2],[1,1,1],[2,6,1],[3,7,1],[3,8,0],[4,3,0],[4,6,1],[5,5,0],[5,9,0],[6,9,2],[7,0,0],[7,7,2],[7,8,2],[8,3,1],[8,3,2],[8,4,0],[9,5,0],[10,0,1],[10,1,0],[10,3,2],[10,4,2],[10,6,1]]",23,337,15498,"[1,1,1,1,1,1,1,1,1,1,1,0,0,0,0,0,0,0,0,0,0,0,0,0,0,0,0,0,0,0,0,0,0,0,0,0,0,0,0,0,0]",2047,11,11,0
cklr_m11_s127_9c0606af45e46904,9c0606af45e46904,11,41,127,7552507435008259564,0.07,2,18,"[[0,4,0],[0,4,1],[2,0,2],[2,4,0],[2,5,1],[2,9,1],[2,9,2],[3,0,0],[3,0,2],[3,3,0],[3,4,0],[5,1,2],[6,7,0],[7,0,2],[7,1,2],[7,2,0],[7,8,2],[8,5,0],[9,7,0],[9,9,2],[10,7,1]]",21,339,15580,"[1,1,1,1,1,1,1,1,1,1,1,0,0,0,0,0,0,0,0,0,0,0,0,0,0,0,0,0,0,0,0,0,0,0,0,0,0,0,0,0,0]",2047,11,11,0
cklr_m11_s128_388c4f0b7dddcb45,388c4f0b7dddcb45,11,41,128,7023842445345368514,0.07,2,19,"[[0,3,1],[0,4,2],[0,5,2],[1,2,0],[1,4,0],[1,4,2],[1,5,1],[1,9,2],[2,2,0],[2,3,0],[2,4,1],[2,5,2],[3,5,2],[3,7,0],[4,3,2],[4,6,0],[5,5,0],[7,2,0],[7,6,1],[8,1,0],[8,3,0],[8,9,0],[9,0,1],[9,1,1],[9,2,1],[10,1,2],[10,3,2]]",27,333,15334,"[1,1,1,1,1,1,1,1,1,1,1,0,0,0,0,0,0,0,0,0,0,0,0,0,0,0,0,0,0,0,0,0,0,0,0,0,0,0,0,0,0]",2047,11,11,0
cklr_m11_s129_90c694272204e844,90c694272204e844,11,41,129,8608789235978687764,0.07,2,20,"[[0,1,2],[0,5,0],[2,3,1],[3,1,2],[4,9,1],[5,0,2],[5,1,1],[5,1,2],[5,2,0],[6,1,0],[6,5,0],[6,8,0],[6,9,0],[6,9,2],[7,1,1],[7,7,0],[8,2,2],[9,0,2],[10,0,2],[10,1,0],[10,6,1],[10,9,0]]",22,338,15539,"[1,1,1,1,1,1,1,1,1,1,1,0,0,0,0,0,0,0,0,0,0,0,0,0,0,0,0,0,0,0,0,0,0,0,0,0,0,0,0,0,0]",2047,11,11,0
cklr_m11_s130_cc98da79086a5ef4,cc98da79086a5ef4,11,41,130,5625261747477241580,0.07,2,21,"[[0,3,2],[0,6,2],[1,2,0],[1,3,1],[1,3,2],[1,6,0],[1,8,1],[2,0,2],[2,5,0],[3,1,1],[3,2,2],[4,5,0],[4,8,1],[4,9,0],[4,9,1],[5,0,1],[5,4,1],[5,6,0],[6,1,0],[7,1,0],[7,4,2],[8,5,1],[8,6,0],[9,5,2],[9,8,2],[10,6,2]]",26,334,15375,"[1,1,1,1,1,1,1,1,1,1,1,0,0,0,0,0,0,0,0,0,0,0,0,0,0,0,0,0,0,0,0,0,0,0,0,0,0,0,0,0,0]",2047,11,11,0
cklr_m11_s131_9f38680b78d95925,9f38680b78d95925,11,41,131,5119539418444637257,0.07,2,22,"[[0,5,1],[0,8,0],[0,9,2],[1,0,2],[2,2,0],[2,5,1],[3,1,2],[3,6,1],[4,1,0],[5,0,1],[5,7,2],[6,3,0],[7,1,0],[7,6,1],[8,1,2],[8,6,0],[8,8,2],[10,1,0]]",18,342,15703,"[1,1,1,1,1,1,1,1,1,1,1,0,0,0,0,0,0,0,0,0,0,0,0,0,0,0,0,0,0,0,0,0,0,0,0,0,0,0,0,0,0]",2047,11,11,0
cklr_m11_s132_fbc4174a852c1fc9,fbc4174a852c1fc9,11,41,132,4658855058854016307,0.07,2,23,"[[0,1,1],[0,5,2],[0,6,2],[2,0,0],[2,0,1],[2,4,1],[2,7,1],[2,9,1],[3,0,1],[3,2,2],[3,3,1],[3,5,2],[5,7,2],[6,0,2],[8,0,0],[8,7,2],[8,9,2],[9,8,2],[10,2,1],[10,5,0],[10,5,1]]",21,339,15580,"[1,1,1,1,1,1,1,1,1,1,1,0,0,0,0,0,0,0,0,0,0,0,0,0,0,0,0,0,0,0,0,0,0,0,0,0,0,0,0,0,0]",2047,11,11,0
cklr_m11_s133_c72a3047ba86fea9,c72a3047ba86fea9,11,41,133,8559876875605749199,0.07,2,24,"[[0,6,0],[1,1,1],[1,8,0],[2,1,2],[2,2,0],[2,6,0],[3,7,2],[3,8,2],[3,9,0],[4,2,1],[4,6,1],[4,9,0],[5,3,2],[7,3,0],[7,4,1],[8,2,0],[9,0,1],[9,4,2],[9,6,0],[9,8,2],[10,4,2],[10,9,1]]",22,338,15539,"[1,1,1,1,1,1,1,1,1,1,1,0,0,0,0,0,0,0,0,0,0,0,0,0,0,0,0,0,0,0,0,0,0,0,0,0,0,0,0,0,0]",2047,11,11,0
cklr_m11_s134_a9bd2b4cf8ab073a,a9bd2b4cf8ab073a,11,41,134,7594114851902307384,0.07,2,25,"[[0,7,2],[0,9,0],[1,7,0],[2,2,0],[2,9,1],[3,7,0],[4,2,0],[4,5,2],[5,3,1],[5,5,1],[6,0,2],[6,6,1],[7,0,2],[8,0,1],[8,8,0],[9,2,0],[9,2,2],[9,8,2],[9,9,0],[9,9,2],[10,0,1],[10,4,2]]",22,338,15539,"[1,1,1,1,1,1,1,1,1,1,1,0,0,0,0,0,0,0,0,0,0,0,0,0,0,0,0,0,0,0,0,0,0,0,0,0,0,0,0,0,0]",2047,11,11,0
cklr_m11_s135_c780479a6f78d9ad,c780479a6f78d9ad,11,41,135,3985448318681724812,0.07,2,26,"[[0,5,0],[1,8,0],[2,2,2],[3,2,0],[4,3,0],[4,4,0],[4,8,1],[5,3,1],[6,1,0],[6,2,1],[6,5,2],[6,8,1],[7,1,2],[7,7,2],[7,8,1],[8,4,0],[9,4,1],[10,0,2],[10,2,1],[10,4,2]]",20,340,15621,"[1,1,1,1,1,1,1,1,1,1,1,0,0,0,0,0,0,0,0,0,0,0,0,0,0,0,0,0,0,0,0,0,0,0,0,0,0,0,0,0,0]",2047,11,11,0
cklr_m11_s136_650c4e71b7859487,650c4e71b7859487,11,41,136,1937279776705305976,0.07,2,27,"[[0,0,0],[1,4,1],[1,8,1],[2,1,2],[2,8,0],[3,8,0],[3,9,0],[4,2,2],[5,6,1],[6,2,2],[6,4,2],[7,8,1],[9,2,0],[9,3,0],[9,5,2],[9,7,0],[9,7,1],[9,7,2],[9,8,0],[10,5,1]]",20,340,15621,"[1,1,1,1,1,1,1,1,1,1,1,0,0,0,0,0,0,0,0,0,0,0,0,0,0,0,0,0,0,0,0,0,0,0,0,0,0,0,0,0,0]",2047,11,11,0
cklr_m11_s137_f736a07cf6474c2a,f736a07cf6474c2a,11,41,137,5476057711786791068,0.07,2,28,"[[1,6,0],[2,2,0],[2,5,1],[2,9,0],[2,9,2],[3,2,1],[5,7,2],[5,9,1],[6,1,2],[6,6,2],[7,2,1],[7,4,0],[7,9,0],[8,5,1],[8,7,0],[8,8,2],[9,5,2],[10,8,1]]",18,342,15703,"[1,1,1,1,1,1,1,1,1,1,1,0,0,0,0,0,0,0,0,0,0,0,0,0,0,0,0,0,0,0,0,0,0,0,0,0,0,0,0,0,0]",2047,11,11,0
cklr_m11_s138_589443cb747dc4ff,589443cb747dc4ff,11,41,138,6378389969081605421,0.07,2,29,"[[0,0,1],[0,8,0],[1,6,2],[2,0,0],[2,1,0],[2,5,0],[2,6,1],[4,2,0],[4,4,0],[4,4,1],[4,5,1],[4,7,1],[5,1,0],[5,7,0],[5,8,0],[6,0,2],[6,2,0],[7,6,2],[7,8,1],[8,3,1],[8,4,0],[8,7,0],[8,7,2],[9,1,0],[9,4,1],[9,5,0],[9,5,1],[9,8,2],[10,0,1],[10,3,2],[10,5,2],[10,9,0]]",32,328,15129,"[1,1,1,1,1,1,1,1,1,1,1,0,0,0,0,0,0,0,0,0,0,0,0,0,0,0,0,0,0,0,0,0,0,0,0,0,0,0,0,0,0]",2047,11,11,0
cklr_m11_s139_0b48ffd9e59e5d98,0b48ffd9e59e5d98,11,41,139,2701439118806781380,0.07,2,30,"[[0,0,0],[0,7,1],[0,8,2],[1,7,2],[2,3,0],[2,5,0],[2,5,1],[2,7,1],[2,8,0],[3,2,0],[3,2,1],[3,2,2],[3,3,2],[4,1,2],[5,1,0],[6,3,1],[6,7,0],[6,7,2],[8,0,1],[8,3,2],[9,1,0],[9,3,0],[9,4,1],[9,8,0],[10,0,1],[10,2,2]]",26,334,15375,"[1,1,1,1,1,1,1,1,1,1,1,0,0,0,0,0,0,0,0,0,0,0,0,0,0,0,0,0,0,0,0,0,0,0,0,0,0,0,0,0,0]",2047,11,11,0
cklr_m11_s140_9438d0a6a94c40a2,9438d0a6a94c40a2,11,41,140,508030172499348679,0.09,3,1,"[[0,0,0],[0,1,2],[0,4,2],[0,5,1],[0,7,2],[1,0,1],[1,3,0],[1,4,2],[1,6,2],[2,1,0],[2,5,1],[2,6,1],[2,7,0],[3,2,0],[4,6,2],[4,9,0],[5,4,2],[5,8,1],[6,1,1],[6,4,1],[6,5,1],[6,6,1],[6,6,2],[6,8,0],[7,1,1],[7,3,0],[7,4,0],[8,3,2],[8,4,2],[8,9,2],[9,0,1],[9,2,2],[9,3,1],[9,5,1],[9,5,2],[9,7,0],[10,0,1],[10,1,0],[10,4,0],[10,6,1],[10,7,1]]",41,319,14760,"[1,1,1,1,1,1,1,1,1,1,1,0,0,0,0,0,0,0,0,0,0,0,0,0,0,0,0,0,0,0,0,0,0,0,0,0,0,0,0,0,0]",2047,11,11,0
cklr_m11_s141_1bb5923f2e84d796,1bb5923f2e84d796,11,41,141,428477351572626185,0.09,3,2,"[[0,3,2],[1,1,2],[1,3,0],[1,3,2],[2,0,1],[2,1,1],[2,3,1],[2,6,2],[2,7,1],[2,8,2],[2,9,1],[3,0,0],[3,3,1],[3,5,2],[3,7,2],[3,9,0],[4,1,0],[4,2,0],[5,3,0],[5,6,1],[5,6,2],[5,8,1],[6,1,2],[6,3,0],[6,8,1],[8,0,1],[8,7,0],[9,2,0],[9,2,2],[9,5,2],[9,6,2]]",31,329,15170,"[1,1,1,1,1,1,1,1,1,1,1,0,0,0,0,0,0,0,0,0,0,0,0,0,0,0,0,0,0,0,0,0,0,0,0,0,0,0,0,0,0]",2047,11,11,0
cklr_m11_s142_cb112f44bef28159,cb112f44bef28159,11,41,142,8671284286302265148,0.09,3,3,"[[0,0,0],[0,4,2],[0,8,2],[1,3,2],[1,8,1],[2,7,1],[3,0,0],[3,0,1],[3,1,1],[3,5,1],[3,8,0],[3,8,1],[4,9,1],[4,9,2],[5,0,0],[5,2,1],[5,3,2],[6,0,0],[6,0,2],[7,1,0],[7,3,2],[7,4,2],[7,5,2],[7,8,0],[8,0,0],[8,2,0],[8,9,1],[9,0,1],[9,2,1],[10,2,0],[10,3,2],[10,8,2],[10,9,0]]",33,327,15088,"[1,1,1,1,1,1,1,1,1,1,1,0,0,0,0,0,0,0,0,0,0,0,0,0,0,0,0,0,0,0,0,0,0,0,0,0,0,0,0,0,0]",2047,11,11,0
cklr_m11_s143_2bde78d42febacf2,2bde78d42febacf2,11,41,143,4713088785174254588,0.09,3,4,"[[0,3,1],[2,0,1],[2,2,0],[2,4,0],[2,9,0],[3,1,0],[3,3,0],[3,7,2],[4,0,0],[4,1,0],[4,1,2],[5,2,0],[5,2,1],[5,3,0],[5,5,0],[5,5,2],[5,7,2],[5,9,0],[5,9,2],[6,3,2],[7,5,2],[7,8,0],[8,7,0],[8,8,0],[9,5,1],[9,8,0],[10,3,1],[10,4,2],[10,6,2]]",29,331,15252,"[1,1,1,1,1,1,1,1,1,1,1,0,0,0,0,0,0,0,0,0,0,0,0,0,0,0,0,0,0,0,0,0,0,0,0,0,0,0,0,0,0]",2047,11,11,0
cklr_m11_s144_3c5f1cfc9b4872ce,3c5f1cfc9b4872ce,11,41,144,1357747394219389705,0.09,3,5,"[[0,0,0],[0,1,0],[0,8,2],[1,1,2],[1,6,0],[1,8,0],[2,0,0],[2,1,0],[2,1,1],[2,2,1],[2,3,1],[2,3,2],[2,6,2],[3,8,2],[4,0,1],[4,9,1],[4,9,2],[5,0,0],[5,0,2],[5,6,0],[6,2,0],[6,2,1],[6,3,1],[6,8,0],[6,9,1],[7,3,2],[7,5,2],[7,6,1],[8,4,0],[8,8,1],[8,8,2],[8,9,1],[10,0,0]]",33,327,15088,"[1,1,1,1,1,1,1,1,1,1,1,0,0,0,0,0,0,0,0,0,0,0,0,0,0,0,0,0,0,0,0,0,0,0,0,0,0,0,0,0,0]",2047,11,11,0
cklr_m11_s145_1ee11ce547a65140,1ee11ce547a65140,11,41,145,9180162948928751859,0.09,3,6,"[[0,0,2],[0,3,0],[0,4,2],[0,6,2],[1,0,2],[1,1,2],[1,4,0],[1,5,1],[1,6,0],[1,6,1],[2,2,2],[2,6,0],[2,8,0],[2,9,0],[3,4,0],[3,4,1],[3,8,0],[3,9,2],[4,0,1],[4,2,1],[4,3,0],[4,6,0],[4,6,1],[4,7,1],[4,8,1],[5,2,2],[5,6,1],[5,6,2],[5,7,1],[6,7,1],[7,7,0],[8,2,2],[8,4,2],[8,5,2],[8,6,0],[9,2,2],[9,6,2],[10,1,0]]",38,322,14883,"[1,1,1,1,1,1,1,1,1,1,1,0,0,0,0,0,0,0,0,0,0,0,0,0,0,0,0,0,0,0,0,0,0,0,0,0,0,0,0,0,0]",2047,11,11,0
cklr_m11_s146_3e4f6e99164c54c0,3e4f6e99164c54c0,11,41,146,9059530809957815767,0.09,3,7,"[[1,3,1],[1,9,0],[2,2,0],[2,3,0],[3,3,1],[3,4,1],[3,6,2],[3,7,1],[4,7,0],[5,1,2],[5,2,1],[5,4,2],[7,2,0],[7,4,2],[7,8,1],[8,7,1],[8,8,2],[9,5,0],[10,4,1],[10,5,2],[10,6,0],[10,8,1]]",22,338,15539,"[1,1,1,1,1,1,1,1,1,1,1,0,0,0,0,0,0,0,0,0,0,0,0,0,0,0,0,0,0,0,0,0,0,0,0,0,0,0,0,0,0]",2047,11,11,0
cklr_m11_s147_52d36f246ff1e101,52d36f246ff1e101,11,41,147,5642128138515572937,0.09,3,8,"[[1,0,1],[1,0,2],[1,5,1],[1,5,2],[1,7,0],[1,8,0],[2,1,1],[2,2,1],[2,7,2],[3,6,0],[3,9,1],[4,3,0],[4,7,0],[5,2,1],[5,8,0],[5,9,0],[6,2,2],[6,8,1],[7,6,1],[7,6,2],[8,2,2],[8,8,1],[9,0,1],[9,5,1],[9,6,0]]",25,335,15416,"[1,1,1,1,1,1,1,1,1,1,1,0,0,0,0,0,0,0,0,0,0,0,0,0,0,0,0,0,0,0,0,0,0,0,0,0,0,0,0,0,0]",2047,11,11,0
cklr_m11_s148_e455882df81c25e6,e455882df81c25e6,11,41,148,7195781979288514732,0.09,3,9,"[[0,3,0],[0,3,1],[0,3,2],[1,4,1],[1,8,0],[2,1,2],[2,4,1],[2,6,2],[2,7,2],[3,2,0],[3,3,1],[3,4,1],[3,9,0],[4,0,0],[4,3,0],[4,4,0],[4,4,1],[4,9,0],[5,5,0],[5,7,0],[5,9,0],[6,1,0],[6,4,2],[6,8,1],[6,9,2],[7,9,0],[8,1,2],[8,7,2],[9,5,1],[9,9,2],[10,0,0],[10,8,0]]",32,328,15129,"[1,1,1,1,1,1,1,1,1,1,1,0,0,0,0,0,0,0,0,0,0,0,0,0,0,0,0,0,0,0,0,0,0,0,0,0,0,0,0,0,0]",2047,11,11,0
cklr_m11_s149_0600b9c2b63e189d,0600b9c2b63e189d,11,41,149,3500823737389564699,0.09,3,10,"[[1,1,2],[2,0,0],[2,1,0],[2,3,1],[2,4,2],[3,4,1],[3,9,0],[3,9,2],[4,7,0],[5,5,1],[6,3,2],[7,6,0],[8,0,1],[9,1,0],[9,7,0],[9,8,0],[10,0,1],[10,4,0],[10,6,0],[10,6,1]]",20,340,15621,"[1,1,1,1,1,1,1,1,1,1,1,0,0,0,0,0,0,0,0,0,0,0,0,0,0,0,0,0,0,0,0,0,0,0,0,0,0,0,0,0,0]",2047,11,11,0
cklr_m11_s150_0f8ed240f9cba4a6,0f8ed240f9cba4a6,11,41,150,4829989405562678701,0.09,3,11,"[[0,3,1],[0,8,1],[1,2,1],[1,3,1],[1,4,2],[1,5,2],[2,0,1],[2,1,2],[2,2,0],[2,5,2],[2,7,1],[3,0,1],[3,1,0],[3,1,2],[3,2,2],[3,4,2],[4,1,2],[4,4,1],[4,7,2],[5,3,1],[5,6,0],[6,2,2],[6,3,1],[8,3,1],[8,8,2],[9,2,0],[9,4,2],[9,8,1],[10,2,2],[10,5,2]]",30,330,15211,"[1,1,1,1,1,1,1,1,1,1,1,0,0,0,0,0,0,0,0,0,0,0,0,0,0,0,0,0,0,0,0,0,0,0,0,0,0,0,0,0,0]",2047,11,11,0
cklr_m11_s151_1b1088ef8558b3ea,1b1088ef8558b3ea,11,41,151,3042113975448927805,0.09,3,12,"[[0,1,1],[0,6,2],[1,3,2],[1,8,1],[2,3,1],[2,6,2],[2,7,2],[3,0,2],[4,4,1],[5,0,2],[5,2,1],[5,2,2],[5,3,2],[5,5,2],[5,8,2],[5,9,0],[6,2,2],[6,4,2],[6,6,0],[6,7,0],[6,7,1],[7,0,2],[7,3,2],[8,2,2],[8,3,1],[8,5,1],[8,7,0],[9,8,2],[9,9,0],[10,0,1],[10,0,2],[10,6,1]]",32,328,15129,"[1,1,1,1,1,1,1,1,1,1,1,0,0,0,0,0,0,0,0,0,0,0,0,0,0,0,0,0,0,0,0,0,0,0,0,0,0,0,0,0,0]",2047,11,11,0
cklr_m11_s152_fd0b3085b094e82f,fd0b3085b094e82f,11,41,152,5313631974521215141,0.09,3,13,"[[0,1,2],[3,0,2],[3,5,2],[3,6,2],[3,7,2],[4,4,1],[4,9,0],[5,4,1],[5,6,0],[6,7,0],[6,8,0],[7,1,0],[7,1,2],[7,4,2],[8,2,0],[8,2,1],[8,4,0],[8,9,0],[9,0,1],[9,5,1],[9,5,2],[9,8,1],[9,9,1],[10,1,2],[10,5,1],[10,6,1],[10,6,2]]",27,333,15334,"[1,1,1,1,1,1,1,1,1,1,1,0,0,0,0,0,0,0,0,0,0,0,0,0,0,0,0,0,0,0,0,0,0,0,0,0,0,0,0,0,0]",2047,11,11,0
cklr_m11_s153_046c2d5dc416b0a9,046c2d5dc416b0a9,11,41,153,59447434654495522,0.09,3,14,"[[0,0,0],[0,0,1],[0,1,1],[0,9,0],[1,7,1],[1,9,2],[2,1,0],[2,2,1],[2,5,0],[3,4,2],[3,8,2],[3,9,1],[4,0,0],[4,4,2],[4,7,0],[4,7,2],[4,9,0],[6,2,1],[6,6,2],[7,0,2],[7,8,1],[8,1,1],[8,2,2],[9,7,0],[9,7,2],[9,8,0],[10,0,0],[10,9,0]]",28,332,15293,"[1,1,1,1,1,1,1,1,1,1,1,0,0,0,0,0,0,0,0,0,0,0,0,0,0,0,0,0,0,0,0,0,0,0,0,0,0,0,0,0,0]",2047,11,11,0
cklr_m11_s154_b5145500d25109de,b5145500d25109de,11,41,154,3225907123547588412,0.09,3,15,"[[0,3,0],[0,7,0],[0,8,1],[1,4,2],[1,6,0],[1,7,0],[2,0,0],[2,4,2],[2,5,1],[2,5,2],[3,5,0],[3,9,1],[4,1,2],[4,7,2],[4,8,1],[4,8,2],[5,0,1],[5,3,2],[6,2,2],[7,4,2],[9,0,0],[9,3,0],[9,4,2],[9,9,0],[10,3,0],[10,3,1],[10,6,0]]",27,333,15334,"[1,1,1,1,1,1,1,1,1,1,1,0,0,0,0,0,0,0,0,0,0,0,0,0,0,0,0,0,0,0,0,0,0,0,0,0,0,0,0,0,0]",2047,11,11,0
cklr_m11_s155_f0b0cc4666aa88f2,f0b0cc4666aa88f2,11,41,155,4130261960794126581,0.09,3,16,"[[1,5,0],[1,7,1],[2,1,0],[2,2,1],[2,3,2],[2,7,2],[2,9,2],[3,9,1],[4,8,0],[5,2,2],[5,7,0],[6,6,0],[6,6,2],[6,9,0],[7,0,1],[7,2,1],[7,3,1],[7,8,0],[8,4,2],[8,7,0],[8,8,2],[9,6,1],[9,8,1],[9,8,2],[10,7,2],[10,8,1]]",26,334,15375,"[1,1,1,1,1,1,1,1,1,1,1,0,0,0,0,0,0,0,0,0,0,0,0,0,0,0,0,0,0,0,0,0,0,0,0,0,0,0,0,0,0]",2047,11,11,0
cklr_m11_s156_00f98ae1a8ff6d31,00f98ae1a8ff6d31,11,41,156,547641968690001779,0.09,3,17,"[[0,0,0],[0,2,2],[0,4,2],[0,9,0],[1,0,1],[1,4,1],[1,6,2],[1,8,2],[2,7,2],[2,9,1],[2,9,2],[3,3,1],[4,0,0],[5,0,2],[5,2,1],[5,2,2],[6,0,1],[6,1,2],[6,2,0],[6,2,1],[6,3,0],[6,4,0],[6,4,2],[6,8,0],[7,3,1],[7,3,2],[7,8,0],[7,9,2],[8,0,1],[8,5,1],[8,8,1],[9,7,1],[9,8,0],[10,0,0],[10,0,1]]",35,325,15006,"[1,1,1,1,1,1,1,1,1,1,1,0,0,0,0,0,0,0,0,0,0,0,0,0,0,0,0,0,0,0,0,0,0,0,0,0,0,0,0,0,0]",2047,11,11,0
cklr_m11_s157_a26bff314cef2b6d,a26bff314cef2b6d,11,41,157,3021640586183114026,0.09,3,18,"[[0,1,2],[0,3,0],[0,5,2],[0,7,2],[1,5,1],[1,5,2],[1,9,1],[2,0,0],[2,1,1],[2,1,2],[2,2,0],[3,3,1],[3,7,0],[4,3,0],[4,5,1],[5,7,0],[5,7,1],[5,9,1],[6,0,0],[6,1,0],[6,1,1],[6,6,2],[7,3,0],[7,5,0],[7,8,2],[8,2,2],[8,3,2],[8,7,0],[9,2,1],[9,4,1],[10,4,0],[10,6,1]]",32,328,15129,"[1,1,1,1,1,1,1,1,1,1,1,0,0,0,0,0,0,0,0,0,0,0,0,0,0,0,0,0,0,0,0,0,0,0,0,0,0,0,0,0,0]",2047,11,11,0
cklr_m11_s158_5aed973716762249,5aed973716762249,11,41,158,5788896827685133566,0.09,3,19,"[[0,8,2],[0,9,0],[1,0,0],[1,1,1],[1,2,1],[1,6,1],[1,9,0],[2,2,2],[2,9,1],[3,1,0],[3,1,1],[4,3,0],[4,3,1],[4,4,0],[4,7,1],[5,0,1],[5,4,0],[6,7,1],[6,9,0],[7,0,1],[7,1,0],[7,7,0],[8,7,2],[8,8,0],[8,9,0],[8,9,2],[9,0,0],[9,6,0],[10,5,2],[10,6,1]]",30,330,15211,"[1,1,1,1,1,1,1,1,1,1,1,0,0,0,0,0,0,0,0,0,0,0,0,0,0,0,0,0,0,0,0,0,0,0,0,0,0,0,0,0,0]",2047,11,11,0
cklr_m11_s159_64721d1e51807ac3,64721d1e51807ac3,11,41,159,9108486296888334200,0.09,3,20,"[[0,2,2],[0,9,2],[1,8,2],[2,1,1],[2,2,2],[2,5,1],[2,6,1],[2,7,0],[3,1,1],[3,4,2],[3,5,2],[3,8,2],[4,1,1],[4,3,1],[4,7,2],[5,0,0],[5,7,2],[5,8,1],[6,0,0],[6,4,2],[6,7,1],[6,9,1],[7,0,0],[7,9,0],[8,1,2],[8,4,2],[8,6,2],[8,9,1],[9,5,1],[10,5,2],[10,6,2]]",31,329,15170,"[1,1,1,1,1,1,1,1,1,1,1,0,0,0,0,0,0,0,0,0,0,0,0,0,0,0,0,0,0,0,0,0,0,0,0,0,0,0,0,0,0]",2047,11,11,0
cklr_m11_s160_0378ffe66dbc6292,0378ffe66dbc6292,11,41,160,9091784266927311853,0.09,3,21,"[[0,4,1],[1,8,2],[1,9,2],[2,0,2],[2,2,1],[2,2,2],[2,4,1],[2,7,2],[3,4,1],[4,4,2],[4,6,0],[4,7,0],[4,9,0],[4,9,2],[5,0,1],[5,1,0],[5,1,2],[5,3,2],[5,4,2],[5,5,1],[5,9,1],[6,0,0],[6,8,1],[6,9,0],[7,0,0],[8,2,1],[8,2,2],[8,3,2],[8,5,1],[8,7,0],[8,9,0],[8,9,2],[9,4,1],[9,5,2],[9,9,2],[10,2,1],[10,4,1],[10,8,0],[10,8,2]]",39,321,14842,"[1,1,1,1,1,1,1,1,1,1,1,0,0,0,0,0,0,0,0,0,0,0,0,0,0,0,0,0,0,0,0,0,0,0,0,0,0,0,0,0,0]",2047,11,11,0
cklr_m11_s161_d3acd418a77cccfb,d3acd418a77cccfb,11,41,161,2276204782022312255,0.09,3,22,"[[0,4,2],[0,5,0],[1,0,0],[1,1,2],[1,7,0],[2,1,0],[3,6,1],[3,8,0],[3,9,0],[3,9,2],[4,1,2],[4,4,0],[4,4,1],[4,5,2],[5,3,2],[5,8,2],[6,0,2],[6,1,1],[6,6,2],[6,9,1],[7,1,1],[7,1,2],[7,4,1],[7,6,0],[8,4,1],[9,3,1],[9,6,1],[9,6,2],[9,7,2],[9,9,2],[10,3,1],[10,7,2],[10,9,0],[10,9,2]]",34,326,15047,"[1,1,1,1,1,1,1,1,1,1,1,0,0,0,0,0,0,0,0,0,0,0,0,0,0,0,0,0,0,0,0,0,0,0,0,0,0,0,0,0,0]",2047,11,11,0
cklr_m11_s162_7e264d5e7c5bce8d,7e264d5e7c5bce8d,11,41,162,5299360211862852868,0.09,3,23,"[[0,1,0],[0,8,0],[1,8,0],[1,8,2],[1,9,2],[2,2,2],[2,8,1],[3,2,0],[3,3,1],[3,5,0],[3,6,0],[3,6,1],[4,1,1],[4,2,1],[4,7,2],[4,9,1],[5,4,0],[5,7,0],[5,7,2],[6,2,2],[6,4,0],[7,2,1],[8,8,1],[8,9,2],[9,0,1],[9,4,1],[9,7,2],[10,3,1],[10,5,1],[10,8,0],[10,8,2]]",31,329,15170,"[1,1,1,1,1,1,1,1,1,1,1,0,0,0,0,0,0,0,0,0,0,0,0,0,0,0,0,0,0,0,0,0,0,0,0,0,0,0,0,0,0]",2047,11,11,0
cklr_m11_s163_9b1f718a68e8e382,9b1f718a68e8e382,11,41,163,7534401960684760382,0.09,3,24,"[[0,1,0],[0,7,2],[1,1,0],[1,5,2],[2,2,2],[2,5,2],[2,6,0],[3,1,0],[3,1,1],[3,2,1],[3,4,2],[3,6,0],[3,9,1],[4,1,1],[4,5,1],[5,8,0],[6,0,1],[6,8,1],[6,9,0],[8,3,2],[8,6,1],[9,7,1],[9,8,2],[10,6,2],[10,9,0]]",25,335,15416,"[1,1,1,1,1,1,1,1,1,1,1,0,0,0,0,0,0,0,0,0,0,0,0,0,0,0,0,0,0,0,0,0,0,0,0,0,0,0,0,0,0]",2047,11,11,0
cklr_m11_s164_887cc7d9c98ef5dc,887cc7d9c98ef5dc,11,41,164,6752357284366443321,0.09,3,25,"[[0,2,1],[0,7,0],[1,0,1],[1,4,1],[1,8,1],[2,0,0],[2,3,0],[2,5,0],[2,8,2],[3,1,1],[3,2,1],[3,3,2],[3,7,1],[4,1,1],[4,1,2],[4,3,1],[4,5,2],[4,7,2],[4,9,1],[5,3,0],[5,9,0],[6,2,2],[6,9,2],[7,1,1],[7,5,2],[7,7,2],[7,9,0],[7,9,2],[8,2,1],[8,2,2],[8,3,2],[8,5,2],[9,2,1],[9,3,0],[9,3,1],[9,7,1],[10,0,0],[10,5,0],[10,7,0],[10,7,1]]",40,320,14801,"[1,1,1,1,1,1,1,1,1,1,1,0,0,0,0,0,0,0,0,0,0,0,0,0,0,0,0,0,0,0,0,0,0,0,0,0,0,0,0,0,0]",2047,11,11,0
cklr_m11_s165_772c6737e7165181,772c6737e7165181,11,41,165,4566731398359508617,0.09,3,26,"[[0,1,1],[0,3,0],[0,3,1],[0,4,2],[0,5,1],[0,6,0],[0,9,1],[1,0,0],[1,1,1],[1,5,1],[1,6,0],[2,3,0],[2,8,2],[3,5,0],[3,8,1],[4,6,1],[5,0,1],[5,3,2],[5,4,0],[5,4,1],[5,8,0],[6,5,2],[7,2,2],[7,7,1],[8,5,1],[9,1,2],[9,4,1],[9,7,2],[9,9,1],[10,2,1],[10,4,0],[10,7,0]]",32,328,15129,"[1,1,1,1,1,1,1,1,1,1,1,0,0,0,0,0,0,0,0,0,0,0,0,0,0,0,0,0,0,0,0,0,0,0,0,0,0,0,0,0,0]",2047,11,11,0
cklr_m11_s166_21a80441db6fc8da,21a80441db6fc8da,11,41,166,4187455584897454081,0.09,3,27,"[[0,0,0],[0,8,0],[1,2,2],[1,3,2],[2,4,0],[3,0,0],[3,0,1],[3,4,1],[3,9,1],[4,0,2],[4,2,2],[4,8,1],[5,0,1],[5,0,2],[5,1,2],[5,4,1],[5,5,1],[6,6,1],[6,8,0],[6,8,1],[7,4,0],[7,5,1],[7,6,0],[7,6,1],[8,0,2],[8,1,2],[8,2,1],[8,3,0],[8,7,1],[9,4,0],[9,5,2],[9,7,0],[10,7,0],[10,7,1],[10,8,1]]",35,325,15006,"[1,1,1,1,1,1,1,1,1,1,1,0,0,0,0,0,0,0,0,0,0,0,0,0,0,0,0,0,0,0,0,0,0,0,0,0,0,0,0,0,0]",2047,11,11,0
cklr_m11_s167_44cfa921fe1fe1e8,44cfa921fe1fe1e8,11,41,167,8567492746458175961,0.09,3,28,"[[0,2,1],[0,6,0],[0,6,2],[1,1,1],[1,2,0],[1,5,0],[1,5,2],[1,7,2],[3,2,0],[3,3,2],[3,6,1],[5,0,0],[5,3,1],[5,6,2],[5,7,2],[6,4,2],[6,5,2],[7,2,0],[7,8,2],[7,9,1],[8,5,0],[9,6,2],[9,9,0],[9,9,2],[10,3,0],[10,5,1],[10,5,2]]",27,333,15334,"[1,1,1,1,1,1,1,1,1,1,1,0,0,0,0,0,0,0,0,0,0,0,0,0,0,0,0,0,0,0,0,0,0,0,0,0,0,0,0,0,0]",2047,11,11,0
cklr_m11_s168_38faa3b7ff9150cf,38faa3b7ff9150cf,11,41,168,4113524596167441219,0.09,3,29,"[[0,1,1],[1,6,0],[2,2,2],[2,8,1],[3,0,1],[3,2,1],[3,2,2],[3,5,2],[3,6,0],[4,4,0],[4,8,2],[4,9,0],[5,5,1],[5,7,1],[5,9,2],[6,0,2],[6,2,1],[6,2,2],[6,3,0],[6,5,1],[6,5,2],[6,6,0],[6,8,1],[6,8,2],[7,2,2],[7,4,0],[7,9,2],[8,3,2],[10,2,2],[10,4,0],[10,5,1]]",31,329,15170,"[1,1,1,1,1,1,1,1,1,1,1,0,0,0,0,0,0,0,0,0,0,0,0,0,0,0,0,0,0,0,0,0,0,0,0,0,0,0,0,0,0]",2047,11,11,0
cklr_m11_s169_dceadee0aea9b25f,dceadee0aea9b25f,11,41,169,4062455417648607992,0.09,3,30,"[[1,5,1],[1,9,0],[2,5,2],[2,8,1],[3,0,1],[3,2,1],[3,7,1],[3,7,2],[4,6,1],[4,8,1],[4,9,2],[5,0,0],[6,2,1],[6,3,1],[6,4,2],[6,9,0],[8,3,0],[8,5,0],[8,6,2],[9,0,1],[9,8,1],[10,4,2],[10,6,1]]",23,337,15498,"[1,1,1,1,1,1,1,1,1,1,1,0,0,0,0,0,0,0,0,0,0,0,0,0,0,0,0,0,0,0,0,0,0,0,0,0,0,0,0,0,0]",2047,11,11,0
cklr_m11_s170_034abb6a9f666b90,034abb6a9f666b90,11,41,170,8397639296667831250,0.11,4,1,"[[0,8,2],[1,6,0],[1,9,0],[2,0,0],[2,8,1],[3,0,0],[3,3,0],[3,4,1],[3,4,2],[4,6,2],[4,7,0],[5,7,0],[5,7,1],[6,0,1],[6,2,2],[6,4,1],[6,6,2],[7,0,1],[7,0,2],[7,4,1],[7,5,1],[8,2,1],[8,3,1],[8,6,1],[8,8,0],[8,9,0],[9,4,0],[9,5,1],[10,0,1],[10,2,2],[10,4,2]]",31,329,15170,"[1,1,1,1,1,1,1,1,1,1,1,0,0,0,0,0,0,0,0,0,0,0,0,0,0,0,0,0,0,0,0,0,0,0,0,0,0,0,0,0,0]",2047,11,11,0
cklr_m11_s171_ab24767066f3df12,ab24767066f3df12,11,41,171,2578364809055226514,0.11,4,2,"[[0,7,2],[1,4,2],[1,8,1],[2,4,0],[2,6,0],[2,6,2],[2,9,1],[2,9,2],[3,1,0],[3,3,2],[3,4,0],[3,6,0],[4,1,2],[4,4,0],[4,9,2],[5,1,2],[5,4,2],[5,6,2],[5,9,2],[6,0,1],[6,1,1],[6,2,0],[6,4,1],[6,5,1],[7,0,0],[7,5,0],[8,0,2],[8,2,2],[8,4,2],[8,7,1],[9,9,2],[10,2,0],[10,3,1],[10,5,1],[10,7,1],[10,8,2],[10,9,1]]",37,323,14924,"[1,1,1,1,1,1,1,1,1,1,1,0,0,0,0,0,0,0,0,0,0,0,0,0,0,0,0,0,0,0,0,0,0,0,0,0,0,0,0,0,0]",2047,11,11,0
cklr_m11_s172_a8120a03de4fc913,a8120a03de4fc913,11,41,172,1631568004513451624,0.11,4,3,"[[0,0,2],[0,1,2],[0,4,0],[0,5,1],[0,9,0],[0,9,1],[1,9,1],[2,5,1],[2,8,2],[3,5,1],[3,9,0],[3,9,2],[4,6,0],[4,9,0],[5,4,1],[5,6,2],[5,7,2],[6,4,0],[7,0,2],[7,1,0],[7,2,0],[8,0,0],[8,1,2],[8,5,2],[9,9,0],[9,9,1],[10,3,1]]",27,333,15334,"[1,1,1,1,1,1,1,1,1,1,1,0,0,0,0,0,0,0,0,0,0,0,0,0,0,0,0,0,0,0,0,0,0,0,0,0,0,0,0,0,0]",2047,11,11,0
cklr_m11_s173_258c426072ebee2c,258c426072ebee2c,11,41,173,9135681633309102921,0.11,4,4,"[[0,3,2],[0,5,0],[0,5,1],[0,8,1],[1,0,2],[1,1,2],[1,5,2],[1,7,2],[1,8,2],[2,0,0],[2,7,0],[2,8,0],[2,8,2],[2,9,1],[2,9,2],[3,3,2],[3,6,1],[3,9,2],[4,0,0],[4,3,2],[4,4,0],[4,4,1],[4,4,2],[5,9,2],[6,0,1],[6,2,2],[6,7,0],[6,9,1],[7,0,1],[7,0,2],[7,2,0],[7,2,2],[8,0,2],[8,2,1],[8,8,1],[9,0,1],[9,1,1],[9,5,0],[9,5,1],[9,9,1],[10,1,2],[10,6,0]]",42,318,14719,"[1,1,1,1,1,1,1,1,1,1,1,0,0,0,0,0,0,0,0,0,0,0,0,0,0,0,0,0,0,0,0,0,0,0,0,0,0,0,0,0,0]",2047,11,11,0
cklr_m11_s174_13b25f0612a4f5c2,13b25f0612a4f5c2,11,41,174,5570846850196679936,0.11,4,5,"[[0,0,0],[0,1,0],[0,6,1],[0,7,1],[1,1,1],[1,2,0],[1,4,1],[1,6,1],[2,0,2],[2,2,0],[2,3,0],[2,4,0],[2,9,2],[3,1,1],[3,2,0],[3,6,0],[4,0,2],[4,1,0],[4,3,1],[4,4,0],[4,7,0],[4,9,0],[4,9,1],[5,9,0],[6,2,1],[6,3,0],[6,5,1],[6,6,2],[6,9,0],[7,0,1],[7,5,0],[7,9,0],[8,5,2],[8,6,1],[8,9,1],[9,2,1],[9,5,2],[9,6,1],[9,7,0],[10,1,2]]",40,320,14801,"[1,1,1,1,1,1,1,1,1,1,1,0,0,0,0,0,0,0,0,0,0,0,0,0,0,0,0,0,0,0,0,0,0,0,0,0,0,0,0,0,0]",2047,11,11,0
cklr_m11_s175_82f6d6b814d9e05b,82f6d6b814d9e05b,11,41,175,5425551132636328071,0.11,4,6,"[[0,0,1],[0,6,2],[0,7,0],[0,7,1],[0,7,2],[0,8,2],[1,4,2],[1,8,2],[2,0,0],[2,1,1],[2,2,1],[2,4,0],[2,7,2],[2,8,1],[3,3,0],[4,0,2],[4,3,2],[4,9,1],[5,1,0],[5,2,2],[5,4,2],[5,6,2],[5,8,1],[5,9,1],[6,0,2],[6,2,0],[6,4,2],[6,5,0],[6,6,2],[6,7,1],[7,0,2],[7,2,1],[7,3,2],[7,7,0],[8,0,2],[8,1,1],[8,3,2],[9,2,0],[10,1,1],[10,3,2],[10,6,2]]",41,319,14760,"[1,1,1,1,1,1,1,1,1,1,1,0,0,0,0,0,0,0,0,0,0,0,0,0,0,0,0,0,0,0,0,0,0,0,0,0,0,0,0,0,0]",2047,11,11,0
cklr_m11_s176_7d25fc4186e30a81,7d25fc4186e30a81,11,41,176,1785443208653437190,0.11,4,7,"[[0,2,0],[0,4,0],[1,0,0],[1,5,0],[1,5,2],[1,9,0],[2,2,1],[2,3,1],[2,6,2],[2,8,0],[2,8,2],[3,1,2],[3,7,1],[3,8,0],[4,0,0],[4,2,1],[4,8,0],[4,9,2],[5,4,2],[5,9,0],[5,9,1],[6,0,2],[6,2,2],[6,5,1],[6,6,0],[6,7,2],[7,0,2],[7,2,2],[7,8,1],[7,8,2],[7,9,0],[7,9,2],[8,0,0],[8,2,0],[8,3,0],[8,4,1],[8,5,0],[9,5,2],[10,0,1],[10,1,1],[10,4,0],[10,5,2],[10,7,0]]",43,317,14678,"[1,1,1,1,1,1,1,1,1,1,1,0,0,0,0,0,0,0,0,0,0,0,0,0,0,0,0,0,0,0,0,0,0,0,0,0,0,0,0,0,0]",2047,11,11,0
cklr_m11_s177_6019f2e0fc350d6b,6019f2e0fc350d6b,11,41,177,6361630624395599191,0.11,4,8,"[[0,0,0],[0,0,2],[0,5,2],[1,3,1],[1,3,2],[1,4,1],[2,6,1],[2,8,1],[2,8,2],[3,5,0],[3,5,2],[3,9,0],[4,8,2],[4,9,0],[5,6,1],[6,0,0],[6,1,1],[6,2,2],[6,4,1],[7,6,0],[8,5,2],[9,2,1],[9,3,0],[9,6,2],[10,1,0],[10,4,0],[10,4,2]]",27,333,15334,"[1,1,1,1,1,1,1,1,1,1,1,0,0,0,0,0,0,0,0,0,0,0,0,0,0,0,0,0,0,0,0,0,0,0,0,0,0,0,0,0,0]",2047,11,11,0
cklr_m11_s178_038eeda5fb890d06,038eeda5fb890d06,11,41,178,5061185848814227177,0.11,4,9,"[[0,4,0],[1,3,1],[1,3,2],[1,5,1],[1,7,0],[2,1,0],[2,1,2],[2,2,0],[2,2,2],[2,4,0],[2,9,0],[3,0,2],[3,3,2],[3,6,1],[4,9,1],[5,0,1],[5,3,1],[5,4,0],[5,4,1],[5,4,2],[6,7,2],[6,9,1],[7,0,2],[7,1,2],[7,2,1],[7,3,0],[8,1,1],[8,2,2],[8,5,2],[8,6,2],[8,9,2],[9,0,1],[9,5,1],[10,5,1],[10,6,1]]",35,325,15006,"[1,1,1,1,1,1,1,1,1,1,1,0,0,0,0,0,0,0,0,0,0,0,0,0,0,0,0,0,0,0,0,0,0,0,0,0,0,0,0,0,0]",2047,11,11,0
cklr_m11_s179_413d7aaa5e4158ce,413d7aaa5e4158ce,11,41,179,5410181506015616149,0.11,4,10,"[[0,0,2],[0,1,2],[0,7,2],[1,3,1],[1,7,1],[1,9,0],[2,0,0],[2,0,1],[2,0,2],[2,1,0],[2,2,1],[2,4,0],[2,6,0],[3,1,1],[3,4,0],[3,4,2],[4,1,1],[4,2,0],[4,5,1],[4,5,2],[5,5,2],[5,6,0],[6,0,0],[6,4,0],[6,7,2],[7,0,2],[7,3,1],[7,8,2],[8,0,1],[8,2,1],[8,3,1],[8,9,0],[8,9,2],[9,2,1],[9,9,1],[10,2,2],[10,3,0],[10,4,1],[10,7,2],[10,9,1],[10,9,2]]",41,319,14760,"[1,1,1,1,1,1,1,1,1,1,1,0,0,0,0,0,0,0,0,0,0,0,0,0,0,0,0,0,0,0,0,0,0,0,0,0,0,0,0,0,0]",2047,11,11,0
cklr_m11_s180_0aadbfb93df9ceba,0aadbfb93df9ceba,11,41,180,5862774826431457180,0.11,4,11,"[[0,8,1],[0,8,2],[0,9,0],[1,0,2],[1,2,1],[1,4,2],[1,6,2],[2,2,1],[2,7,0],[2,9,2],[3,5,1],[3,8,0],[5,3,0],[5,7,0],[5,9,2],[6,2,0],[6,4,2],[6,6,0],[7,0,1],[7,1,2],[7,5,0],[7,9,1],[7,9,2],[8,2,1],[9,0,0],[9,0,2],[9,6,2],[9,7,0],[10,0,1],[10,1,0],[10,1,1],[10,4,1],[10,5,0]]",33,327,15088,"[1,1,1,1,1,1,1,1,1,1,1,0,0,0,0,0,0,0,0,0,0,0,0,0,0,0,0,0,0,0,0,0,0,0,0,0,0,0,0,0,0]",2047,11,11,0
cklr_m11_s181_429b0d8b8a0fc2da,429b0d8b8a0fc2da,11,41,181,1147621766031274295,0.11,4,12,"[[0,3,0],[0,6,2],[0,8,0],[0,9,0],[1,1,0],[1,7,0],[1,8,0],[2,4,0],[2,7,0],[3,0,1],[3,3,0],[3,3,1],[4,3,1],[4,4,0],[4,5,0],[5,0,1],[5,1,1],[5,2,1],[5,3,0],[5,3,1],[5,9,1],[6,2,0],[6,3,2],[6,5,0],[6,6,0],[6,9,2],[7,0,0],[7,1,1],[7,2,1],[7,3,1],[7,8,2],[8,4,0],[8,4,2],[8,9,2],[9,0,0],[9,2,1],[9,5,1],[9,6,0],[9,8,2],[10,5,2],[10,9,0]]",41,319,14760,"[1,1,1,1,1,1,1,1,1,1,1,0,0,0,0,0,0,0,0,0,0,0,0,0,0,0,0,0,0,0,0,0,0,0,0,0,0,0,0,0,0]",2047,11,11,0
cklr_m11_s182_b55879fb1cd3752a,b55879fb1cd3752a,11,41,182,3237805385667683031,0.11,4,13,"[[0,0,0],[0,8,2],[1,0,2],[1,2,2],[1,6,1],[2,0,1],[2,0,2],[3,0,2],[3,3,0],[3,4,2],[3,5,1],[3,9,2],[4,1,1],[4,6,1],[4,7,1],[4,9,2],[6,1,0],[6,2,0],[6,7,0],[6,7,2],[6,9,0],[7,0,2],[7,3,0],[7,5,1],[7,6,0],[7,7,0],[8,3,0],[8,5,1],[8,5,2],[8,9,1],[9,0,2],[9,3,0],[10,1,1],[10,1,2],[10,4,0],[10,5,0]]",36,324,14965,"[1,1,1,1,1,1,1,1,1,1,1,0,0,0,0,0,0,0,0,0,0,0,0,0,0,0,0,0,0,0,0,0,0,0,0,0,0,0,0,0,0]",2047,11,11,0
cklr_m11_s183_a0de964aa5bb3410,a0de964aa5bb3410,11,41,183,2247286938434571685,0.11,4,14,"[[0,1,0],[0,5,0],[0,5,1],[0,9,2],[1,0,0],[1,9,0],[2,0,1],[2,1,2],[2,3,2],[2,4,1],[2,8,2],[2,9,0],[3,0,1],[3,7,2],[4,7,0],[4,9,0],[5,2,2],[5,3,0],[5,3,1],[5,4,2],[5,7,2],[6,6,0],[6,8,2],[7,7,2],[8,0,0],[8,1,0],[8,7,2],[9,0,2],[9,8,2],[9,9,0],[10,0,1],[10,6,0]]",32,328,15129,"[1,1,1,1,1,1,1,1,1,1,1,0,0,0,0,0,0,0,0,0,0,0,0,0,0,0,0,0,0,0,0,0,0,0,0,0,0,0,0,0,0]",2047,11,11,0
cklr_m11_s184_e3ffc6b21d5a5c80,e3ffc6b21d5a5c80,11,41,184,2613677310593408436,0.11,4,15,"[[0,2,0],[0,5,0],[0,6,0],[0,7,0],[0,7,2],[0,9,1],[1,1,0],[1,3,2],[2,1,2],[2,3,1],[2,4,2],[2,7,0],[2,8,2],[3,4,0],[3,4,2],[4,0,0],[4,7,2],[5,0,1],[5,1,0],[5,1,1],[5,3,0],[6,3,1],[6,6,0],[7,8,1],[8,6,2],[8,8,0],[8,8,1],[9,0,2],[9,7,1],[10,1,2],[10,9,0]]",31,329,15170,"[1,1,1,1,1,1,1,1,1,1,1,0,0,0,0,0,0,0,0,0,0,0,0,0,0,0,0,0,0,0,0,0,0,0,0,0,0,0,0,0,0]",2047,11,11,0
cklr_m11_s185_9e3e844b237dfcf6,9e3e844b237dfcf6,11,41,185,5451755717201959035,0.11,4,16,"[[0,0,1],[0,1,0],[0,7,1],[0,9,2],[1,3,0],[1,3,1],[1,5,0],[1,6,0],[1,6,2],[2,3,2],[2,8,1],[3,1,0],[3,5,2],[3,8,0],[3,9,0],[3,9,1],[4,2,0],[5,0,1],[5,1,1],[5,3,2],[5,4,0],[6,1,2],[6,4,2],[6,9,1],[7,1,1],[7,2,1],[7,2,2],[7,6,1],[7,6,2],[8,8,2],[9,1,1],[10,2,2],[10,4,2],[10,7,2]]",34,326,15047,"[1,1,1,1,1,1,1,1,1,1,1,0,0,0,0,0,0,0,0,0,0,0,0,0,0,0,0,0,0,0,0,0,0,0,0,0,0,0,0,0,0]",2047,11,11,0
cklr_m11_s186_d6ace515b8ec31ca,d6ace515b8ec31ca,11,41,186,8061753801752167209,0.11,4,17,"[[0,1,2],[0,4,0],[0,4,1],[0,4,2],[0,6,1],[1,0,0],[1,2,0],[1,8,0],[1,9,2],[2,2,2],[2,4,0],[2,5,1],[2,7,2],[3,1,2],[3,2,2],[3,3,1],[3,5,0],[3,6,2],[3,8,0],[4,0,0],[4,1,0],[4,7,2],[5,0,0],[5,0,2],[5,3,0],[5,4,0],[5,7,0],[5,7,2],[6,2,2],[6,3,0],[6,4,2],[7,0,1],[7,1,1],[7,3,0],[7,5,0],[7,8,1],[7,9,1],[8,1,1],[8,2,1],[8,9,0],[9,0,1],[9,6,2],[9,8,2],[10,1,2],[10,2,2],[10,9,1]]",46,314,14555,"[1,1,1,1,1,1,1,1,1,1,1,0,0,0,0,0,0,0,0,0,0,0,0,0,0,0,0,0,0,0,0,0,0,0,0,0,0,0,0,0,0]",2047,11,11,0
cklr_m11_s187_ffcc3eb83aaa2bf9,ffcc3eb83aaa2bf9,11,41,187,555253853177761444,0.11,4,18,"[[0,0,0],[0,2,2],[0,7,2],[0,8,0],[1,0,0],[2,3,0],[2,4,2],[2,7,1],[2,8,1],[3,3,2],[3,7,2],[3,8,0],[3,8,1],[3,9,0],[4,7,1],[5,1,1],[5,7,0],[5,7,1],[6,0,0],[6,4,1],[8,1,0],[8,3,0],[8,8,0],[9,1,0],[9,3,2],[9,8,1],[10,3,1],[10,4,1],[10,6,2],[10,7,0],[10,7,2],[10,8,2]]",32,328,15129,"[1,1,1,1,1,1,1,1,1,1,1,0,0,0,0,0,0,0,0,0,0,0,0,0,0,0,0,0,0,0,0,0,0,0,0,0,0,0,0,0,0]",2047,11,11,0
cklr_m11_s188_793106313354a771,793106313354a771,11,41,188,3731164347278430884,0.11,4,19,"[[0,0,0],[0,1,0],[0,3,2],[0,4,1],[0,5,0],[0,5,1],[0,8,2],[1,1,0],[1,3,1],[1,4,1],[1,8,2],[2,0,2],[2,1,2],[2,4,0],[3,0,0],[3,1,0],[3,1,1],[3,2,0],[3,2,1],[3,5,2],[3,7,2],[4,0,0],[4,1,2],[4,2,1],[4,5,1],[4,6,2],[5,3,0],[5,4,0],[5,4,1],[5,4,2],[5,5,0],[6,1,2],[6,5,1],[6,8,2],[6,9,2],[7,8,0],[8,0,0],[8,3,2],[8,5,1],[8,7,1],[9,0,2],[9,4,0],[9,4,1],[9,4,2],[9,5,2],[10,4,0],[10,5,2],[10,6,2],[10,7,0]]",49,311,14432,"[1,1,1,1,1,1,1,1,1,1,1,0,0,0,0,0,0,0,0,0,0,0,0,0,0,0,0,0,0,0,0,0,0,0,0,0,0,0,0,0,0]",2047,11,11,0
cklr_m11_s189_8b99ff3e2be511f5,8b99ff3e2be511f5,11,41,189,7114756771904969586,0.11,4,20,"[[0,0,2],[0,3,2],[0,8,1],[0,8,2],[1,2,2],[1,8,1],[1,9,0],[2,0,1],[2,7,0],[2,9,1],[3,0,2],[3,3,2],[3,4,2],[4,0,2],[4,1,0],[4,3,2],[4,4,2],[5,8,1],[6,0,2],[6,1,0],[6,4,2],[6,5,1],[6,8,1],[7,1,0],[7,5,2],[7,6,0],[7,6,1],[7,8,1],[7,9,1],[8,2,0],[8,5,1],[8,6,1],[8,9,0],[9,4,2],[10,1,1],[10,2,0],[10,9,1]]",37,323,14924,"[1,1,1,1,1,1,1,1,1,1,1,0,0,0,0,0,0,0,0,0,0,0,0,0,0,0,0,0,0,0,0,0,0,0,0,0,0,0,0,0,0]",2047,11,11,0
cklr_m11_s190_a7306921699d27f1,a7306921699d27f1,11,41,190,4720809467500323999,0.11,4,21,"[[0,5,1],[0,9,0],[0,9,2],[1,1,2],[1,5,1],[1,7,2],[2,1,0],[2,1,2],[2,3,2],[2,5,0],[2,7,2],[2,8,1],[3,1,2],[4,0,1],[4,4,0],[4,4,2],[4,5,1],[4,6,0],[5,1,2],[5,2,1],[5,3,0],[5,5,2],[5,7,0],[6,0,2],[6,2,0],[6,4,1],[6,7,1],[6,8,0],[6,9,1],[7,0,0],[7,1,2],[8,1,1],[8,7,2],[9,0,0],[9,0,1],[9,1,0],[9,9,0],[10,0,0],[10,3,2],[10,6,2]]",40,320,14801,"[1,1,1,1,1,1,1,1,1,1,1,0,0,0,0,0,0,0,0,0,0,0,0,0,0,0,0,0,0,0,0,0,0,0,0,0,0,0,0,0,0]",2047,11,11,0
cklr_m11_s191_e0932ed681f863c5,e0932ed681f863c5,11,41,191,3831158651578551804,0.11,4,22,"[[0,1,1],[0,3,2],[0,9,2],[1,1,1],[1,1,2],[1,2,2],[2,0,1],[2,2,0],[2,3,1],[2,4,2],[2,5,0],[2,5,1],[2,6,1],[3,5,2],[3,6,2],[4,4,0],[5,7,0],[6,7,2],[7,4,2],[8,1,0],[8,2,0],[8,2,1],[8,6,2],[9,1,0],[9,6,2],[9,8,0],[10,5,1]]",27,333,15334,"[1,1,1,1,1,1,1,1,1,1,1,0,0,0,0,0,0,0,0,0,0,0,0,0,0,0,0,0,0,0,0,0,0,0,0,0,0,0,0,0,0]",2047,11,11,0
cklr_m11_s192_8fd850e4063d34c6,8fd850e4063d34c6,11,41,192,3863519424673582072,0.11,4,23,"[[0,4,0],[0,7,1],[0,8,2],[1,2,2],[1,5,2],[1,7,1],[2,0,1],[2,1,2],[2,5,0],[2,8,2],[3,4,0],[3,4,2],[3,5,2],[3,9,0],[4,0,0],[4,7,1],[4,8,0],[5,1,0],[5,7,1],[6,1,0],[6,6,2],[7,1,1],[7,6,2],[7,8,0],[7,8,2],[8,2,2],[8,3,1],[8,4,0],[8,4,1],[8,7,0],[8,8,1],[9,3,0],[9,3,1],[9,4,2],[9,5,2],[9,6,1],[10,0,1],[10,3,1],[10,3,2],[10,6,2]]",40,320,14801,"[1,1,1,1,1,1,1,1,1,1,1,0,0,0,0,0,0,0,0,0,0,0,0,0,0,0,0,0,0,0,0,0,0,0,0,0,0,0,0,0,0]",2047,11,11,0
cklr_m11_s193_ea8523dc134ba107,ea8523dc134ba107,11,41,193,7859283365321068093,0.11,4,24,"[[0,7,0],[0,7,1],[0,7,2],[0,8,1],[0,9,1],[1,2,0],[1,5,0],[1,6,0],[2,2,0],[2,3,0],[2,3,1],[2,4,2],[2,9,1],[3,1,1],[3,4,2],[3,5,1],[3,6,2],[3,9,0],[3,9,1],[4,0,1],[4,4,0],[4,6,1],[4,6,2],[4,9,0],[5,1,0],[5,2,2],[5,4,1],[5,7,0],[5,9,1],[6,1,0],[6,6,0],[6,6,2],[7,0,1],[7,2,0],[7,4,0],[7,6,0],[7,8,0],[8,3,2],[8,7,1],[9,1,0],[9,1,1],[9,3,1],[9,7,2],[10,5,0],[10,5,1],[10,5,2]]",46,314,14555,"[1,1,1,1,1,1,1,1,1,1,1,0,0,0,0,0,0,0,0,0,0,0,0,0,0,0,0,0,0,0,0,0,0,0,0,0,0,0,0,0,0]",2047,11,11,0
cklr_m11_s194_c25e78630c73f98f,c25e78630c73f98f,11,41,194,2377756449386843987,0.11,4,25,"[[0,1,2],[0,3,0],[0,5,0],[0,8,0],[1,7,0],[1,7,1],[2,3,2],[2,5,2],[3,7,0],[3,9,0],[4,1,1],[4,7,0],[5,0,2],[5,1,0],[5,1,1],[5,3,1],[5,7,2],[6,0,1],[6,0,2],[6,1,2],[6,4,0],[6,5,1],[7,0,1],[7,3,0],[7,8,0],[7,9,2],[8,6,0],[8,7,2],[9,1,1],[9,3,0],[9,4,1],[9,6,1],[9,8,2],[10,0,1],[10,2,1],[10,3,1],[10,7,2],[10,8,1]]",38,322,14883,"[1,1,1,1,1,1,1,1,1,1,1,0,0,0,0,0,0,0,0,0,0,0,0,0,0,0,0,0,0,0,0,0,0,0,0,0,0,0,0,0,0]",2047,11,11,0
cklr_m11_s195_fa8004986c1415ae,fa8004986c1415ae,11,41,195,4671335314770098523,0.11,4,26,"[[0,1,2],[0,2,2],[0,4,0],[0,6,0],[0,6,1],[0,7,1],[1,0,0],[2,2,0],[2,3,2],[2,5,1],[2,5,2],[2,8,0],[3,0,2],[3,6,2],[3,8,1],[4,2,1],[4,4,2],[4,6,2],[5,3,1],[5,3,2],[5,7,2],[5,9,1],[6,1,2],[6,4,1],[6,7,0],[6,7,1],[6,8,0],[7,0,0],[7,1,1],[7,2,2],[7,5,2],[8,2,1],[8,7,1],[8,9,0],[10,1,0],[10,6,2]]",36,324,14965,"[1,1,1,1,1,1,1,1,1,1,1,0,0,0,0,0,0,0,0,0,0,0,0,0,0,0,0,0,0,0,0,0,0,0,0,0,0,0,0,0,0]",2047,11,11,0
cklr_m11_s196_cff0cee68244a36c,cff0cee68244a36c,11,41,196,2010558772307608195,0.11,4,27,"[[0,0,0],[0,0,1],[0,2,0],[0,5,2],[0,8,2],[1,3,0],[1,3,1],[1,6,0],[1,8,2],[2,0,0],[2,0,1],[2,4,1],[2,5,1],[2,6,1],[3,0,0],[3,3,0],[3,6,2],[3,7,0],[4,7,1],[5,5,0],[5,5,2],[5,6,0],[5,8,1],[6,1,0],[6,7,2],[7,4,1],[7,7,2],[7,9,0],[8,5,2],[8,6,1],[8,9,2],[9,2,1],[9,5,1],[9,8,2],[10,1,2],[10,2,0],[10,9,0]]",37,323,14924,"[1,1,1,1,1,1,1,1,1,1,1,0,0,0,0,0,0,0,0,0,0,0,0,0,0,0,0,0,0,0,0,0,0,0,0,0,0,0,0,0,0]",2047,11,11,0
cklr_m11_s197_867aa9910722e91f,867aa9910722e91f,11,41,197,5530232548471456416,0.11,4,28,"[[0,3,0],[1,1,0],[1,7,0],[1,7,2],[2,2,1],[3,0,1],[3,0,2],[3,4,0],[4,1,0],[4,1,1],[4,3,1],[4,6,2],[4,8,1],[5,1,1],[5,2,1],[5,7,2],[5,9,0],[6,0,2],[6,6,0],[6,8,0],[7,1,0],[7,2,1],[7,5,0],[7,8,0],[8,2,0],[8,4,0],[8,5,2],[8,8,0],[8,8,1],[9,2,1],[9,6,1],[10,2,1],[10,7,2],[10,8,1],[10,9,0]]",35,325,15006,"[1,1,1,1,1,1,1,1,1,1,1,0,0,0,0,0,0,0,0,0,0,0,0,0,0,0,0,0,0,0,0,0,0,0,0,0,0,0,0,0,0]",2047,11,11,0
cklr_m11_s198_85d8be831495f907,85d8be831495f907,11,41,198,216259481936090348,0.11,4,29,"[[0,1,1],[0,3,0],[1,1,1],[1,7,0],[2,6,2],[2,8,0],[3,3,0],[3,3,1],[3,4,2],[3,6,1],[3,6,2],[4,0,1],[4,3,1],[4,4,0],[5,0,2],[5,1,1],[5,2,1],[5,4,2],[5,5,1],[5,8,0],[5,8,2],[6,0,0],[6,2,0],[6,3,1],[6,4,0],[6,4,1],[7,9,1],[8,1,2],[8,5,0],[8,6,1],[9,0,1],[9,7,2],[10,2,0],[10,8,1]]",34,326,15047,"[1,1,1,1,1,1,1,1,1,1,1,0,0,0,0,0,0,0,0,0,0,0,0,0,0,0,0,0,0,0,0,0,0,0,0,0,0,0,0,0,0]",2047,11,11,0
cklr_m11_s199_f09d0e969eae45bb,f09d0e969eae45bb,11,41,199,6147220100618995813,0.11,4,30,"[[0,0,0],[0,1,1],[1,1,1],[1,6,0],[2,3,1],[2,3,2],[2,4,0],[2,8,1],[3,1,2],[3,2,0],[3,3,1],[3,5,0],[3,6,1],[3,9,2],[4,3,2],[4,5,0],[4,5,2],[5,0,0],[5,0,2],[5,2,1],[5,3,0],[5,4,1],[6,3,0],[6,4,1],[6,5,2],[6,7,2],[7,3,0],[7,4,1],[7,5,2],[8,1,0],[8,3,0],[8,6,0],[8,9,1],[9,0,2],[9,1,2],[9,4,0],[9,7,0],[10,2,2],[10,5,0]]",39,321,14842,"[1,1,1,1,1,1,1,1,1,1,1,0,0,0,0,0,0,0,0,0,0,0,0,0,0,0,0,0,0,0,0,0,0,0,0,0,0,0,0,0,0]",2047,11,11,0
cklr_m12_s00_60b102d92ad9737e,60b102d92ad9737e,12,45,0,8993602044959446264,0.03,0,1,"[[0,6,0],[1,10,2],[2,9,2],[4,4,1],[4,6,0],[4,7,0],[4,9,0],[5,3,0],[6,7,2],[7,2,1],[7,2,2],[8,3,2],[8,4,2],[9,5,1],[10,0,0]]",15,414,20655,"[1,1,1,1,1,1,1,1,1,1,1,1,0,0,0,0,0,0,0,0,0,0,0,0,0,0,0,0,0,0,0,0,0,0,0,0,0,0,0,0,0,0,0,0,0]",4095,12,12,0
cklr_m12_s01_a280ff7b41dc40ef,a280ff7b41dc40ef,12,45,1,344419837112139866,0.03,0,2,"[[0,4,1],[2,7,2],[2,8,2],[5,5,2],[6,2,2],[6,5,1],[7,6,2],[7,7,2],[7,8,2],[8,4,0],[9,10,1],[10,6,1],[11,9,2]]",13,416,20745,"[1,1,1,1,1,1,1,1,1,1,1,1,0,0,0,0,0,0,0,0,0,0,0,0,0,0,0,0,0,0,0,0,0,0,0,0,0,0,0,0,0,0,0,0,0]",4095,12,12,0
cklr_m12_s02_5398dfa010954d72,5398dfa010954d72,12,45,2,5059572612550144213,0.03,0,3,"[[0,2,2],[0,7,0],[1,8,0],[2,0,2],[3,5,0],[4,2,2],[5,5,2],[6,9,2],[7,10,0],[8,4,2],[8,10,2],[10,9,0]]",12,417,20790,"[1,1,1,1,1,1,1,1,1,1,1,1,0,0,0,0,0,0,0,0,0,0,0,0,0,0,0,0,0,0,0,0,0,0,0,0,0,0,0,0,0,0,0,0,0]",4095,12,12,0
cklr_m12_s03_e899cbef7d8d0bcc,e899cbef7d8d0bcc,12,45,3,926330413981159673,0.03,0,4,"[[1,1,0],[1,3,0],[1,7,0],[3,4,2],[4,9,1],[4,10,0],[6,6,2],[6,10,2],[7,5,2],[7,9,0],[7,10,0],[8,5,1],[8,9,1],[8,10,1],[9,9,0],[10,3,2],[11,7,1],[11,9,0]]",18,411,20520,"[1,1,1,1,1,1,1,1,1,1,1,1,0,0,0,0,0,0,0,0,0,0,0,0,0,0,0,0,0,0,0,0,0,0,0,0,0,0,0,0,0,0,0,0,0]",4095,12,12,0
cklr_m12_s04_d6bd86b69a9d0af3,d6bd86b69a9d0af3,12,45,4,6211055240564125801,0.05,1,1,"[[0,1,0],[1,3,1],[1,6,1],[2,7,2],[2,8,1],[2,9,1],[3,3,2],[4,10,2],[5,5,1],[5,9,2],[6,10,0],[7,0,1],[7,0,2],[7,10,0],[8,2,0],[8,4,2],[8,9,0],[10,1,0],[10,2,0],[10,5,0],[11,1,0],[11,2,2],[11,3,1]]",23,406,20295,"[1,1,1,1,1,1,1,1,1,1,1,1,0,0,0,0,0,0,0,0,0,0,0,0,0,0,0,0,0,0,0,0,0,0,0,0,0,0,0,0,0,0,0,0,0]",4095,12,12,0
cklr_m12_s05_c674602435aecff9,c674602435aecff9,12,45,5,1693065595219863568,0.05,1,2,"[[0,4,0],[2,6,0],[2,10,1],[3,0,1],[3,8,2],[5,1,1],[5,4,2],[6,8,2],[8,10,0],[9,0,0],[10,2,2],[10,4,1]]",12,417,20790,"[1,1,1,1,1,1,1,1,1,1,1,1,0,0,0,0,0,0,0,0,0,0,0,0,0,0,0,0,0,0,0,0,0,0,0,0,0,0,0,0,0,0,0,0,0]",4095,12,12,0
cklr_m12_s06_40fb4e47b03f260d,40fb4e47b03f260d,12,45,6,4005779864337569645,0.05,1,3,"[[0,6,0],[0,9,0],[2,0,1],[2,7,1],[5,6,2],[5,9,1],[6,6,0],[7,1,1],[8,9,1],[8,10,2],[9,4,2],[10,0,0],[10,2,1],[10,5,0],[10,9,0],[11,4,1],[11,7,0]]",17,412,20565,"[1,1,1,1,1,1,1,1,1,1,1,1,0,0,0,0,0,0,0,0,0,0,0,0,0,0,0,0,0,0,0,0,0,0,0,0,0,0,0,0,0,0,0,0,0]",4095,12,12,0
cklr_m12_s07_47f359c682be5da4,47f359c682be5da4,12,45,7,8380803683933869408,0.05,1,4,"[[0,4,2],[1,3,2],[2,3,1],[2,9,1],[3,1,2],[4,4,2],[4,7,2],[5,8,0],[6,9,1],[6,10,0],[7,0,1],[7,4,0],[7,4,2],[7,5,2],[8,0,1],[8,5,1],[8,10,1],[10,4,2],[11,3,1],[11,6,1]]",20,409,20430,"[1,1,1,1,1,1,1,1,1,1,1,1,0,0,0,0,0,0,0,0,0,0,0,0,0,0,0,0,0,0,0,0,0,0,0,0,0,0,0,0,0,0,0,0,0]",4095,12,12,0
cklr_m12_s08_c1d1ceb9e182799d,c1d1ceb9e182799d,12,45,8,4742524876212441201,0.07,2,1,"[[1,10,2],[2,8,2],[2,10,0],[3,2,2],[3,3,1],[4,4,0],[4,8,0],[5,0,2],[5,2,2],[5,7,1],[5,9,1],[6,1,2],[6,3,1],[6,5,1],[6,6,2],[6,9,1],[7,8,0],[7,9,0],[8,1,2],[8,7,1],[9,5,1],[9,6,2],[10,6,1],[11,1,1],[11,5,0],[11,7,1]]",26,403,20160,"[1,1,1,1,1,1,1,1,1,1,1,1,0,0,0,0,0,0,0,0,0,0,0,0,0,0,0,0,0,0,0,0,0,0,0,0,0,0,0,0,0,0,0,0,0]",4095,12,12,0
cklr_m12_s09_0b2cd0252f1ad6bc,0b2cd0252f1ad6bc,12,45,9,7716111133019433074,0.07,2,2,"[[0,0,2],[1,0,0],[2,7,1],[3,10,1],[4,6,1],[4,7,1],[4,9,0],[5,6,0],[6,7,2],[6,9,2],[7,0,2],[8,1,1],[8,8,1],[9,0,1],[9,6,1],[9,7,0],[9,9,1],[10,2,2],[10,10,2]]",19,410,20475,"[1,1,1,1,1,1,1,1,1,1,1,1,0,0,0,0,0,0,0,0,0,0,0,0,0,0,0,0,0,0,0,0,0,0,0,0,0,0,0,0,0,0,0,0,0]",4095,12,12,0
cklr_m12_s10_5837622964d6d407,5837622964d6d407,12,45,10,6186646395399028851,0.07,2,3,"[[0,6,1],[0,9,1],[1,0,0],[1,1,0],[1,1,2],[1,3,0],[1,4,2],[2,5,1],[2,6,2],[2,7,2],[3,0,0],[3,6,1],[4,10,1],[5,9,0],[5,10,2],[6,6,0],[6,6,2],[7,6,2],[8,7,0],[8,8,0],[8,10,2],[9,0,2],[9,4,1],[10,1,0],[10,4,1],[10,10,0],[11,3,0],[11,3,1],[11,4,2]]",29,400,20025,"[1,1,1,1,1,1,1,1,1,1,1,1,0,0,0,0,0,0,0,0,0,0,0,0,0,0,0,0,0,0,0,0,0,0,0,0,0,0,0,0,0,0,0,0,0]",4095,12,12,0
cklr_m12_s11_2fdd5e01d1d0fb07,2fdd5e01d1d0fb07,12,45,11,5210982010423243213,0.07,2,4,"[[0,7,1],[2,1,1],[2,2,2],[3,0,0],[3,4,1],[3,7,1],[3,8,0],[4,4,1],[4,7,0],[4,10,1],[5,0,0],[5,7,2],[6,1,0],[6,5,1],[6,7,1],[6,8,0],[6,8,1],[7,6,0],[8,5,0],[8,6,1],[8,6,2],[9,3,0],[10,3,1],[11,4,1]]",24,405,20250,"[1,1,1,1,1,1,1,1,1,1,1,1,0,0,0,0,0,0,0,0,0,0,0,0,0,0,0,0,0,0,0,0,0,0,0,0,0,0,0,0,0,0,0,0,0]",4095,12,12,0
cklr_m12_s12_badd69a67fd5f072,badd69a67fd5f072,12,45,12,3467656934285485707,0.09,3,1,"[[0,8,0],[0,10,2],[1,4,0],[2,4,1],[2,8,1],[3,1,1],[3,6,1],[3,7,0],[3,7,1],[3,7,2],[3,9,2],[4,5,1],[4,6,0],[5,1,2],[5,3,0],[5,5,1],[5,5,2],[6,2,2],[6,3,2],[6,4,1],[6,6,0],[6,10,1],[7,0,0],[7,1,1],[7,4,2],[7,8,0],[8,0,0],[8,5,0],[9,2,0],[9,6,0],[9,6,1],[9,8,1],[10,7,1],[11,3,1],[11,5,0],[11,8,1]]",36,393,19710,"[1,1,1,1,1,1,1,1,1,1,1,1,0,0,0,0,0,0,0,0,0,0,0,0,0,0,0,0,0,0,0,0,0,0,0,0,0,0,0,0,0,0,0,0,0]",4095,12,12,0
cklr_m12_s13_e78a25e58962be0b,e78a25e58962be0b,12,45,13,165644868179289656,0.09,3,2,"[[0,0,2],[0,8,1],[0,8,2],[1,1,1],[1,6,1],[1,6,2],[1,9,1],[2,3,0],[2,4,2],[2,7,0],[2,9,1],[3,4,0],[3,4,2],[4,3,0],[4,8,1],[5,0,1],[5,7,0],[5,7,1],[6,2,0],[6,2,1],[7,10,0],[8,2,2],[8,4,1],[8,9,1],[8,9,2],[8,10,0],[8,10,2],[9,8,0],[9,10,1],[10,2,2],[10,4,1],[10,9,1],[10,9,2],[11,1,0],[11,1,1],[11,3,2],[11,7,2]]",37,392,19665,"[1,1,1,1,1,1,1,1,1,1,1,1,0,0,0,0,0,0,0,0,0,0,0,0,0,0,0,0,0,0,0,0,0,0,0,0,0,0,0,0,0,0,0,0,0]",4095,12,12,0
cklr_m12_s14_22d71349d7d4921f,22d71349d7d4921f,12,45,14,2104327335431650011,0.09,3,3,"[[0,1,0],[0,4,2],[1,3,2],[1,6,0],[1,9,2],[1,10,1],[2,0,0],[2,2,2],[3,1,1],[3,1,2],[3,7,0],[4,4,0],[4,4,2],[4,7,0],[4,7,1],[4,8,0],[4,9,1],[5,4,1],[5,10,1],[6,2,2],[6,5,1],[6,7,1],[6,10,1],[7,1,1],[7,8,2],[7,10,2],[8,6,0],[8,8,2],[9,2,0],[9,2,1],[10,5,2],[11,2,0],[11,2,2],[11,3,0],[11,5,0],[11,6,0],[11,8,1]]",37,392,19665,"[1,1,1,1,1,1,1,1,1,1,1,1,0,0,0,0,0,0,0,0,0,0,0,0,0,0,0,0,0,0,0,0,0,0,0,0,0,0,0,0,0,0,0,0,0]",4095,12,12,0
cklr_m12_s15_a3214566096b1b82,a3214566096b1b82,12,45,15,2020594428112777601,0.09,3,4,"[[0,4,2],[0,5,1],[0,7,1],[0,10,0],[1,1,2],[1,3,1],[1,3,2],[2,6,0],[3,0,1],[3,1,2],[3,2,1],[3,6,2],[3,7,2],[4,8,0],[5,1,1],[5,1,2],[6,0,2],[6,1,0],[6,4,2],[6,5,0],[6,8,0],[7,3,2],[7,6,1],[7,8,1],[7,9,0],[8,0,1],[8,8,1],[9,10,2],[10,4,0],[10,5,1],[11,6,1],[11,6,2]]",32,397,19890,"[1,1,1,1,1,1,1,1,1,1,1,1,0,0,0,0,0,0,0,0,0,0,0,0,0,0,0,0,0,0,0,0,0,0,0,0,0,0,0,0,0,0,0,0,0]",4095,12,12,0
cklr_m12_s16_40e3b9c689726fe8,40e3b9c689726fe8,12,45,16,3280746604225469857,0.11,4,1,"[[0,1,0],[0,4,2],[0,9,1],[1,0,1],[1,1,0],[2,1,2],[2,2,1],[2,3,2],[3,2,2],[3,7,2],[4,9,2],[4,10,0],[5,0,0],[5,0,2],[5,4,1],[5,8,2],[6,10,0],[7,2,0],[7,5,0],[7,5,2],[7,7,1],[7,8,1],[8,6,2],[8,8,0],[8,10,1],[9,3,2],[9,8,0],[10,3,2],[10,8,1],[10,8,2],[10,9,0],[10,10,1],[11,2,0],[11,2,1],[11,3,0],[11,6,1],[11,7,1],[11,9,0]]",38,391,19620,"[1,1,1,1,1,1,1,1,1,1,1,1,0,0,0,0,0,0,0,0,0,0,0,0,0,0,0,0,0,0,0,0,0,0,0,0,0,0,0,0,0,0,0,0,0]",4095,12,12,0
cklr_m12_s17_07b5c6ef9355c949,07b5c6ef9355c949,12,45,17,8196099248867348149,0.11,4,2,"[[0,3,1],[0,3,2],[0,5,1],[0,8,2],[1,0,2],[1,1,1],[1,3,1],[1,3,2],[1,5,1],[1,6,1],[1,7,1],[1,8,1],[2,1,0],[2,3,0],[2,4,1],[2,10,0],[3,0,0],[3,1,1],[3,2,2],[3,3,2],[3,5,0],[3,6,0],[3,7,2],[3,8,1],[3,8,2],[3,10,0],[4,1,2],[4,3,1],[5,2,0],[5,5,0],[5,10,0],[6,1,1],[6,5,0],[6,6,0],[6,6,1],[6,8,2],[7,1,1],[7,4,1],[7,8,2],[8,10,0],[9,2,0],[9,2,1],[9,4,1],[9,8,1],[10,0,0],[10,10,2],[11,4,2],[11,8,1]]",48,381,19170,"[1,1,1,1,1,1,1,1,1,1,1,1,0,0,0,0,0,0,0,0,0,0,0,0,0,0,0,0,0,0,0,0,0,0,0,0,0,0,0,0,0,0,0,0,0]",4095,12,12,0
cklr_m12_s18_f9d60be2ba2f9642,f9d60be2ba2f9642,12,45,18,4284954546646653798,0.11,4,3,"[[0,0,2],[0,1,2],[0,3,0],[0,3,2],[1,1,2],[1,4,1],[1,8,0],[2,3,1],[2,3,2],[3,2,1],[3,9,1],[4,0,2],[4,4,2],[4,9,1],[4,9,2],[5,1,2],[5,3,0],[5,4,0],[5,4,1],[5,8,1],[5,8,2],[5,9,1],[6,0,2],[6,1,0],[6,1,1],[6,2,0],[6,8,2],[7,2,0],[7,2,1],[7,5,2],[7,6,0],[7,7,0],[8,2,0],[8,4,1],[8,6,2],[9,1,1],[9,1,2],[9,2,2],[9,3,1],[9,5,1],[9,5,2],[9,10,1],[9,10,2],[10,5,1],[10,8,1],[11,1,1],[11,3,0],[11,5,2]]",48,381,19170,"[1,1,1,1,1,1,1,1,1,1,1,1,0,0,0,0,0,0,0,0,0,0,0,0,0,0,0,0,0,0,0,0,0,0,0,0,0,0,0,0,0,0,0,0,0]",4095,12,12,0
cklr_m12_s19_47b3dddc42a6741c,47b3dddc42a6741c,12,45,19,8036477333749877966,0.11,4,4,"[[0,1,0],[0,2,2],[0,5,1],[0,9,1],[0,9,2],[1,2,0],[1,6,0],[1,7,2],[2,0,1],[2,1,0],[2,3,2],[3,1,1],[4,0,2],[4,5,0],[4,7,2],[5,1,1],[5,10,0],[6,3,1],[6,5,0],[6,6,1],[6,9,1],[6,10,2],[7,3,2],[7,7,1],[7,10,1],[8,5,1],[8,10,2],[9,3,0],[9,7,0],[9,7,1],[10,6,1],[10,7,0],[10,8,0],[10,10,1],[11,0,2],[11,2,0],[11,2,2],[11,4,2],[11,5,1],[11,8,2],[11,9,1]]",41,388,19485,"[1,1,1,1,1,1,1,1,1,1,1,1,0,0,0,0,0,0,0,0,0,0,0,0,0,0,0,0,0,0,0,0,0,0,0,0,0,0,0,0,0,0,0,0,0]",4095,12,12,0
cklr_m12_s20_9304602d46ac68d7,9304602d46ac68d7,12,45,20,8916620297136709087,0.03,0,1,"[[1,3,1],[2,10,2],[3,8,0],[4,4,2],[5,3,0],[5,4,0],[7,8,2],[7,10,2],[8,0,1],[8,7,1],[8,9,1],[9,3,0],[10,2,1]]",13,416,20745,"[1,1,1,1,1,1,1,1,1,1,1,1,0,0,0,0,0,0,0,0,0,0,0,0,0,0,0,0,0,0,0,0,0,0,0,0,0,0,0,0,0,0,0,0,0]",4095,12,12,0
cklr_m12_s21_aa8763e1a2785e1a,aa8763e1a2785e1a,12,45,21,8242091356428812363,0.03,0,2,"[[0,4,1],[0,8,1],[8,0,1],[9,2,0],[11,3,0]]",5,424,21105,"[1,1,1,1,1,1,1,1,1,1,1,1,0,0,0,0,0,0,0,0,0,0,0,0,0,0,0,0,0,0,0,0,0,0,0,0,0,0,0,0,0,0,0,0,0]",4095,12,12,0
cklr_m12_s22_6d1cabaebf8df27e,6d1cabaebf8df27e,12,45,22,3924612349533842317,0.03,0,3,"[[2,6,0],[4,2,2],[6,2,1],[7,4,1],[8,5,1],[9,3,2],[9,10,2],[10,9,1]]",8,421,20970,"[1,1,1,1,1,1,1,1,1,1,1,1,0,0,0,0,0,0,0,0,0,0,0,0,0,0,0,0,0,0,0,0,0,0,0,0,0,0,0,0,0,0,0,0,0]",4095,12,12,0
cklr_m12_s23_133bf452044883cb,133bf452044883cb,12,45,23,996000992768812490,0.03,0,4,"[[0,0,2],[0,8,2],[3,0,1],[6,0,0],[6,3,1],[7,7,1],[10,5,2],[10,7,1],[10,10,2],[11,3,0],[11,4,2]]",11,418,20835,"[1,1,1,1,1,1,1,1,1,1,1,1,0,0,0,0,0,0,0,0,0,0,0,0,0,0,0,0,0,0,0,0,0,0,0,0,0,0,0,0,0,0,0,0,0]",4095,12,12,0
cklr_m12_s24_5209307aeeb16e2e,5209307aeeb16e2e,12,45,24,1279710596818632708,0.03,0,5,"[[0,5,2],[0,7,1],[2,4,1],[3,2,2],[3,8,0],[4,2,0],[4,4,1],[4,10,1],[5,3,1],[5,7,1],[7,3,1],[7,5,0],[7,8,2],[7,9,0],[8,0,1],[11,5,1],[11,6,0]]",17,412,20565,"[1,1,1,1,1,1,1,1,1,1,1,1,0,0,0,0,0,0,0,0,0,0,0,0,0,0,0,0,0,0,0,0,0,0,0,0,0,0,0,0,0,0,0,0,0]",4095,12,12,0
cklr_m12_s25_b5588fc1672aa069,b5588fc1672aa069,12,45,25,3169930755755652853,0.03,0,6,"[[2,0,0],[4,2,2],[4,6,1],[5,1,1],[5,3,1],[5,4,0],[5,5,2],[5,8,1],[6,0,0],[6,5,1],[7,8,2],[8,2,1],[9,5,1],[9,9,0],[10,1,0],[11,0,0]]",16,413,20610,"[1,1,1,1,1,1,1,1,1,1,1,1,0,0,0,0,0,0,0,0,0,0,0,0,0,0,0,0,0,0,0,0,0,0,0,0,0,0,0,0,0,0,0,0,0]",4095,12,12,0
cklr_m12_s26_6476290160716b44,6476290160716b44,12,45,26,5830713273492275635,0.05,1,1,"[[0,2,1],[0,4,2],[0,10,1],[1,4,2],[1,9,2],[2,1,1],[4,1,2],[5,10,2],[6,2,0],[7,4,0],[7,6,0],[7,7,1],[7,10,1],[8,0,0],[8,5,1],[10,1,0],[11,0,2],[11,5,1]]",18,411,20520,"[1,1,1,1,1,1,1,1,1,1,1,1,0,0,0,0,0,0,0,0,0,0,0,0,0,0,0,0,0,0,0,0,0,0,0,0,0,0,0,0,0,0,0,0,0]",4095,12,12,0
cklr_m12_s27_e6c567c3f4a9ef99,e6c567c3f4a9ef99,12,45,27,1449163286749446729,0.05,1,2,"[[0,3,1],[0,8,0],[0,8,1],[1,2,2],[1,4,0],[1,9,2],[1,10,0],[2,6,0],[2,9,2],[3,3,1],[3,6,0],[4,7,1],[5,1,2],[5,7,0],[5,8,2],[6,0,2],[6,5,0],[6,7,0],[7,8,1],[7,9,2],[9,2,2],[9,4,2],[9,6,0],[10,1,0],[10,7,1]]",25,404,20205,"[1,1,1,1,1,1,1,1,1,1,1,1,0,0,0,0,0,0,0,0,0,0,0,0,0,0,0,0,0,0,0,0,0,0,0,0,0,0,0,0,0,0,0,0,0]",4095,12,12,0
cklr_m12_s28_5b190f1c90c271a3,5b190f1c90c271a3,12,45,28,1542386451213344393,0.05,1,3,"[[1,4,1],[1,6,1],[2,8,2],[2,10,0],[4,2,0],[5,2,0],[5,8,2],[5,9,1],[5,10,2],[6,1,0],[7,7,0],[7,10,0],[8,2,0],[8,7,2],[8,10,1],[9,2,1],[9,6,0],[10,3,2],[10,4,0],[11,1,0],[11,6,2],[11,7,0],[11,8,1],[11,9,1],[11,10,1]]",25,404,20205,"[1,1,1,1,1,1,1,1,1,1,1,1,0,0,0,0,0,0,0,0,0,0,0,0,0,0,0,0,0,0,0,0,0,0,0,0,0,0,0,0,0,0,0,0,0]",4095,12,12,0
cklr_m12_s29_9461d0b0d92a5014,9461d0b0d92a5014,12,45,29,7463373281728133185,0.05,1,4,"[[0,5,1],[1,9,0],[1,10,0],[2,2,1],[2,6,2],[4,1,1],[4,4,2],[6,1,0],[7,1,0],[7,10,2],[8,5,0],[8,8,0],[9,7,0]]",13,416,20745,"[1,1,1,1,1,1,1,1,1,1,1,1,0,0,0,0,0,0,0,0,0,0,0,0,0,0,0,0,0,0,0,0,0,0,0,0,0,0,0,0,0,0,0,0,0]",4095,12,12,0
cklr_m12_s30_ace6402d4361d863,ace6402d4361d863,12,45,30,6860599081099102913,0.05,1,5,"[[0,2,0],[0,4,0],[0,6,1],[0,10,2],[1,3,1],[1,5,0],[1,8,2],[1,10,0],[2,3,0],[2,7,0],[3,5,2],[4,6,1],[5,4,0],[5,7,0],[6,7,2],[8,6,0],[8,10,0],[10,1,0],[10,3,1],[10,3,2],[10,7,0],[10,7,1]]",22,407,20340,"[1,1,1,1,1,1,1,1,1,1,1,1,0,0,0,0,0,0,0,0,0,0,0,0,0,0,0,0,0,0,0,0,0,0,0,0,0,0,0,0,0,0,0,0,0]",4095,12,12,0
cklr_m12_s31_51bc65750677ec41,51bc65750677ec41,12,45,31,3068721847938182864,0.05,1,6,"[[0,0,2],[0,4,2],[0,6,2],[0,7,2],[0,9,2],[0,10,0],[1,0,2],[1,2,0],[2,2,1],[2,9,0],[3,0,2],[3,1,2],[3,10,1],[4,3,1],[4,3,2],[5,1,2],[5,4,1],[5,9,0],[6,1,0],[6,9,2],[7,7,2],[7,10,0],[8,0,0],[8,3,2],[8,4,2],[8,8,0],[10,2,0],[10,3,1],[11,4,1],[11,6,1]]",30,399,19980,"[1,1,1,1,1,1,1,1,1,1,1,1,0,0,0,0,0,0,0,0,0,0,0,0,0,0,0,0,0,0,0,0,0,0,0,0,0,0,0,0,0,0,0,0,0]",4095,12,12,0
cklr_m12_s32_1a6b6597c7e4bfa6,1a6b6597c7e4bfa6,12,45,32,7647474662384011905,0.07,2,1,"[[0,8,0],[1,8,2],[2,3,2],[2,4,2],[2,5,0],[2,8,2],[2,9,2],[2,10,1],[3,8,1],[4,9,0],[4,10,2],[5,9,2],[6,0,0],[6,0,1],[6,6,1],[7,3,0],[8,6,2],[9,2,2],[10,2,0],[10,5,2],[10,6,1],[10,8,1],[10,10,1],[11,7,2],[11,10,2]]",25,404,20205,"[1,1,1,1,1,1,1,1,1,1,1,1,0,0,0,0,0,0,0,0,0,0,0,0,0,0,0,0,0,0,0,0,0,0,0,0,0,0,0,0,0,0,0,0,0]",4095,12,12,0
cklr_m12_s33_1e6f23f20bc1393b,1e6f23f20bc1393b,12,45,33,1215934782100889045,0.07,2,2,"[[0,0,1],[0,6,1],[1,2,2],[1,10,0],[1,10,2],[2,4,0],[2,5,1],[2,7,0],[2,10,1],[3,6,2],[4,2,2],[4,3,0],[4,4,1],[4,5,1],[4,6,1],[4,8,0],[4,9,0],[4,9,1],[5,0,2],[5,6,0],[5,6,1],[5,8,1],[5,9,0],[6,0,2],[6,4,0],[7,3,0],[7,4,2],[8,1,0],[8,5,0],[9,4,1],[9,9,0],[10,3,0],[11,0,2],[11,10,1]]",34,395,19800,"[1,1,1,1,1,1,1,1,1,1,1,1,0,0,0,0,0,0,0,0,0,0,0,0,0,0,0,0,0,0,0,0,0,0,0,0,0,0,0,0,0,0,0,0,0]",4095,12,12,0
cklr_m12_s34_00dc3147ebea1d2b,00dc3147ebea1d2b,12,45,34,4650576246778846613,0.07,2,3,"[[0,0,2],[0,4,2],[0,10,1],[2,4,2],[2,7,2],[2,10,0],[2,10,2],[3,6,1],[5,10,0],[6,1,0],[6,7,1],[6,7,2],[7,7,2],[8,0,0],[8,1,0],[8,4,0],[8,5,1],[8,6,2],[8,8,1],[8,9,0],[8,9,1],[8,10,0],[9,2,2],[10,8,0],[11,3,1],[11,7,1],[11,7,2],[11,8,2]]",28,401,20070,"[1,1,1,1,1,1,1,1,1,1,1,1,0,0,0,0,0,0,0,0,0,0,0,0,0,0,0,0,0,0,0,0,0,0,0,0,0,0,0,0,0,0,0,0,0]",4095,12,12,0
cklr_m12_s35_235590049cb0a311,235590049cb0a311,12,45,35,8468872017284823584,0.07,2,4,"[[1,1,2],[1,7,0],[1,7,2],[1,10,0],[2,1,2],[3,4,2],[5,1,2],[5,2,0],[6,1,0],[7,2,0],[7,2,2],[7,7,0],[8,4,0],[8,6,2],[9,2,0],[9,4,1],[9,6,1],[10,0,2],[10,3,1],[11,1,2],[11,8,0],[11,9,0],[11,10,1]]",23,406,20295,"[1,1,1,1,1,1,1,1,1,1,1,1,0,0,0,0,0,0,0,0,0,0,0,0,0,0,0,0,0,0,0,0,0,0,0,0,0,0,0,0,0,0,0,0,0]",4095,12,12,0
cklr_m12_s36_755afac61ab33be1,755afac61ab33be1,12,45,36,8461483210515582666,0.07,2,5,"[[0,8,1],[1,4,2],[1,8,0],[1,8,1],[1,9,1],[2,0,2],[2,7,2],[3,10,2],[4,3,0],[5,2,1],[5,8,1],[6,5,2],[6,9,0],[8,0,1],[9,1,1],[9,5,0],[9,7,2],[9,9,0],[11,3,0]]",19,410,20475,"[1,1,1,1,1,1,1,1,1,1,1,1,0,0,0,0,0,0,0,0,0,0,0,0,0,0,0,0,0,0,0,0,0,0,0,0,0,0,0,0,0,0,0,0,0]",4095,12,12,0
cklr_m12_s37_37255c721115a7aa,37255c721115a7aa,12,45,37,1540434597958285580,0.07,2,6,"[[0,4,2],[0,7,1],[0,9,1],[1,1,1],[2,3,0],[2,6,0],[2,8,0],[2,10,1],[3,5,1],[3,9,0],[4,4,1],[4,9,1],[5,0,0],[5,8,0],[6,1,0],[6,2,0],[6,2,1],[6,4,1],[7,4,0],[8,1,2],[8,7,1],[9,0,0],[9,5,2],[9,8,0],[10,1,0],[10,2,1],[10,6,0],[10,7,2],[11,6,1]]",29,400,20025,"[1,1,1,1,1,1,1,1,1,1,1,1,0,0,0,0,0,0,0,0,0,0,0,0,0,0,0,0,0,0,0,0,0,0,0,0,0,0,0,0,0,0,0,0,0]",4095,12,12,0
cklr_m12_s38_1949cec98cab10e2,1949cec98cab10e2,12,45,38,7388870937135794639,0.09,3,1,"[[0,3,1],[0,8,0],[0,8,1],[0,10,1],[1,0,2],[1,1,2],[1,8,1],[2,0,2],[2,6,0],[2,6,1],[2,10,2],[3,1,2],[3,3,2],[3,6,0],[3,7,1],[4,2,1],[4,2,2],[4,4,1],[4,4,2],[5,2,1],[6,5,2],[6,9,1],[7,3,1],[7,4,2],[7,7,0],[7,8,2],[8,1,1],[8,4,0],[8,4,1],[8,10,0],[8,10,1],[9,2,0],[9,4,2],[9,6,0],[9,8,0],[10,0,1],[10,0,2],[10,1,2],[10,3,0],[10,7,0],[10,8,2],[11,0,1],[11,5,0],[11,6,1],[11,10,1]]",45,384,19305,"[1,1,1,1,1,1,1,1,1,1,1,1,0,0,0,0,0,0,0,0,0,0,0,0,0,0,0,0,0,0,0,0,0,0,0,0,0,0,0,0,0,0,0,0,0]",4095,12,12,0
cklr_m12_s39_640844551e5e3d90,640844551e5e3d90,12,45,39,2983135915611874977,0.09,3,2,"[[0,0,1],[0,2,1],[0,2,2],[0,3,2],[0,6,0],[0,8,2],[1,0,1],[1,2,0],[1,4,2],[2,3,0],[2,3,1],[2,4,1],[2,5,1],[2,8,1],[3,5,2],[3,6,0],[3,8,0],[3,8,1],[3,10,2],[4,6,1],[4,9,0],[5,4,2],[6,2,0],[6,4,0],[6,5,1],[6,8,1],[6,8,2],[7,0,1],[7,1,1],[7,4,0],[8,3,0],[8,4,0],[8,5,2],[8,7,1],[8,8,1],[9,3,1],[10,1,0],[10,2,0],[10,4,2],[11,1,0],[11,6,1]]",41,388,19485,"[1,1,1,1,1,1,1,1,1,1,1,1,0,0,0,0,0,0,0,0,0,0,0,0,0,0,0,0,0,0,0,0,0,0,0,0,0,0,0,0,0,0,0,0,0]",4095,12,12,0
cklr_m12_s40_d0a1859b1c66caf5,d0a1859b1c66caf5,12,45,40,7597554292381447938,0.09,3,3,"[[0,3,0],[0,3,1],[1,0,2],[2,5,0],[2,9,1],[2,10,1],[3,5,1],[3,6,1],[3,8,2],[4,2,1],[4,9,0],[5,0,1],[5,5,2],[5,7,0],[6,2,1],[6,4,2],[6,8,0],[6,10,1],[7,2,1],[7,3,2],[7,10,0],[8,0,2],[9,7,2],[9,8,1],[10,3,0],[10,5,2],[10,8,1],[11,2,0]]",28,401,20070,"[1,1,1,1,1,1,1,1,1,1,1,1,0,0,0,0,0,0,0,0,0,0,0,0,0,0,0,0,0,0,0,0,0,0,0,0,0,0,0,0,0,0,0,0,0]",4095,12,12,0
cklr_m12_s41_9aff57d8cd0beee6,9aff57d8cd0beee6,12,45,41,8671073732065524323,0.09,3,4,"[[0,8,0],[0,9,1],[1,2,0],[1,3,0],[1,3,1],[1,5,0],[1,5,2],[1,8,0],[1,8,2],[1,9,1],[2,2,1],[2,4,2],[2,6,2],[3,9,2],[4,3,0],[4,6,0],[5,2,1],[5,4,0],[5,4,1],[5,8,0],[5,8,2],[5,10,2],[6,1,0],[6,3,1],[6,10,1],[7,10,0],[8,5,0],[9,2,0],[9,2,2],[9,3,0],[9,6,1],[9,10,0],[10,6,0],[11,0,2],[11,1,0],[11,8,2]]",36,393,19710,"[1,1,1,1,1,1,1,1,1,1,1,1,0,0,0,0,0,0,0,0,0,0,0,0,0,0,0,0,0,0,0,0,0,0,0,0,0,0,0,0,0,0,0,0,0]",4095,12,12,0
cklr_m12_s42_1e705f3ea38d0355,1e705f3ea38d0355,12,45,42,3259851678423935808,0.09,3,5,"[[0,4,2],[0,9,0],[0,10,1],[1,0,1],[1,0,2],[1,4,0],[1,6,1],[1,9,0],[1,10,0],[2,1,1],[2,3,2],[2,5,1],[3,8,0],[3,9,1],[4,10,1],[5,1,2],[5,7,1],[6,6,0],[6,7,2],[7,3,1],[7,6,1],[7,10,2],[8,0,1],[8,4,2],[8,8,1],[8,10,2],[9,3,2],[10,2,2],[11,6,1],[11,7,2],[11,10,2]]",31,398,19935,"[1,1,1,1,1,1,1,1,1,1,1,1,0,0,0,0,0,0,0,0,0,0,0,0,0,0,0,0,0,0,0,0,0,0,0,0,0,0,0,0,0,0,0,0,0]",4095,12,12,0
cklr_m12_s43_26580565eb02ac85,26580565eb02ac85,12,45,43,1249265689516143165,0.09,3,6,"[[0,1,0],[0,4,1],[0,8,1],[1,0,2],[1,3,2],[1,5,2],[1,7,2],[2,6,0],[3,5,2],[3,7,2],[3,10,1],[4,1,0],[4,9,2],[4,10,2],[5,4,0],[5,8,0],[6,8,1],[7,1,2],[7,4,0],[7,8,0],[7,8,2],[8,0,2],[8,4,0],[8,7,2],[9,7,2],[10,4,2],[10,10,1],[11,1,2]]",28,401,20070,"[1,1,1,1,1,1,1,1,1,1,1,1,0,0,0,0,0,0,0,0,0,0,0,0,0,0,0,0,0,0,0,0,0,0,0,0,0,0,0,0,0,0,0,0,0]",4095,12,12,0
cklr_m12_s44_15db95b2b302cdf5,15db95b2b302cdf5,12,45,44,299201035606942911,0.11,4,1,"[[0,3,0],[0,4,0],[0,4,2],[0,5,1],[1,7,2],[1,9,2],[2,1,0],[2,5,1],[2,8,1],[2,10,2],[3,0,1],[3,1,0],[3,5,0],[4,4,1],[5,2,1],[5,4,1],[5,5,0],[5,6,1],[5,8,0],[5,8,2],[6,3,0],[6,8,0],[7,1,0],[7,2,1],[7,3,2],[7,4,0],[8,0,0],[8,1,2],[8,2,1],[8,3,2],[8,7,1],[8,8,0],[9,1,2],[9,7,2],[9,10,2],[10,5,1],[10,8,2],[10,9,0],[11,5,2],[11,10,1]]",40,389,19530,"[1,1,1,1,1,1,1,1,1,1,1,1,0,0,0,0,0,0,0,0,0,0,0,0,0,0,0,0,0,0,0,0,0,0,0,0,0,0,0,0,0,0,0,0,0]",4095,12,12,0
cklr_m12_s45_673ecfa99a7f742d,673ecfa99a7f742d,12,45,45,8403936745639709566,0.11,4,2,"[[0,3,2],[0,5,1],[0,6,0],[0,10,0],[1,1,0],[1,1,1],[1,2,1],[1,4,1],[1,5,2],[1,7,1],[1,9,1],[1,10,1],[1,10,2],[2,0,0],[2,0,2],[2,2,1],[3,6,0],[4,0,0],[4,2,0],[4,4,0],[4,5,0],[4,8,2],[4,10,2],[5,0,1],[5,0,2],[5,8,1],[6,8,1],[6,8,2],[7,1,2],[7,8,2],[7,9,1],[8,0,0],[8,4,0],[8,5,2],[8,7,0],[8,9,1],[8,10,1],[9,0,0],[9,1,2],[9,5,2],[9,7,0],[9,9,0],[10,1,1],[10,2,2],[10,3,1],[10,5,0],[10,5,1],[10,10,0],[11,1,0],[11,1,1],[11,1,2],[11,10,2]]",52,377,18990,"[1,1,1,1,1,1,1,1,1,1,1,1,0,0,0,0,0,0,0,0,0,0,0,0,0,0,0,0,0,0,0,0,0,0,0,0,0,0,0,0,0,0,0,0,0]",4095,12,12,0
cklr_m12_s46_fb68099bac497639,fb68099bac497639,12,45,46,6964488233421084782,0.11,4,3,"[[0,2,0],[0,4,2],[0,7,2],[0,8,1],[1,7,1],[1,7,2],[1,8,1],[2,1,2],[2,4,2],[2,5,0],[2,6,0],[2,6,2],[2,10,1],[3,2,2],[3,3,0],[3,4,1],[3,6,1],[3,9,1],[4,0,1],[4,4,1],[4,7,1],[4,8,2],[5,0,1],[6,0,2],[6,3,1],[6,5,0],[6,6,1],[6,9,0],[6,9,2],[7,0,0],[7,2,2],[7,3,2],[7,4,2],[7,8,1],[7,9,2],[8,3,0],[8,9,0],[8,10,0],[9,3,0],[9,4,0],[9,6,2],[9,9,1],[9,9,2],[10,0,1],[11,5,1]]",45,384,19305,"[1,1,1,1,1,1,1,1,1,1,1,1,0,0,0,0,0,0,0,0,0,0,0,0,0,0,0,0,0,0,0,0,0,0,0,0,0,0,0,0,0,0,0,0,0]",4095,12,12,0
cklr_m12_s47_25e3071afeb9db6c,25e3071afeb9db6c,12,45,47,3196757229387916369,0.11,4,4,"[[0,0,0],[0,1,2],[0,5,2],[0,8,0],[0,9,2],[2,0,0],[2,1,1],[2,5,2],[2,9,1],[3,1,0],[3,9,2],[4,1,2],[4,2,2],[5,0,2],[5,4,1],[5,6,2],[5,9,2],[6,1,2],[6,4,1],[6,9,0],[7,0,1],[7,10,1],[8,2,0],[8,3,1],[8,4,0],[9,0,1],[9,1,0],[9,2,2],[9,5,2],[10,7,1],[10,7,2],[11,4,1]]",32,397,19890,"[1,1,1,1,1,1,1,1,1,1,1,1,0,0,0,0,0,0,0,0,0,0,0,0,0,0,0,0,0,0,0,0,0,0,0,0,0,0,0,0,0,0,0,0,0]",4095,12,12,0
cklr_m12_s48_27290b33e8b0cdb3,27290b33e8b0cdb3,12,45,48,4948169342332893658,0.11,4,5,"[[0,2,0],[0,3,0],[0,6,0],[0,7,2],[1,7,0],[1,7,1],[2,4,0],[2,4,2],[2,8,1],[4,1,2],[4,10,1],[5,3,1],[5,5,1],[5,9,2],[6,2,0],[6,3,1],[6,3,2],[6,4,0],[6,9,1],[7,3,1],[7,5,2],[7,9,0],[7,10,0],[8,3,0],[8,4,1],[8,5,2],[8,7,2],[8,9,1],[8,10,0],[8,10,1],[9,1,1],[9,5,0],[9,5,1],[9,8,1],[9,10,2],[10,3,2],[10,4,1],[10,9,0],[11,10,0]]",39,390,19575,"[1,1,1,1,1,1,1,1,1,1,1,1,0,0,0,0,0,0,0,0,0,0,0,0,0,0,0,0,0,0,0,0,0,0,0,0,0,0,0,0,0,0,0,0,0]",4095,12,12,0
cklr_m12_s49_bc30f7fad33a47b7,bc30f7fad33a47b7,12,45,49,2893368620791152587,0.11,4,6,"[[0,2,2],[0,3,0],[0,5,2],[0,8,0],[1,6,1],[1,9,2],[1,10,2],[2,9,2],[3,0,1],[4,0,0],[4,1,1],[4,1,2],[4,2,2],[4,5,1],[4,5,2],[4,6,2],[4,7,1],[4,8,2],[5,3,0],[5,6,1],[6,3,1],[6,5,0],[6,8,0],[6,10,0],[6,10,1],[6,10,2],[7,0,2],[8,1,1],[8,7,0],[9,0,2],[9,6,0],[9,10,1],[10,1,1],[10,7,0],[11,2,2],[11,4,0],[11,4,1],[11,5,1],[11,9,1]]",39,390,19575,"[1,1,1,1,1,1,1,1,1,1,1,1,0,0,0,0,0,0,0,0,0,0,0,0,0,0,0,0,0,0,0,0,0,0,0,0,0,0,0,0,0,0,0,0,0]",4095,12,12,0
cklr_m12_s50_1f161d368f79a768,1f161d368f79a768,12,45,50,5150980097380950580,0.03,0,1,"[[0,0,0],[0,3,2],[0,10,1],[1,2,1],[3,3,2],[4,5,0],[5,9,1],[5,10,2],[8,5,1],[8,9,2],[9,4,1],[9,9,1],[11,0,1],[11,7,0]]",14,415,20700,"[1,1,1,1,1,1,1,1,1,1,1,1,0,0,0,0,0,0,0,0,0,0,0,0,0,0,0,0,0,0,0,0,0,0,0,0,0,0,0,0,0,0,0,0,0]",4095,12,12,0
cklr_m12_s51_1f216860343a957b,1f216860343a957b,12,45,51,3586855640567230545,0.03,0,2,"[[1,6,2],[1,10,1],[4,1,2],[6,0,2],[6,5,2],[7,5,2],[7,9,0],[9,4,1],[10,6,0]]",9,420,20925,"[1,1,1,1,1,1,1,1,1,1,1,1,0,0,0,0,0,0,0,0,0,0,0,0,0,0,0,0,0,0,0,0,0,0,0,0,0,0,0,0,0,0,0,0,0]",4095,12,12,0
cklr_m12_s52_523d3a1bc15b1eb1,523d3a1bc15b1eb1,12,45,52,5437468001510240395,0.03,0,3,"[[3,0,1],[3,3,1],[4,2,0],[4,4,0],[4,6,0],[6,4,2],[7,7,1],[7,8,2],[8,2,2],[9,4,2],[10,4,1],[11,1,2],[11,4,0]]",13,416,20745,"[1,1,1,1,1,1,1,1,1,1,1,1,0,0,0,0,0,0,0,0,0,0,0,0,0,0,0,0,0,0,0,0,0,0,0,0,0,0,0,0,0,0,0,0,0]",4095,12,12,0
cklr_m12_s53_58db53f66d80234a,58db53f66d80234a,12,45,53,267996717827312639,0.03,0,4,"[[5,0,2],[5,2,1],[6,6,1],[6,7,0],[7,0,1],[7,3,2],[8,3,0],[9,10,1],[10,7,0],[11,9,2]]",10,419,20880,"[1,1,1,1,1,1,1,1,1,1,1,1,0,0,0,0,0,0,0,0,0,0,0,0,0,0,0,0,0,0,0,0,0,0,0,0,0,0,0,0,0,0,0,0,0]",4095,12,12,0
cklr_m12_s54_2ef0016e0a57648e,2ef0016e0a57648e,12,45,54,8680878137465573698,0.03,0,5,"[[0,8,2],[3,9,1],[7,5,2],[8,0,1],[10,0,0],[10,1,1],[10,5,2],[10,7,0],[10,7,2]]",9,420,20925,"[1,1,1,1,1,1,1,1,1,1,1,1,0,0,0,0,0,0,0,0,0,0,0,0,0,0,0,0,0,0,0,0,0,0,0,0,0,0,0,0,0,0,0,0,0]",4095,12,12,0
cklr_m12_s55_cdfa1b60b83e8765,cdfa1b60b83e8765,12,45,55,6200571840581972678,0.03,0,6,"[[0,4,0],[1,6,0],[2,10,1],[3,5,1],[4,2,0],[6,0,0],[8,0,2],[10,6,2],[10,9,1],[10,10,0]]",10,419,20880,"[1,1,1,1,1,1,1,1,1,1,1,1,0,0,0,0,0,0,0,0,0,0,0,0,0,0,0,0,0,0,0,0,0,0,0,0,0,0,0,0,0,0,0,0,0]",4095,12,12,0
cklr_m12_s56_d51bb20ffe2212e2,d51bb20ffe2212e2,12,45,56,7482413427558333669,0.03,0,7,"[[1,2,2],[5,0,0],[6,9,1],[7,2,1],[8,8,2],[9,2,1],[10,5,0],[10,7,0],[11,3,2]]",9,420,20925,"[1,1,1,1,1,1,1,1,1,1,1,1,0,0,0,0,0,0,0,0,0,0,0,0,0,0,0,0,0,0,0,0,0,0,0,0,0,0,0,0,0,0,0,0,0]",4095,12,12,0
cklr_m12_s57_c5ea3b68a19a05e2,c5ea3b68a19a05e2,12,45,57,6999964152064118069,0.03,0,8,"[[1,9,1],[3,3,1],[4,6,1],[5,0,1],[7,10,2],[9,1,1],[9,2,2],[9,10,1],[11,1,0]]",9,420,20925,"[1,1,1,1,1,1,1,1,1,1,1,1,0,0,0,0,0,0,0,0,0,0,0,0,0,0,0,0,0,0,0,0,0,0,0,0,0,0,0,0,0,0,0,0,0]",4095,12,12,0
cklr_m12_s58_1822e1d76cb4e849,1822e1d76cb4e849,12,45,58,500903012950658168,0.03,0,9,"[[0,4,0],[1,4,2],[1,8,1],[2,10,2],[3,10,2],[5,3,1],[5,9,0],[6,7,1],[8,4,1],[8,5,0],[9,3,2],[10,9,0]]",12,417,20790,"[1,1,1,1,1,1,1,1,1,1,1,1,0,0,0,0,0,0,0,0,0,0,0,0,0,0,0,0,0,0,0,0,0,0,0,0,0,0,0,0,0,0,0,0,0]",4095,12,12,0
cklr_m12_s59_90d43dbe37806515,90d43dbe37806515,12,45,59,1852980258849294704,0.03,0,10,"[[0,8,0],[3,7,0],[4,0,1],[4,7,0],[8,0,0],[9,4,1],[10,2,0],[11,3,0]]",8,421,20970,"[1,1,1,1,1,1,1,1,1,1,1,1,0,0,0,0,0,0,0,0,0,0,0,0,0,0,0,0,0,0,0,0,0,0,0,0,0,0,0,0,0,0,0,0,0]",4095,12,12,0
cklr_m12_s60_286aa91befbd4783,286aa91befbd4783,12,45,60,6480358919306827634,0.03,0,11,"[[0,4,0],[2,7,1],[2,8,1],[3,3,2],[3,7,2],[4,6,1],[6,0,1],[7,7,0],[7,10,2],[10,2,2]]",10,419,20880,"[1,1,1,1,1,1,1,1,1,1,1,1,0,0,0,0,0,0,0,0,0,0,0,0,0,0,0,0,0,0,0,0,0,0,0,0,0,0,0,0,0,0,0,0,0]",4095,12,12,0
cklr_m12_s61_aaf34efb40bd8f80,aaf34efb40bd8f80,12,45,61,8257439240911590700,0.03,0,12,"[[0,5,2],[1,3,1],[1,7,0],[3,5,1],[4,8,0],[4,10,2],[5,1,1],[5,5,0],[6,8,2],[6,10,0],[6,10,1],[7,3,0],[7,3,2],[7,4,1],[7,6,0],[7,6,2],[8,1,0],[8,9,2],[11,10,0]]",19,410,20475,"[1,1,1,1,1,1,1,1,1,1,1,1,0,0,0,0,0,0,0,0,0,0,0,0,0,0,0,0,0,0,0,0,0,0,0,0,0,0,0,0,0,0,0,0,0]",4095,12,12,0
cklr_m12_s62_b3103da84f14bf50,b3103da84f14bf50,12,45,62,7487670851363157039,0.03,0,13,"[[0,1,2],[0,10,2],[1,10,0],[2,9,0],[3,0,0],[5,5,2],[9,1,1],[10,3,0],[11,9,0]]",9,420,20925,"[1,1,1,1,1,1,1,1,1,1,1,1,0,0,0,0,0,0,0,0,0,0,0,0,0,0,0,0,0,0,0,0,0,0,0,0,0,0,0,0,0,0,0,0,0]",4095,12,12,0
cklr_m12_s63_a586bf4c7801388c,a586bf4c7801388c,12,45,63,5826275541161608557,0.03,0,14,"[[0,2,0],[0,7,2],[1,0,0],[1,4,0],[2,1,0],[2,8,2],[3,5,1],[4,3,0],[5,5,0],[5,9,0],[5,9,1],[6,3,2],[7,7,2],[8,0,1],[8,2,1],[8,3,2],[9,4,2],[9,6,1],[9,8,0]]",19,410,20475,"[1,1,1,1,1,1,1,1,1,1,1,1,0,0,0,0,0,0,0,0,0,0,0,0,0,0,0,0,0,0,0,0,0,0,0,0,0,0,0,0,0,0,0,0,0]",4095,12,12,0
cklr_m12_s64_4f26c166474c4738,4f26c166474c4738,12,45,64,5355896860487494260,0.03,0,15,"[[1,8,2],[2,2,1],[2,6,0],[3,5,1],[3,9,0],[4,9,1],[5,3,0],[5,10,0],[7,2,1],[9,4,0],[9,9,0],[9,10,1],[11,3,0]]",13,416,20745,"[1,1,1,1,1,1,1,1,1,1,1,1,0,0,0,0,0,0,0,0,0,0,0,0,0,0,0,0,0,0,0,0,0,0,0,0,0,0,0,0,0,0,0,0,0]",4095,12,12,0
cklr_m12_s65_75395466976e5540,75395466976e5540,12,45,65,1634769444728217570,0.03,0,16,"[[0,10,1],[1,2,2],[1,6,1],[2,5,2],[3,5,2],[5,2,2],[6,2,0],[7,4,0],[7,8,0],[8,9,0],[9,2,1],[9,4,0],[10,3,2],[10,5,2],[10,7,1]]",15,414,20655,"[1,1,1,1,1,1,1,1,1,1,1,1,0,0,0,0,0,0,0,0,0,0,0,0,0,0,0,0,0,0,0,0,0,0,0,0,0,0,0,0,0,0,0,0,0]",4095,12,12,0
cklr_m12_s66_8915fa5fbf1b788f,8915fa5fbf1b788f,12,45,66,59826888529897685,0.03,0,17,"[[0,5,0],[0,6,1],[0,7,1],[1,6,1],[2,6,2],[4,8,2],[5,2,1],[5,10,0],[7,10,0],[8,1,0],[8,7,2],[9,0,1],[9,4,0],[9,8,0],[11,10,1]]",15,414,20655,"[1,1,1,1,1,1,1,1,1,1,1,1,0,0,0,0,0,0,0,0,0,0,0,0,0,0,0,0,0,0,0,0,0,0,0,0,0,0,0,0,0,0,0,0,0]",4095,12,12,0
cklr_m12_s67_d0d071a92dcc6124,d0d071a92dcc6124,12,45,67,5077746084192109825,0.03,0,18,"[[0,6,1],[2,10,0],[5,3,2],[6,5,1],[6,7,2],[7,4,0],[8,4,1],[8,10,2],[9,4,2]]",9,420,20925,"[1,1,1,1,1,1,1,1,1,1,1,1,0,0,0,0,0,0,0,0,0,0,0,0,0,0,0,0,0,0,0,0,0,0,0,0,0,0,0,0,0,0,0,0,0]",4095,12,12,0
cklr_m12_s68_5f0dfc1e848c41c8,5f0dfc1e848c41c8,12,45,68,2824945344677665348,0.03,0,19,"[[0,5,1],[1,7,0],[3,5,1],[3,10,2],[5,2,2],[5,7,2],[6,2,2],[7,1,2],[7,4,1],[8,9,2],[8,10,0],[9,0,2],[9,4,0]]",13,416,20745,"[1,1,1,1,1,1,1,1,1,1,1,1,0,0,0,0,0,0,0,0,0,0,0,0,0,0,0,0,0,0,0,0,0,0,0,0,0,0,0,0,0,0,0,0,0]",4095,12,12,0
cklr_m12_s69_259481cae0d27492,259481cae0d27492,12,45,69,7517629796489508335,0.03,0,20,"[[0,5,0],[0,10,0],[1,5,0],[4,3,2],[4,4,1],[5,10,1],[7,7,2],[7,9,1],[8,4,0],[8,10,2],[10,0,1],[10,4,0],[10,5,1],[10,10,2]]",14,415,20700,"[1,1,1,1,1,1,1,1,1,1,1,1,0,0,0,0,0,0,0,0,0,0,0,0,0,0,0,0,0,0,0,0,0,0,0,0,0,0,0,0,0,0,0,0,0]",4095,12,12,0
cklr_m12_s70_f28e5f09d3733878,f28e5f09d3733878,12,45,70,4071691787310823070,0.03,0,21,"[[1,2,0],[2,2,0],[2,4,1],[3,1,2],[3,7,0],[3,8,1],[4,5,2],[8,6,1],[9,5,1],[9,7,0],[11,1,2],[11,2,2],[11,5,0]]",13,416,20745,"[1,1,1,1,1,1,1,1,1,1,1,1,0,0,0,0,0,0,0,0,0,0,0,0,0,0,0,0,0,0,0,0,0,0,0,0,0,0,0,0,0,0,0,0,0]",4095,12,12,0
cklr_m12_s71_2585e3866976670f,2585e3866976670f,12,45,71,5748982268791616832,0.03,0,22,"[[0,2,2],[0,6,0],[1,6,1],[2,2,1],[4,4,0],[4,10,1],[6,8,2],[7,7,1],[8,2,0],[8,7,2],[8,10,1],[10,8,1]]",12,417,20790,"[1,1,1,1,1,1,1,1,1,1,1,1,0,0,0,0,0,0,0,0,0,0,0,0,0,0,0,0,0,0,0,0,0,0,0,0,0,0,0,0,0,0,0,0,0]",4095,12,12,0
cklr_m12_s72_6801c2f9ebaeae36,6801c2f9ebaeae36,12,45,72,8117768778758711772,0.03,0,23,"[[1,10,0],[1,10,2],[2,1,0],[2,3,0],[2,6,1],[5,0,0],[5,2,0],[5,5,1],[6,4,2],[6,8,2],[7,2,0],[7,8,2],[11,0,1],[11,3,2],[11,8,0]]",15,414,20655,"[1,1,1,1,1,1,1,1,1,1,1,1,0,0,0,0,0,0,0,0,0,0,0,0,0,0,0,0,0,0,0,0,0,0,0,0,0,0,0,0,0,0,0,0,0]",4095,12,12,0
cklr_m12_s73_a02441778403b215,a02441778403b215,12,45,73,7203518095550125911,0.03,0,24,"[[1,0,2],[2,6,0],[3,8,1],[4,4,1],[4,9,0],[10,7,2],[11,3,1],[11,8,0]]",8,421,20970,"[1,1,1,1,1,1,1,1,1,1,1,1,0,0,0,0,0,0,0,0,0,0,0,0,0,0,0,0,0,0,0,0,0,0,0,0,0,0,0,0,0,0,0,0,0]",4095,12,12,0
cklr_m12_s74_4914148f17ea0627,4914148f17ea0627,12,45,74,36626836754407678,0.03,0,25,"[[1,0,0],[1,2,0],[2,3,2],[3,4,2],[3,6,0],[6,8,1],[7,8,0],[8,0,0],[8,6,1],[9,1,1],[9,7,0],[10,1,2],[10,5,1],[10,9,2],[11,6,2]]",15,414,20655,"[1,1,1,1,1,1,1,1,1,1,1,1,0,0,0,0,0,0,0,0,0,0,0,0,0,0,0,0,0,0,0,0,0,0,0,0,0,0,0,0,0,0,0,0,0]",4095,12,12,0
cklr_m12_s75_dfe701cab8fa20a5,dfe701cab8fa20a5,12,45,75,4210878612031263756,0.03,0,26,"[[0,7,0],[0,8,2],[1,9,1],[1,9,2],[4,5,2],[4,7,0],[5,7,1],[7,1,2],[7,5,1],[9,0,0],[9,0,2],[9,1,1],[10,2,1],[10,4,0],[11,9,0]]",15,414,20655,"[1,1,1,1,1,1,1,1,1,1,1,1,0,0,0,0,0,0,0,0,0,0,0,0,0,0,0,0,0,0,0,0,0,0,0,0,0,0,0,0,0,0,0,0,0]",4095,12,12,0
cklr_m12_s76_a962e421358078d5,a962e421358078d5,12,45,76,6674983228923044081,0.03,0,27,"[[2,3,2],[3,10,2],[5,0,2],[5,2,1],[5,3,2],[7,3,1],[7,7,0],[10,5,0],[10,8,0]]",9,420,20925,"[1,1,1,1,1,1,1,1,1,1,1,1,0,0,0,0,0,0,0,0,0,0,0,0,0,0,0,0,0,0,0,0,0,0,0,0,0,0,0,0,0,0,0,0,0]",4095,12,12,0
cklr_m12_s77_63ca7bd715fddcae,63ca7bd715fddcae,12,45,77,2392669079797369492,0.03,0,28,"[[2,10,1],[3,2,1],[4,3,0],[5,6,2]]",4,425,21150,"[1,1,1,1,1,1,1,1,1,1,1,1,0,0,0,0,0,0,0,0,0,0,0,0,0,0,0,0,0,0,0,0,0,0,0,0,0,0,0,0,0,0,0,0,0]",4095,12,12,0
cklr_m12_s78_fff19292c350ce7d,fff19292c350ce7d,12,45,78,6289094093538013173,0.03,0,29,"[[0,5,1],[5,0,1],[7,8,1],[9,4,2],[10,9,1]]",5,424,21105,"[1,1,1,1,1,1,1,1,1,1,1,1,0,0,0,0,0,0,0,0,0,0,0,0,0,0,0,0,0,0,0,0,0,0,0,0,0,0,0,0,0,0,0,0,0]",4095,12,12,0
cklr_m12_s79_5bf8bc56dfb0847f,5bf8bc56dfb0847f,12,45,79,5165216093422920680,0.03,0,30,"[[0,7,2],[0,8,1],[0,8,2],[1,3,2],[1,6,0],[1,9,0],[2,3,1],[3,1,2],[3,6,1],[5,3,1],[6,0,2],[10,1,2],[10,3,1],[11,3,0]]",14,415,20700,"[1,1,1,1,1,1,1,1,1,1,1,1,0,0,0,0,0,0,0,0,0,0,0,0,0,0,0,0,0,0,0,0,0,0,0,0,0,0,0,0,0,0,0,0,0]",4095,12,12,0
cklr_m12_s80_03d42cc0856c77c5,03d42cc0856c77c5,12,45,80,7123809828055828489,0.05,1,1,"[[0,2,2],[0,4,1],[0,9,1],[1,0,2],[1,6,0],[1,8,1],[1,8,2],[2,2,2],[3,9,2],[4,0,0],[4,8,0],[5,7,1],[6,0,0],[6,1,0],[6,8,0],[7,1,2],[7,2,0],[8,3,0],[8,3,1],[9,3,1],[9,6,2],[10,1,0],[10,6,0]]",23,406,20295,"[1,1,1,1,1,1,1,1,1,1,1,1,0,0,0,0,0,0,0,0,0,0,0,0,0,0,0,0,0,0,0,0,0,0,0,0,0,0,0,0,0,0,0,0,0]",4095,12,12,0
cklr_m12_s81_c30cedca2bb06368,c30cedca2bb06368,12,45,81,2138301877866063116,0.05,1,2,"[[0,4,0],[0,7,0],[0,7,2],[1,2,2],[1,6,2],[2,3,0],[2,5,2],[2,6,1],[2,8,0],[2,10,2],[3,9,0],[4,4,1],[5,8,1],[6,3,2],[6,8,1],[7,4,1],[7,5,2],[7,7,0],[8,3,0],[8,7,2],[9,0,0],[11,1,1],[11,2,0]]",23,406,20295,"[1,1,1,1,1,1,1,1,1,1,1,1,0,0,0,0,0,0,0,0,0,0,0,0,0,0,0,0,0,0,0,0,0,0,0,0,0,0,0,0,0,0,0,0,0]",4095,12,12,0
cklr_m12_s82_0de8a951a304dad2,0de8a951a304dad2,12,45,82,5968593054296912358,0.05,1,3,"[[0,0,0],[0,3,1],[2,4,1],[2,5,0],[2,5,1],[3,4,1],[3,5,1],[3,10,2],[4,5,2],[4,7,2],[4,8,0],[7,5,0],[7,5,2],[7,9,0],[8,1,2],[9,2,2],[9,8,0],[9,9,1],[10,5,0],[11,5,1]]",20,409,20430,"[1,1,1,1,1,1,1,1,1,1,1,1,0,0,0,0,0,0,0,0,0,0,0,0,0,0,0,0,0,0,0,0,0,0,0,0,0,0,0,0,0,0,0,0,0]",4095,12,12,0
cklr_m12_s83_001948139455c626,001948139455c626,12,45,83,202948389752402494,0.05,1,4,"[[0,1,1],[0,4,2],[0,10,0],[1,5,0],[1,10,0],[4,1,1],[4,5,1],[5,1,2],[5,5,1],[5,5,2],[5,6,0],[6,9,2],[6,10,0],[7,4,1],[8,3,0],[8,4,1],[9,9,1],[10,0,1],[11,3,2],[11,8,2]]",20,409,20430,"[1,1,1,1,1,1,1,1,1,1,1,1,0,0,0,0,0,0,0,0,0,0,0,0,0,0,0,0,0,0,0,0,0,0,0,0,0,0,0,0,0,0,0,0,0]",4095,12,12,0
cklr_m12_s84_82395e2b295c92c0,82395e2b295c92c0,12,45,84,1024216610772420754,0.05,1,5,"[[0,4,0],[1,8,0],[2,5,2],[2,7,2],[2,10,0],[3,4,0],[3,9,1],[4,1,1],[4,9,0],[4,9,1],[5,3,0],[5,5,1],[5,7,0],[6,1,0],[7,0,2],[7,4,1],[7,4,2],[7,8,2],[8,6,2],[8,8,0],[8,9,1],[10,8,0]]",22,407,20340,"[1,1,1,1,1,1,1,1,1,1,1,1,0,0,0,0,0,0,0,0,0,0,0,0,0,0,0,0,0,0,0,0,0,0,0,0,0,0,0,0,0,0,0,0,0]",4095,12,12,0
cklr_m12_s85_f71eab454077920e,f71eab454077920e,12,45,85,1299631938234936688,0.05,1,6,"[[0,2,1],[0,4,0],[0,5,1],[1,8,0],[3,10,0],[4,1,0],[4,3,1],[4,6,2],[4,8,0],[7,9,2],[8,5,2],[8,8,0],[9,0,2],[9,3,2],[10,1,0],[11,7,2]]",16,413,20610,"[1,1,1,1,1,1,1,1,1,1,1,1,0,0,0,0,0,0,0,0,0,0,0,0,0,0,0,0,0,0,0,0,0,0,0,0,0,0,0,0,0,0,0,0,0]",4095,12,12,0
cklr_m12_s86_cb1c79baee4f389c,cb1c79baee4f389c,12,45,86,5211294736241704412,0.05,1,7,"[[0,8,1],[1,2,1],[1,6,2],[2,2,1],[2,6,2],[3,8,0],[3,8,1],[3,10,0],[4,2,0],[4,4,2],[4,7,1],[5,4,2],[5,7,2],[5,8,0],[6,2,1],[6,3,1],[7,1,0],[7,2,2],[8,6,1],[9,5,0],[9,5,2],[9,8,1],[10,10,0],[11,0,2],[11,7,1]]",25,404,20205,"[1,1,1,1,1,1,1,1,1,1,1,1,0,0,0,0,0,0,0,0,0,0,0,0,0,0,0,0,0,0,0,0,0,0,0,0,0,0,0,0,0,0,0,0,0]",4095,12,12,0
cklr_m12_s87_20d521617235785d,20d521617235785d,12,45,87,7573418617531770311,0.05,1,8,"[[1,1,1],[2,3,1],[2,7,2],[2,10,2],[4,4,0],[4,7,1],[4,8,0],[4,10,2],[7,10,0],[8,7,1],[9,2,2],[11,2,0],[11,10,2]]",13,416,20745,"[1,1,1,1,1,1,1,1,1,1,1,1,0,0,0,0,0,0,0,0,0,0,0,0,0,0,0,0,0,0,0,0,0,0,0,0,0,0,0,0,0,0,0,0,0]",4095,12,12,0
cklr_m12_s88_b07fc1ffcb841438,b07fc1ffcb841438,12,45,88,9010794581583852041,0.05,1,9,"[[0,0,1],[0,3,0],[0,8,0],[1,1,1],[1,3,0],[1,5,0],[1,6,2],[2,5,1],[2,8,0],[3,1,1],[3,2,1],[3,6,2],[4,7,0],[4,9,0],[6,1,0],[6,5,2],[7,0,1],[8,4,0],[9,1,1],[9,4,0],[9,7,2],[10,10,2],[11,2,0],[11,5,0]]",24,405,20250,"[1,1,1,1,1,1,1,1,1,1,1,1,0,0,0,0,0,0,0,0,0,0,0,0,0,0,0,0,0,0,0,0,0,0,0,0,0,0,0,0,0,0,0,0,0]",4095,12,12,0
cklr_m12_s89_6f1e6eb3fd37208c,6f1e6eb3fd37208c,12,45,89,6242586762907439119,0.05,1,10,"[[1,2,0],[2,7,0],[2,7,2],[2,8,2],[2,10,0],[3,6,0],[3,6,2],[3,9,0],[4,0,0],[4,8,2],[5,9,2],[7,1,1],[7,8,2],[8,3,2],[9,4,1],[9,9,1],[10,0,0],[11,0,0],[11,2,0],[11,4,2],[11,6,2]]",21,408,20385,"[1,1,1,1,1,1,1,1,1,1,1,1,0,0,0,0,0,0,0,0,0,0,0,0,0,0,0,0,0,0,0,0,0,0,0,0,0,0,0,0,0,0,0,0,0]",4095,12,12,0
cklr_m12_s90_22a42fd91ce4fe89,22a42fd91ce4fe89,12,45,90,2731535192427643362,0.05,1,11,"[[0,5,1],[1,9,1],[3,0,2],[3,1,1],[3,2,0],[4,0,2],[4,1,2],[5,10,0],[6,3,2],[7,6,0],[8,8,1],[9,7,0],[9,8,1],[10,6,1],[11,6,0]]",15,414,20655,"[1,1,1,1,1,1,1,1,1,1,1,1,0,0,0,0,0,0,0,0,0,0,0,0,0,0,0,0,0,0,0,0,0,0,0,0,0,0,0,0,0,0,0,0,0]",4095,12,12,0
cklr_m12_s91_f2336dc3f28d62fe,f2336dc3f28d62fe,12,45,91,2235600910544356756,0.05,1,12,"[[1,7,0],[1,9,0],[1,10,1],[5,2,0],[5,7,1],[5,9,2],[6,8,0],[7,6,0],[8,0,1],[8,1,0],[8,9,0],[8,9,1],[11,2,2]]",13,416,20745,"[1,1,1,1,1,1,1,1,1,1,1,1,0,0,0,0,0,0,0,0,0,0,0,0,0,0,0,0,0,0,0,0,0,0,0,0,0,0,0,0,0,0,0,0,0]",4095,12,12,0
cklr_m12_s92_7d421e56b6ce55f8,7d421e56b6ce55f8,12,45,92,1304540440554169835,0.05,1,13,"[[0,1,2],[0,3,0],[0,3,1],[0,6,2],[0,8,0],[1,9,0],[2,0,2],[2,3,1],[2,7,1],[4,1,1],[4,2,1],[4,3,1],[4,10,1],[5,10,1],[6,0,2],[6,7,1],[7,4,0],[8,5,0],[10,6,1],[10,9,2],[10,10,2]]",21,408,20385,"[1,1,1,1,1,1,1,1,1,1,1,1,0,0,0,0,0,0,0,0,0,0,0,0,0,0,0,0,0,0,0,0,0,0,0,0,0,0,0,0,0,0,0,0,0]",4095,12,12,0
cklr_m12_s93_06732b5c01fcb430,06732b5c01fcb430,12,45,93,6176169753053173877,0.05,1,14,"[[0,1,2],[0,7,0],[1,6,2],[2,1,0],[2,3,0],[2,5,2],[3,4,0],[3,7,2],[4,1,1],[4,1,2],[4,7,2],[4,9,2],[5,1,1],[5,2,2],[5,10,2],[6,10,2],[7,3,1],[8,1,0],[8,6,1],[8,8,1],[9,10,1],[10,3,2],[10,5,0],[11,4,0],[11,9,0],[11,10,2]]",26,403,20160,"[1,1,1,1,1,1,1,1,1,1,1,1,0,0,0,0,0,0,0,0,0,0,0,0,0,0,0,0,0,0,0,0,0,0,0,0,0,0,0,0,0,0,0,0,0]",4095,12,12,0
cklr_m12_s94_e0e9cda36cdea8b7,e0e9cda36cdea8b7,12,45,94,6364022970411518537,0.05,1,15,"[[1,7,1],[2,8,1],[3,1,0],[3,3,2],[3,4,2],[3,10,1],[4,3,0],[4,6,1],[5,1,1],[6,10,1],[7,2,1],[7,7,0],[7,8,1],[8,1,1],[9,2,0],[9,3,1],[9,4,2],[9,5,1],[10,7,2],[11,1,0],[11,9,0]]",21,408,20385,"[1,1,1,1,1,1,1,1,1,1,1,1,0,0,0,0,0,0,0,0,0,0,0,0,0,0,0,0,0,0,0,0,0,0,0,0,0,0,0,0,0,0,0,0,0]",4095,12,12,0
cklr_m12_s95_ac3ae129edd393a8,ac3ae129edd393a8,12,45,95,8023181883084449821,0.05,1,16,"[[0,0,1],[1,0,2],[1,1,2],[2,0,2],[4,7,1],[5,7,2],[8,9,1],[9,8,0],[9,9,2],[10,0,0],[10,5,1],[10,8,1],[11,6,1]]",13,416,20745,"[1,1,1,1,1,1,1,1,1,1,1,1,0,0,0,0,0,0,0,0,0,0,0,0,0,0,0,0,0,0,0,0,0,0,0,0,0,0,0,0,0,0,0,0,0]",4095,12,12,0
cklr_m12_s96_5eabbdeb28212075,5eabbdeb28212075,12,45,96,6452040070709432392,0.05,1,17,"[[0,1,0],[1,3,1],[1,6,1],[1,9,2],[1,10,0],[2,6,2],[4,4,1],[4,8,1],[4,9,1],[5,0,0],[5,1,0],[5,3,2],[5,9,0],[6,1,2],[7,1,1],[7,10,1],[8,2,0],[8,7,2],[9,2,0],[10,8,0]]",20,409,20430,"[1,1,1,1,1,1,1,1,1,1,1,1,0,0,0,0,0,0,0,0,0,0,0,0,0,0,0,0,0,0,0,0,0,0,0,0,0,0,0,0,0,0,0,0,0]",4095,12,12,0
cklr_m12_s97_34f1c87b57a25853,34f1c87b57a25853,12,45,97,2373375933772160036,0.05,1,18,"[[1,2,1],[2,6,2],[2,8,2],[5,3,2],[7,2,2],[7,4,0],[7,7,1],[7,10,1],[9,0,1],[9,2,1],[9,6,1],[9,6,2],[9,8,0],[9,10,2],[10,3,1],[10,5,2],[11,4,2]]",17,412,20565,"[1,1,1,1,1,1,1,1,1,1,1,1,0,0,0,0,0,0,0,0,0,0,0,0,0,0,0,0,0,0,0,0,0,0,0,0,0,0,0,0,0,0,0,0,0]",4095,12,12,0
cklr_m12_s98_bfa4ce64c3cec7a5,bfa4ce64c3cec7a5,12,45,98,1157095807209216054,0.05,1,19,"[[0,0,2],[0,6,0],[1,7,1],[1,10,0],[4,4,2],[5,4,1],[6,4,1],[6,6,0],[6,9,1],[7,0,0],[7,0,2],[7,9,0],[8,0,2],[9,1,2],[9,7,0],[10,0,1]]",16,413,20610,"[1,1,1,1,1,1,1,1,1,1,1,1,0,0,0,0,0,0,0,0,0,0,0,0,0,0,0,0,0,0,0,0,0,0,0,0,0,0,0,0,0,0,0,0,0]",4095,12,12,0
cklr_m12_s99_f5c9a06568cebc51,f5c9a06568cebc51,12,45,99,4764271119512673286,0.05,1,20,"[[0,10,2],[1,1,0],[1,2,2],[3,3,1],[3,4,2],[4,0,1],[4,6,0],[4,6,2],[5,0,0],[6,7,2],[6,10,1],[7,1,0],[7,8,1],[9,2,0],[9,8,1],[9,9,0],[11,5,1],[11,6,0]]",18,411,20520,"[1,1,1,1,1,1,1,1,1,1,1,1,0,0,0,0,0,0,0,0,0,0,0,0,0,0,0,0,0,0,0,0,0,0,0,0,0,0,0,0,0,0,0,0,0]",4095,12,12,0
cklr_m12_s100_a5d34555e47cf922,a5d34555e47cf922,12,45,100,1380049869874611099,0.05,1,21,"[[0,2,1],[0,7,0],[0,8,2],[0,9,1],[2,1,2],[2,7,0],[3,6,2],[6,2,1],[6,5,0],[6,10,0],[7,6,1],[7,7,0],[7,8,1],[8,10,1],[10,3,0],[11,3,0],[11,10,1]]",17,412,20565,"[1,1,1,1,1,1,1,1,1,1,1,1,0,0,0,0,0,0,0,0,0,0,0,0,0,0,0,0,0,0,0,0,0,0,0,0,0,0,0,0,0,0,0,0,0]",4095,12,12,0
cklr_m12_s101_0531118590454cc6,0531118590454cc6,12,45,101,5678274831959125493,0.05,1,22,"[[0,6,0],[0,7,1],[1,8,0],[1,9,0],[1,10,1],[2,3,2],[2,6,1],[2,8,0],[3,0,2],[3,7,2],[4,4,1],[6,0,1],[6,1,1],[8,1,0],[9,4,1],[11,8,1]]",16,413,20610,"[1,1,1,1,1,1,1,1,1,1,1,1,0,0,0,0,0,0,0,0,0,0,0,0,0,0,0,0,0,0,0,0,0,0,0,0,0,0,0,0,0,0,0,0,0]",4095,12,12,0
cklr_m12_s102_603e664c5cb1de51,603e664c5cb1de51,12,45,102,2964624197943827062,0.05,1,23,"[[0,10,0],[1,8,2],[2,3,1],[2,9,2],[3,1,0],[4,1,0],[5,4,1],[5,7,1],[5,9,1],[6,1,2],[6,8,0],[7,3,2],[7,5,0],[7,5,1],[8,3,2],[8,4,2],[8,6,2],[8,10,0],[9,6,1],[9,7,0],[10,5,0],[11,0,0]]",22,407,20340,"[1,1,1,1,1,1,1,1,1,1,1,1,0,0,0,0,0,0,0,0,0,0,0,0,0,0,0,0,0,0,0,0,0,0,0,0,0,0,0,0,0,0,0,0,0]",4095,12,12,0
cklr_m12_s103_eeb91bcf99ac4ee2,eeb91bcf99ac4ee2,12,45,103,797836322099892467,0.05,1,24,"[[0,4,1],[0,9,1],[0,9,2],[1,0,1],[1,2,0],[2,0,2],[2,5,2],[2,6,0],[2,9,2],[3,0,2],[3,5,0],[3,9,1],[5,8,0],[5,8,2],[6,5,0],[7,1,2],[7,4,2],[8,3,2],[8,9,0],[9,8,0],[10,4,0],[10,6,0],[10,7,1],[10,10,0],[11,0,0],[11,8,0],[11,10,1]]",27,402,20115,"[1,1,1,1,1,1,1,1,1,1,1,1,0,0,0,0,0,0,0,0,0,0,0,0,0,0,0,0,0,0,0,0,0,0,0,0,0,0,0,0,0,0,0,0,0]",4095,12,12,0
cklr_m12_s104_72e23ec9dd349fe8,72e23ec9dd349fe8,12,45,104,1004013958027349892,0.05,1,25,"[[0,10,1],[1,7,0],[2,1,1],[2,2,2],[4,4,1],[7,0,1],[7,8,0],[8,3,1],[9,8,0],[10,3,1],[10,7,1],[10,9,1],[11,7,1]]",13,416,20745,"[1,1,1,1,1,1,1,1,1,1,1,1,0,0,0,0,0,0,0,0,0,0,0,0,0,0,0,0,0,0,0,0,0,0,0,0,0,0,0,0,0,0,0,0,0]",4095,12,12,0
cklr_m12_s105_16fe591c43388786,16fe591c43388786,12,45,105,2091725500164610230,0.05,1,26,"[[0,4,1],[0,9,0],[1,5,1],[1,9,0],[2,3,2],[2,4,0],[2,6,0],[3,2,1],[3,5,0],[4,2,0],[5,1,1],[5,2,1],[6,1,2],[6,3,0],[6,3,1],[6,8,2],[6,10,1],[7,2,1],[7,3,2],[7,4,0],[7,7,1],[7,9,0],[8,1,2],[8,8,1],[9,0,0],[9,3,2],[9,5,2],[10,5,0],[10,8,1],[10,10,0],[11,1,1],[11,4,2]]",32,397,19890,"[1,1,1,1,1,1,1,1,1,1,1,1,0,0,0,0,0,0,0,0,0,0,0,0,0,0,0,0,0,0,0,0,0,0,0,0,0,0,0,0,0,0,0,0,0]",4095,12,12,0
cklr_m12_s106_ea4f43f3dd787f32,ea4f43f3dd787f32,12,45,106,6770209053949045322,0.05,1,27,"[[1,7,1],[4,5,1],[4,8,1],[4,8,2],[5,8,2],[6,7,0],[7,0,1],[7,1,2],[7,3,1],[7,3,2],[7,4,2],[7,6,2],[8,0,1],[8,10,1],[9,1,2],[9,5,2],[11,3,0]]",17,412,20565,"[1,1,1,1,1,1,1,1,1,1,1,1,0,0,0,0,0,0,0,0,0,0,0,0,0,0,0,0,0,0,0,0,0,0,0,0,0,0,0,0,0,0,0,0,0]",4095,12,12,0
cklr_m12_s107_26f6d2400f1f12ac,26f6d2400f1f12ac,12,45,107,6977829966773476115,0.05,1,28,"[[1,0,0],[2,4,0],[3,0,2],[6,2,2],[6,4,1],[6,9,1],[7,2,0],[8,1,0],[9,0,1],[9,1,2],[10,1,1],[10,3,2],[10,5,0],[10,5,1],[10,8,0],[10,8,1],[11,8,2],[11,9,0],[11,10,1],[11,10,2]]",20,409,20430,"[1,1,1,1,1,1,1,1,1,1,1,1,0,0,0,0,0,0,0,0,0,0,0,0,0,0,0,0,0,0,0,0,0,0,0,0,0,0,0,0,0,0,0,0,0]",4095,12,12,0
cklr_m12_s108_f64c9bdf6f9eb924,f64c9bdf6f9eb924,12,45,108,3063327627777779313,0.05,1,29,"[[0,5,1],[1,3,2],[1,6,2],[1,9,1],[2,6,2],[3,2,1],[3,8,1],[4,0,2],[4,7,1],[4,8,1],[5,3,0],[6,6,0],[7,1,0],[9,6,2],[10,5,2],[11,5,1],[11,10,0]]",17,412,20565,"[1,1,1,1,1,1,1,1,1,1,1,1,0,0,0,0,0,0,0,0,0,0,0,0,0,0,0,0,0,0,0,0,0,0,0,0,0,0,0,0,0,0,0,0,0]",4095,12,12,0
cklr_m12_s109_b801611cbfe5f843,b801611cbfe5f843,12,45,109,6284229072853724811,0.05,1,30,"[[0,1,1],[2,1,1],[2,8,0],[3,8,0],[3,9,1],[4,3,0],[6,0,1],[6,5,1],[7,3,1],[8,0,0],[8,4,2],[8,10,0],[9,0,2],[9,1,2],[9,8,0],[10,6,2],[10,7,1],[11,2,2],[11,3,0],[11,4,0]]",20,409,20430,"[1,1,1,1,1,1,1,1,1,1,1,1,0,0,0,0,0,0,0,0,0,0,0,0,0,0,0,0,0,0,0,0,0,0,0,0,0,0,0,0,0,0,0,0,0]",4095,12,12,0
cklr_m12_s110_e045d6f3ca6eca35,e045d6f3ca6eca35,12,45,110,8260102607408313981,0.07,2,1,"[[0,3,2],[0,7,0],[1,2,2],[1,7,1],[1,8,0],[2,7,2],[3,0,0],[3,3,1],[4,4,2],[4,5,2],[5,2,2],[5,6,2],[6,0,1],[6,8,1],[6,9,1],[7,1,2],[7,7,2],[8,10,0],[9,3,1],[9,8,1],[10,0,0],[10,5,2],[10,8,1],[10,9,0],[11,2,0],[11,9,0]]",26,403,20160,"[1,1,1,1,1,1,1,1,1,1,1,1,0,0,0,0,0,0,0,0,0,0,0,0,0,0,0,0,0,0,0,0,0,0,0,0,0,0,0,0,0,0,0,0,0]",4095,12,12,0
cklr_m12_s111_5ba02358f7bd9644,5ba02358f7bd9644,12,45,111,3439865390982769968,0.07,2,2,"[[0,3,0],[0,3,1],[0,9,0],[1,0,2],[1,1,2],[3,0,2],[4,0,1],[4,1,1],[4,5,0],[4,8,1],[4,10,0],[5,5,1],[5,9,2],[6,9,2],[7,4,1],[7,6,2],[7,8,2],[8,5,1],[8,9,0],[8,10,2],[9,8,0],[9,8,1],[9,10,2],[10,4,2],[10,8,1],[10,8,2],[10,9,1],[11,1,2]]",28,401,20070,"[1,1,1,1,1,1,1,1,1,1,1,1,0,0,0,0,0,0,0,0,0,0,0,0,0,0,0,0,0,0,0,0,0,0,0,0,0,0,0,0,0,0,0,0,0]",4095,12,12,0
cklr_m12_s112_738c7bdaa5253c80,738c7bdaa5253c80,12,45,112,1461003121386741147,0.07,2,3,"[[0,0,2],[1,7,2],[2,9,1],[3,2,0],[3,2,1],[3,4,2],[3,6,0],[4,1,2],[4,4,1],[4,6,1],[5,5,1],[5,5,2],[5,8,1],[6,2,2],[6,4,0],[6,8,1],[6,8,2],[7,8,1],[8,8,1],[9,0,1],[9,2,0],[9,3,2],[10,5,2],[10,7,0],[10,8,2],[10,10,2],[11,4,2],[11,5,2],[11,7,0]]",29,400,20025,"[1,1,1,1,1,1,1,1,1,1,1,1,0,0,0,0,0,0,0,0,0,0,0,0,0,0,0,0,0,0,0,0,0,0,0,0,0,0,0,0,0,0,0,0,0]",4095,12,12,0
cklr_m12_s113_647fdd4cedc322a8,647fdd4cedc322a8,12,45,113,7764862169633220442,0.07,2,4,"[[0,4,2],[1,6,2],[2,0,1],[3,2,1],[3,9,1],[4,3,1],[4,6,0],[4,6,1],[4,8,1],[4,9,2],[4,10,1],[5,5,1],[5,6,0],[6,6,0],[6,6,2],[6,7,0],[7,2,1],[7,4,0],[7,6,2],[8,2,0],[8,2,1],[8,5,0],[8,9,2],[9,0,1],[9,2,2],[9,8,0],[10,3,0],[10,7,0],[10,10,1]]",29,400,20025,"[1,1,1,1,1,1,1,1,1,1,1,1,0,0,0,0,0,0,0,0,0,0,0,0,0,0,0,0,0,0,0,0,0,0,0,0,0,0,0,0,0,0,0,0,0]",4095,12,12,0
cklr_m12_s114_f674bfdcd6cbb83f,f674bfdcd6cbb83f,12,45,114,6813253977311978802,0.07,2,5,"[[0,0,0],[0,9,0],[1,4,1],[1,10,1],[2,0,0],[2,7,1],[2,7,2],[3,4,2],[3,8,0],[3,10,0],[4,4,0],[4,6,2],[5,0,1],[5,1,1],[5,3,1],[5,8,1],[5,9,1],[6,2,0],[6,8,1],[7,4,0],[7,4,2],[9,1,1],[9,9,0],[11,3,1],[11,6,0],[11,7,2]]",26,403,20160,"[1,1,1,1,1,1,1,1,1,1,1,1,0,0,0,0,0,0,0,0,0,0,0,0,0,0,0,0,0,0,0,0,0,0,0,0,0,0,0,0,0,0,0,0,0]",4095,12,12,0
cklr_m12_s115_eb3d3ca4ec0a2d75,eb3d3ca4ec0a2d75,12,45,115,2539618383943773698,0.07,2,6,"[[0,1,2],[0,9,2],[1,0,1],[1,3,0],[1,3,2],[2,0,1],[2,2,1],[2,4,2],[2,5,2],[3,0,1],[3,6,0],[3,10,0],[4,0,1],[4,4,2],[4,6,2],[5,2,2],[5,8,2],[5,10,2],[6,6,1],[6,6,2],[6,7,2],[6,10,0],[7,5,1],[7,9,1],[8,0,0],[8,3,2],[8,5,0],[8,5,2],[9,2,1],[9,4,2],[9,9,0],[10,2,1],[10,4,1],[10,9,0]]",34,395,19800,"[1,1,1,1,1,1,1,1,1,1,1,1,0,0,0,0,0,0,0,0,0,0,0,0,0,0,0,0,0,0,0,0,0,0,0,0,0,0,0,0,0,0,0,0,0]",4095,12,12,0
cklr_m12_s116_91c32074403c01b8,91c32074403c01b8,12,45,116,2979887613217792742,0.07,2,7,"[[0,7,2],[0,8,2],[1,1,2],[1,10,0],[2,4,0],[2,9,2],[3,0,2],[4,2,0],[4,5,0],[4,8,1],[5,1,1],[5,3,0],[6,0,1],[6,1,0],[6,3,0],[6,3,2],[6,4,1],[6,6,0],[6,8,0],[7,3,0],[7,9,0],[8,2,1],[8,4,1],[8,5,0],[8,7,2],[9,4,1],[10,2,2],[11,0,0],[11,3,2],[11,5,1]]",30,399,19980,"[1,1,1,1,1,1,1,1,1,1,1,1,0,0,0,0,0,0,0,0,0,0,0,0,0,0,0,0,0,0,0,0,0,0,0,0,0,0,0,0,0,0,0,0,0]",4095,12,12,0
cklr_m12_s117_4932ef1531a9a243,4932ef1531a9a243,12,45,117,6222393482471152508,0.07,2,8,"[[0,3,1],[0,4,0],[0,6,1],[1,10,1],[2,4,0],[2,9,2],[2,10,0],[4,3,0],[4,5,0],[4,6,0],[4,8,0],[5,0,0],[6,2,2],[6,4,1],[6,6,0],[7,5,0],[7,5,2],[7,7,0],[9,1,2],[9,2,1],[9,5,2],[10,0,1],[10,4,1],[10,5,2]]",24,405,20250,"[1,1,1,1,1,1,1,1,1,1,1,1,0,0,0,0,0,0,0,0,0,0,0,0,0,0,0,0,0,0,0,0,0,0,0,0,0,0,0,0,0,0,0,0,0]",4095,12,12,0
cklr_m12_s118_d99250595fdf10a9,d99250595fdf10a9,12,45,118,8025388836068310858,0.07,2,9,"[[0,5,0],[0,6,1],[0,9,0],[0,10,1],[1,2,2],[1,3,1],[1,5,1],[1,6,2],[1,10,2],[2,8,0],[3,7,0],[4,3,1],[4,3,2],[4,8,1],[4,10,0],[5,0,0],[5,0,2],[6,0,2],[6,4,1],[6,5,0],[6,7,0],[6,7,2],[8,1,0],[8,1,1],[8,4,1],[9,2,0],[10,1,1],[10,5,1],[10,7,2],[10,8,0],[10,10,0],[11,1,0],[11,10,0]]",33,396,19845,"[1,1,1,1,1,1,1,1,1,1,1,1,0,0,0,0,0,0,0,0,0,0,0,0,0,0,0,0,0,0,0,0,0,0,0,0,0,0,0,0,0,0,0,0,0]",4095,12,12,0
cklr_m12_s119_64c85f3aadc45525,64c85f3aadc45525,12,45,119,4377866568838034151,0.07,2,10,"[[0,0,0],[0,2,1],[0,5,1],[0,7,2],[0,10,0],[2,1,1],[2,2,0],[2,2,1],[2,8,1],[2,9,2],[3,1,0],[3,5,0],[4,0,1],[4,2,0],[4,3,0],[4,5,0],[4,5,2],[6,2,2],[6,3,1],[6,4,1],[6,8,2],[7,4,2],[7,6,1],[8,1,1],[8,1,2],[8,3,0],[8,7,0],[8,8,1],[9,5,2],[10,1,1],[10,2,0],[10,2,2],[11,0,1],[11,0,2],[11,5,0],[11,8,1]]",36,393,19710,"[1,1,1,1,1,1,1,1,1,1,1,1,0,0,0,0,0,0,0,0,0,0,0,0,0,0,0,0,0,0,0,0,0,0,0,0,0,0,0,0,0,0,0,0,0]",4095,12,12,0
cklr_m12_s120_2db0856cbec5ef6a,2db0856cbec5ef6a,12,45,120,9146118193950448650,0.07,2,11,"[[0,0,1],[0,10,1],[1,3,2],[1,4,1],[1,4,2],[1,10,1],[2,2,2],[2,7,1],[3,2,2],[3,3,1],[3,5,0],[3,10,2],[4,7,2],[5,4,0],[5,6,2],[5,7,2],[5,10,0],[5,10,1],[6,5,1],[6,8,1],[6,9,2],[7,4,1],[7,5,2],[7,9,1],[7,10,2],[8,9,1],[9,2,2],[9,3,1],[11,3,1],[11,4,1],[11,7,1]]",31,398,19935,"[1,1,1,1,1,1,1,1,1,1,1,1,0,0,0,0,0,0,0,0,0,0,0,0,0,0,0,0,0,0,0,0,0,0,0,0,0,0,0,0,0,0,0,0,0]",4095,12,12,0
cklr_m12_s121_56c4778c4d8abc20,56c4778c4d8abc20,12,45,121,8316227816403387767,0.07,2,12,"[[0,0,0],[0,2,2],[1,0,2],[2,2,0],[2,8,0],[4,6,0],[4,9,0],[4,9,2],[5,7,1],[6,4,0],[6,4,2],[7,2,0],[7,6,0],[7,8,0],[8,7,0],[9,7,2],[10,1,1],[10,4,1],[10,7,0],[11,5,2]]",20,409,20430,"[1,1,1,1,1,1,1,1,1,1,1,1,0,0,0,0,0,0,0,0,0,0,0,0,0,0,0,0,0,0,0,0,0,0,0,0,0,0,0,0,0,0,0,0,0]",4095,12,12,0
cklr_m12_s122_349cacb92a2aa225,349cacb92a2aa225,12,45,122,3486318419988087943,0.07,2,13,"[[0,5,0],[0,6,1],[2,2,2],[2,4,1],[2,4,2],[2,6,1],[2,7,2],[2,8,2],[3,0,1],[3,9,2],[5,1,1],[5,7,1],[6,3,0],[6,9,2],[7,1,0],[8,5,0],[8,5,2],[9,2,1],[9,3,0],[9,7,0],[10,1,2],[11,1,0],[11,5,2],[11,7,1]]",24,405,20250,"[1,1,1,1,1,1,1,1,1,1,1,1,0,0,0,0,0,0,0,0,0,0,0,0,0,0,0,0,0,0,0,0,0,0,0,0,0,0,0,0,0,0,0,0,0]",4095,12,12,0
cklr_m12_s123_581496517ceaebd7,581496517ceaebd7,12,45,123,3049500866258253599,0.07,2,14,"[[0,4,1],[0,9,1],[1,9,0],[2,2,0],[3,4,1],[3,8,1],[4,2,2],[5,0,2],[6,4,1],[6,9,0],[7,1,1],[7,7,0],[8,1,0],[8,3,0],[8,5,1],[8,6,0],[9,2,0],[9,2,1],[9,10,2],[10,5,0],[10,10,2],[11,7,1],[11,10,2]]",23,406,20295,"[1,1,1,1,1,1,1,1,1,1,1,1,0,0,0,0,0,0,0,0,0,0,0,0,0,0,0,0,0,0,0,0,0,0,0,0,0,0,0,0,0,0,0,0,0]",4095,12,12,0
cklr_m12_s124_017a78193755c07e,017a78193755c07e,12,45,124,5529925671854285946,0.07,2,15,"[[0,2,0],[0,3,0],[0,5,1],[0,7,1],[0,8,1],[1,1,1],[1,5,2],[1,8,2],[2,1,2],[2,3,0],[2,6,1],[2,6,2],[2,9,1],[4,1,2],[4,10,0],[5,0,0],[5,1,2],[5,3,0],[6,10,0],[7,3,0],[7,9,1],[8,6,2],[8,10,1],[9,0,1],[9,4,0],[9,4,2],[9,6,1],[9,7,1],[9,10,0],[10,9,0],[11,2,2],[11,5,1],[11,7,1],[11,7,2],[11,9,0]]",35,394,19755,"[1,1,1,1,1,1,1,1,1,1,1,1,0,0,0,0,0,0,0,0,0,0,0,0,0,0,0,0,0,0,0,0,0,0,0,0,0,0,0,0,0,0,0,0,0]",4095,12,12,0
cklr_m12_s125_41e8c7e818b1193a,41e8c7e818b1193a,12,45,125,8524052212646785392,0.07,2,16,"[[0,3,1],[0,7,1],[0,8,2],[0,9,1],[1,4,2],[1,6,1],[1,8,1],[1,9,1],[2,7,2],[3,6,0],[3,10,0],[4,1,2],[4,3,1],[4,3,2],[4,9,0],[5,2,2],[5,3,2],[6,2,2],[6,5,2],[6,6,0],[6,8,1],[7,3,2],[7,5,2],[7,6,2],[7,8,2],[8,0,1],[8,9,1],[9,7,0],[9,9,0],[10,1,0],[10,5,0],[10,6,0],[11,1,0],[11,4,2],[11,8,0]]",35,394,19755,"[1,1,1,1,1,1,1,1,1,1,1,1,0,0,0,0,0,0,0,0,0,0,0,0,0,0,0,0,0,0,0,0,0,0,0,0,0,0,0,0,0,0,0,0,0]",4095,12,12,0
cklr_m12_s126_0239c18e3891b597,0239c18e3891b597,12,45,126,5099651513520647402,0.07,2,17,"[[0,6,0],[1,3,1],[1,10,0],[2,0,1],[2,6,0],[2,10,1],[3,6,0],[4,0,1],[4,4,2],[5,1,1],[5,5,2],[5,7,1],[7,2,1],[7,7,2],[9,4,1],[9,5,0],[9,6,1],[10,2,1],[10,3,1],[10,4,2],[10,5,2],[10,8,2],[11,2,2],[11,8,0]]",24,405,20250,"[1,1,1,1,1,1,1,1,1,1,1,1,0,0,0,0,0,0,0,0,0,0,0,0,0,0,0,0,0,0,0,0,0,0,0,0,0,0,0,0,0,0,0,0,0]",4095,12,12,0
cklr_m12_s127_383a5283b18f163d,383a5283b18f163d,12,45,127,1579910501985952721,0.07,2,18,"[[0,6,1],[0,7,0],[1,0,2],[1,1,1],[1,1,2],[1,2,0],[1,9,1],[2,1,1],[2,6,0],[2,7,1],[3,5,0],[3,7,1],[4,4,0],[5,9,1],[6,0,0],[6,2,2],[6,7,2],[7,5,1],[7,9,2],[7,10,1],[8,2,0],[10,8,0],[10,10,2],[11,1,1],[11,1,2],[11,10,1],[11,10,2]]",27,402,20115,"[1,1,1,1,1,1,1,1,1,1,1,1,0,0,0,0,0,0,0,0,0,0,0,0,0,0,0,0,0,0,0,0,0,0,0,0,0,0,0,0,0,0,0,0,0]",4095,12,12,0
cklr_m12_s128_1fa664fa1907fbb0,1fa664fa1907fbb0,12,45,128,6833303629237964046,0.07,2,19,"[[0,0,2],[0,5,0],[1,4,0],[1,7,0],[1,10,2],[2,5,2],[2,10,2],[3,9,1],[4,1,1],[4,3,0],[4,3,2],[4,4,0],[4,8,2],[4,9,0],[5,3,1],[5,4,2],[5,5,2],[5,7,1],[6,1,1],[6,2,2],[6,5,1],[6,6,2],[6,9,2],[7,0,2],[7,4,0],[7,6,2],[7,10,2],[8,10,0],[9,1,1],[9,4,2],[9,5,1],[9,7,2],[10,2,1],[10,3,1],[10,4,1],[11,4,0],[11,6,1],[11,10,0]]",38,391,19620,"[1,1,1,1,1,1,1,1,1,1,1,1,0,0,0,0,0,0,0,0,0,0,0,0,0,0,0,0,0,0,0,0,0,0,0,0,0,0,0,0,0,0,0,0,0]",4095,12,12,0
cklr_m12_s129_8d753950ad99882e,8d753950ad99882e,12,45,129,7211195662365386717,0.07,2,20,"[[0,1,1],[1,0,0],[1,7,0],[1,9,2],[2,1,2],[2,9,0],[3,2,0],[3,7,1],[3,9,2],[5,0,2],[5,6,2],[5,10,0],[6,4,1],[6,9,1],[7,8,0],[9,0,0],[9,1,0],[9,7,1],[10,3,1],[10,4,0],[10,6,2],[10,10,0],[11,1,1],[11,6,1],[11,7,0]]",25,404,20205,"[1,1,1,1,1,1,1,1,1,1,1,1,0,0,0,0,0,0,0,0,0,0,0,0,0,0,0,0,0,0,0,0,0,0,0,0,0,0,0,0,0,0,0,0,0]",4095,12,12,0
cklr_m12_s130_d7382d25c6056063,d7382d25c6056063,12,45,130,8703845459059500212,0.07,2,21,"[[0,0,0],[0,7,0],[1,10,2],[2,1,1],[2,2,1],[2,3,0],[2,3,2],[2,6,0],[2,9,2],[3,4,2],[3,6,0],[4,0,0],[4,4,1],[4,9,0],[5,0,0],[5,1,1],[5,6,2],[6,5,0],[6,6,1],[6,8,2],[8,1,1],[8,2,2],[8,5,1],[9,3,1],[9,6,1],[10,1,0],[10,5,0],[10,6,0],[10,9,2],[10,10,1],[11,4,1],[11,6,0],[11,9,2],[11,10,1]]",34,395,19800,"[1,1,1,1,1,1,1,1,1,1,1,1,0,0,0,0,0,0,0,0,0,0,0,0,0,0,0,0,0,0,0,0,0,0,0,0,0,0,0,0,0,0,0,0,0]",4095,12,12,0
cklr_m12_s131_605b852d036d9b90,605b852d036d9b90,12,45,131,7497058237851445311,0.07,2,22,"[[0,3,0],[0,3,2],[0,7,1],[0,10,0],[0,10,2],[1,5,1],[2,0,2],[2,8,1],[3,7,2],[3,9,1],[4,0,1],[5,4,1],[5,7,0],[5,7,2],[6,1,1],[6,1,2],[6,5,0],[7,2,1],[7,4,1],[7,8,0],[7,9,2],[7,10,0],[8,0,1],[8,8,0],[9,0,0],[9,9,2],[9,10,0],[10,2,2],[10,8,0],[11,10,1]]",30,399,19980,"[1,1,1,1,1,1,1,1,1,1,1,1,0,0,0,0,0,0,0,0,0,0,0,0,0,0,0,0,0,0,0,0,0,0,0,0,0,0,0,0,0,0,0,0,0]",4095,12,12,0
cklr_m12_s132_efeac9dcced66dd9,efeac9dcced66dd9,12,45,132,645166387687850969,0.07,2,23,"[[0,3,1],[1,2,1],[2,0,0],[2,0,1],[2,9,0],[2,10,1],[4,5,1],[5,0,1],[6,5,1],[7,7,1],[8,2,2],[9,0,2],[9,2,1],[9,4,0],[10,5,0],[11,2,0],[11,3,1],[11,4,2]]",18,411,20520,"[1,1,1,1,1,1,1,1,1,1,1,1,0,0,0,0,0,0,0,0,0,0,0,0,0,0,0,0,0,0,0,0,0,0,0,0,0,0,0,0,0,0,0,0,0]",4095,12,12,0
cklr_m12_s133_2d900a5c91c03fa7,2d900a5c91c03fa7,12,45,133,929798342803981147,0.07,2,24,"[[0,9,2],[1,8,1],[2,4,0],[3,0,2],[3,4,1],[4,10,2],[5,7,0],[6,4,1],[6,8,2],[7,3,2],[7,8,1],[8,0,0],[8,4,0],[8,8,2],[10,0,1],[10,2,1],[10,5,0],[10,5,2],[10,6,2],[10,7,0],[11,6,1],[11,8,1]]",22,407,20340,"[1,1,1,1,1,1,1,1,1,1,1,1,0,0,0,0,0,0,0,0,0,0,0,0,0,0,0,0,0,0,0,0,0,0,0,0,0,0,0,0,0,0,0,0,0]",4095,12,12,0
cklr_m12_s134_4594bdcf066ce294,4594bdcf066ce294,12,45,134,5581280598816061595,0.07,2,25,"[[0,6,0],[0,8,2],[0,9,1],[1,5,0],[1,6,0],[1,7,0],[2,0,0],[2,7,0],[3,6,0],[3,8,1],[5,3,2],[5,7,0],[5,8,2],[6,0,1],[7,2,1],[7,7,1],[8,6,1],[8,6,2],[8,7,2],[9,4,0],[9,5,2],[9,6,2],[10,3,0],[10,4,1],[10,9,0],[11,0,0],[11,1,0],[11,4,2],[11,7,0]]",29,400,20025,"[1,1,1,1,1,1,1,1,1,1,1,1,0,0,0,0,0,0,0,0,0,0,0,0,0,0,0,0,0,0,0,0,0,0,0,0,0,0,0,0,0,0,0,0,0]",4095,12,12,0
cklr_m12_s135_48f0a32a280536af,48f0a32a280536af,12,45,135,137744167975335538,0.07,2,26,"[[0,3,1],[0,4,0],[0,8,1],[2,2,0],[3,5,1],[3,9,1],[5,4,0],[5,6,2],[5,7,0],[5,8,2],[6,2,2],[6,6,0],[7,6,0],[7,9,2],[8,3,1],[8,10,1],[9,2,2],[10,0,0],[10,5,2],[10,7,1],[10,10,0],[11,9,2]]",22,407,20340,"[1,1,1,1,1,1,1,1,1,1,1,1,0,0,0,0,0,0,0,0,0,0,0,0,0,0,0,0,0,0,0,0,0,0,0,0,0,0,0,0,0,0,0,0,0]",4095,12,12,0
cklr_m12_s136_329208d8fe57d12e,329208d8fe57d12e,12,45,136,2782998678844248670,0.07,2,27,"[[0,1,2],[0,5,2],[0,7,0],[1,9,1],[2,3,1],[3,2,2],[3,4,2],[4,1,1],[4,4,0],[4,6,1],[4,7,1],[5,9,1],[6,4,2],[6,5,0],[6,9,2],[8,7,0],[8,7,2],[8,8,0],[9,1,1],[9,6,1],[10,8,0],[10,8,2],[11,0,0],[11,3,1]]",24,405,20250,"[1,1,1,1,1,1,1,1,1,1,1,1,0,0,0,0,0,0,0,0,0,0,0,0,0,0,0,0,0,0,0,0,0,0,0,0,0,0,0,0,0,0,0,0,0]",4095,12,12,0
cklr_m12_s137_103a14f950892912,103a14f950892912,12,45,137,891856471005831802,0.07,2,28,"[[0,4,1],[0,10,1],[1,1,2],[1,5,0],[2,10,1],[3,7,1],[4,0,2],[4,10,0],[5,3,1],[5,4,2],[6,3,2],[6,8,1],[6,10,1],[7,0,1],[7,8,2],[9,1,0],[9,5,0],[9,10,0],[10,2,1]]",19,410,20475,"[1,1,1,1,1,1,1,1,1,1,1,1,0,0,0,0,0,0,0,0,0,0,0,0,0,0,0,0,0,0,0,0,0,0,0,0,0,0,0,0,0,0,0,0,0]",4095,12,12,0
cklr_m12_s138_85369722dd645548,85369722dd645548,12,45,138,4848925986148596511,0.07,2,29,"[[0,0,2],[0,2,1],[0,3,2],[1,1,2],[1,2,2],[2,5,0],[3,2,1],[3,2,2],[3,5,2],[4,0,2],[4,2,1],[4,4,1],[5,1,2],[5,7,0],[5,8,0],[5,9,1],[6,1,2],[7,0,0],[8,8,0],[8,10,2],[9,0,2],[9,1,0],[9,8,1],[10,3,1],[10,9,0],[11,2,2]]",26,403,20160,"[1,1,1,1,1,1,1,1,1,1,1,1,0,0,0,0,0,0,0,0,0,0,0,0,0,0,0,0,0,0,0,0,0,0,0,0,0,0,0,0,0,0,0,0,0]",4095,12,12,0
cklr_m12_s139_bb733437c092cb6e,bb733437c092cb6e,12,45,139,973677354416461530,0.07,2,30,"[[0,0,2],[0,1,2],[0,6,0],[0,6,2],[0,9,2],[1,5,1],[1,5,2],[2,0,2],[2,6,0],[3,9,0],[4,2,0],[4,3,1],[4,7,2],[4,8,0],[4,9,2],[5,10,2],[6,1,1],[7,1,1],[8,3,1],[8,5,2],[8,8,0],[8,9,0],[8,9,1],[9,7,0],[9,9,2],[9,10,0],[10,0,2],[10,6,2],[11,1,2],[11,9,1]]",30,399,19980,"[1,1,1,1,1,1,1,1,1,1,1,1,0,0,0,0,0,0,0,0,0,0,0,0,0,0,0,0,0,0,0,0,0,0,0,0,0,0,0,0,0,0,0,0,0]",4095,12,12,0
cklr_m12_s140_e8f62fd14bde8058,e8f62fd14bde8058,12,45,140,678316545648914745,0.09,3,1,"[[0,1,0],[0,9,1],[0,9,2],[1,1,0],[1,1,1],[1,6,2],[2,4,1],[2,6,2],[3,1,2],[5,0,2],[5,2,1],[5,4,2],[5,9,1],[7,1,1],[7,1,2],[7,9,0],[7,10,2],[9,1,1],[9,2,0],[9,5,2],[9,7,0],[9,8,0],[10,0,1],[10,3,2],[10,4,1],[10,8,0],[11,3,0],[11,7,1],[11,7,2]]",29,400,20025,"[1,1,1,1,1,1,1,1,1,1,1,1,0,0,0,0,0,0,0,0,0,0,0,0,0,0,0,0,0,0,0,0,0,0,0,0,0,0,0,0,0,0,0,0,0]",4095,12,12,0
cklr_m12_s141_26872e1602456612,26872e1602456612,12,45,141,8758671440474721274,0.09,3,2,"[[0,0,1],[0,5,1],[0,7,1],[0,9,2],[0,10,1],[1,0,1],[1,6,0],[1,7,0],[2,0,1],[2,8,1],[3,6,0],[3,8,0],[4,0,0],[4,2,2],[6,1,1],[6,4,1],[6,5,2],[6,6,0],[7,3,1],[7,3,2],[7,7,1],[8,6,1],[9,7,1],[10,7,2],[10,9,0],[11,0,0],[11,0,2],[11,4,1],[11,6,2],[11,9,2]]",30,399,19980,"[1,1,1,1,1,1,1,1,1,1,1,1,0,0,0,0,0,0,0,0,0,0,0,0,0,0,0,0,0,0,0,0,0,0,0,0,0,0,0,0,0,0,0,0,0]",4095,12,12,0
cklr_m12_s142_37f72e4499c16493,37f72e4499c16493,12,45,142,6992193055953783209,0.09,3,3,"[[0,0,1],[0,1,0],[0,3,2],[0,6,1],[0,8,1],[1,0,1],[1,0,2],[1,6,1],[2,1,2],[2,4,1],[2,10,1],[3,3,0],[3,6,1],[3,8,2],[3,9,2],[4,1,1],[4,4,1],[4,5,2],[5,0,1],[5,2,0],[5,2,2],[5,7,0],[6,3,2],[6,7,0],[6,8,0],[6,10,0],[7,1,0],[7,8,1],[7,9,0],[8,5,1],[8,9,0],[8,10,2],[9,1,1],[9,9,1],[10,5,1],[10,8,0],[11,2,0],[11,2,1],[11,2,2],[11,7,2],[11,9,2],[11,10,2]]",42,387,19440,"[1,1,1,1,1,1,1,1,1,1,1,1,0,0,0,0,0,0,0,0,0,0,0,0,0,0,0,0,0,0,0,0,0,0,0,0,0,0,0,0,0,0,0,0,0]",4095,12,12,0
cklr_m12_s143_21de3634f9497204,21de3634f9497204,12,45,143,3168947239985441696,0.09,3,4,"[[0,0,1],[0,2,0],[0,5,2],[0,7,0],[0,7,2],[1,5,2],[1,6,0],[1,6,1],[1,8,0],[1,8,2],[1,9,0],[2,3,2],[2,10,0],[3,0,0],[3,9,0],[3,10,2],[4,3,2],[4,8,1],[5,0,2],[5,1,1],[5,4,1],[6,6,0],[7,0,0],[7,3,1],[7,9,0],[8,5,2],[8,8,1],[8,9,0],[9,5,2],[10,3,0],[10,7,0],[10,9,1],[10,9,2],[11,1,2],[11,3,1],[11,9,0],[11,9,2],[11,10,0]]",38,391,19620,"[1,1,1,1,1,1,1,1,1,1,1,1,0,0,0,0,0,0,0,0,0,0,0,0,0,0,0,0,0,0,0,0,0,0,0,0,0,0,0,0,0,0,0,0,0]",4095,12,12,0
cklr_m12_s144_fd8bb11a670f06a0,fd8bb11a670f06a0,12,45,144,3089329841209517907,0.09,3,5,"[[0,2,2],[0,4,0],[0,4,2],[0,6,0],[0,10,0],[0,10,1],[1,3,0],[1,3,1],[1,3,2],[1,6,1],[1,6,2],[2,1,0],[2,6,2],[2,7,2],[2,9,0],[3,1,0],[3,5,0],[3,7,1],[3,8,0],[3,8,2],[3,9,1],[3,9,2],[4,0,0],[4,0,1],[4,1,0],[4,4,0],[5,2,2],[5,7,2],[5,10,2],[6,4,1],[6,7,1],[7,1,1],[7,3,2],[7,9,2],[7,10,0],[8,4,0],[8,4,2],[8,7,2],[8,8,1],[8,9,2],[9,8,1],[10,0,0],[10,1,2],[10,2,0],[11,9,1]]",45,384,19305,"[1,1,1,1,1,1,1,1,1,1,1,1,0,0,0,0,0,0,0,0,0,0,0,0,0,0,0,0,0,0,0,0,0,0,0,0,0,0,0,0,0,0,0,0,0]",4095,12,12,0
cklr_m12_s145_1fea1d365682b507,1fea1d365682b507,12,45,145,7822364359744748727,0.09,3,6,"[[0,8,0],[0,9,1],[1,1,1],[1,6,2],[1,7,0],[1,8,0],[2,2,2],[2,8,1],[3,0,2],[3,1,1],[3,1,2],[3,2,2],[4,1,1],[4,7,0],[4,9,1],[5,4,2],[5,5,0],[6,0,0],[6,5,1],[6,6,0],[7,3,0],[7,4,0],[7,8,0],[7,8,2],[9,3,0],[9,6,0],[10,2,1],[11,2,0],[11,8,0]]",29,400,20025,"[1,1,1,1,1,1,1,1,1,1,1,1,0,0,0,0,0,0,0,0,0,0,0,0,0,0,0,0,0,0,0,0,0,0,0,0,0,0,0,0,0,0,0,0,0]",4095,12,12,0
cklr_m12_s146_9b246570247e1efd,9b246570247e1efd,12,45,146,288337378927885069,0.09,3,7,"[[0,0,0],[0,2,2],[0,4,0],[0,5,2],[0,9,0],[0,10,1],[1,0,1],[1,5,1],[2,5,0],[3,3,1],[3,7,2],[3,9,1],[4,1,0],[4,1,1],[4,4,2],[4,5,0],[4,6,0],[5,2,1],[5,5,0],[6,9,0],[7,2,0],[7,2,2],[7,5,0],[7,5,1],[7,8,1],[8,6,1],[8,10,2],[9,8,0],[11,1,0],[11,4,2],[11,10,2]]",31,398,19935,"[1,1,1,1,1,1,1,1,1,1,1,1,0,0,0,0,0,0,0,0,0,0,0,0,0,0,0,0,0,0,0,0,0,0,0,0,0,0,0,0,0,0,0,0,0]",4095,12,12,0
cklr_m12_s147_b3047ba089ee52bc,b3047ba089ee52bc,12,45,147,4873737930186598220,0.09,3,8,"[[1,0,1],[1,7,0],[2,0,1],[2,1,1],[2,2,2],[2,5,2],[2,9,0],[2,10,0],[4,0,2],[4,8,1],[5,3,2],[5,7,0],[6,0,1],[6,8,0],[6,8,1],[7,0,0],[7,2,0],[7,5,0],[7,10,1],[7,10,2],[8,1,2],[8,2,0],[8,2,2],[8,6,2],[8,7,2],[8,9,1],[9,3,0],[9,3,1],[9,8,0],[9,9,0],[10,1,0],[10,2,2],[10,3,0],[10,3,1],[11,4,0],[11,5,0],[11,7,0],[11,7,1]]",38,391,19620,"[1,1,1,1,1,1,1,1,1,1,1,1,0,0,0,0,0,0,0,0,0,0,0,0,0,0,0,0,0,0,0,0,0,0,0,0,0,0,0,0,0,0,0,0,0]",4095,12,12,0
cklr_m12_s148_d262cff8713c4207,d262cff8713c4207,12,45,148,7429776800453962883,0.09,3,9,"[[0,1,1],[0,3,0],[0,4,2],[0,6,2],[0,8,2],[0,10,2],[1,0,2],[2,7,1],[2,10,1],[3,0,0],[3,0,2],[3,1,2],[3,3,2],[4,9,1],[5,2,1],[5,3,1],[5,4,2],[5,6,0],[5,7,1],[5,9,0],[6,5,0],[6,7,2],[6,8,1],[6,10,1],[6,10,2],[7,0,1],[7,4,1],[7,10,1],[8,9,0],[9,3,0],[9,3,1],[9,5,2],[9,7,1],[9,7,2],[10,1,0],[10,1,2],[10,8,2],[10,10,0],[11,0,1],[11,2,2],[11,5,2],[11,6,1]]",42,387,19440,"[1,1,1,1,1,1,1,1,1,1,1,1,0,0,0,0,0,0,0,0,0,0,0,0,0,0,0,0,0,0,0,0,0,0,0,0,0,0,0,0,0,0,0,0,0]",4095,12,12,0
cklr_m12_s149_821a8610c5103432,821a8610c5103432,12,45,149,367973552732660542,0.09,3,10,"[[0,1,0],[0,5,1],[0,6,2],[1,3,0],[1,5,0],[1,5,2],[1,6,2],[1,7,2],[1,9,2],[2,3,1],[2,6,2],[2,9,1],[2,10,1],[3,2,0],[3,4,0],[5,1,1],[5,2,0],[5,3,2],[5,6,0],[6,9,1],[7,0,0],[7,4,1],[7,8,1],[9,0,1],[9,1,2],[9,2,1],[9,2,2],[9,4,1],[9,7,0],[10,2,0],[10,6,0],[10,7,2],[11,6,0],[11,10,0]]",34,395,19800,"[1,1,1,1,1,1,1,1,1,1,1,1,0,0,0,0,0,0,0,0,0,0,0,0,0,0,0,0,0,0,0,0,0,0,0,0,0,0,0,0,0,0,0,0,0]",4095,12,12,0
cklr_m12_s150_90918b0b2daec638,90918b0b2daec638,12,45,150,4638236612524578426,0.09,3,11,"[[0,2,0],[0,2,2],[0,5,0],[0,6,2],[1,5,2],[1,8,2],[1,9,0],[1,10,0],[2,3,2],[2,5,0],[2,6,0],[2,7,2],[2,8,1],[3,1,1],[3,3,2],[3,4,2],[4,0,2],[4,4,1],[4,6,0],[4,6,1],[5,3,0],[5,5,2],[5,10,1],[6,1,2],[6,3,2],[6,5,1],[6,7,1],[6,8,2],[6,9,1],[7,1,1],[7,2,2],[7,4,0],[7,10,1],[9,5,2],[9,10,1],[10,7,2],[11,0,2],[11,5,1],[11,5,2],[11,10,1]]",40,389,19530,"[1,1,1,1,1,1,1,1,1,1,1,1,0,0,0,0,0,0,0,0,0,0,0,0,0,0,0,0,0,0,0,0,0,0,0,0,0,0,0,0,0,0,0,0,0]",4095,12,12,0
cklr_m12_s151_de278b0584643608,de278b0584643608,12,45,151,5112486781553114547,0.09,3,12,"[[0,0,1],[0,2,0],[1,1,1],[1,3,1],[1,3,2],[1,9,2],[2,0,1],[2,2,0],[2,9,2],[3,0,2],[3,1,2],[3,2,2],[3,10,0],[3,10,2],[4,0,2],[4,2,1],[4,4,2],[5,3,2],[5,10,2],[6,8,2],[7,4,2],[7,8,2],[7,10,0],[8,1,0],[8,1,2],[8,2,0],[8,3,0],[8,3,1],[8,8,2],[9,0,1],[9,6,0],[10,2,1],[10,4,1],[10,6,1],[11,6,2],[11,7,0],[11,10,0],[11,10,2]]",38,391,19620,"[1,1,1,1,1,1,1,1,1,1,1,1,0,0,0,0,0,0,0,0,0,0,0,0,0,0,0,0,0,0,0,0,0,0,0,0,0,0,0,0,0,0,0,0,0]",4095,12,12,0
cklr_m12_s152_ec0a365a55926a81,ec0a365a55926a81,12,45,152,595993655047024251,0.09,3,13,"[[0,1,0],[0,2,2],[0,4,2],[0,5,0],[0,8,2],[1,6,1],[1,7,2],[1,10,2],[2,4,1],[2,6,2],[2,8,1],[2,10,0],[3,10,1],[4,3,0],[4,6,1],[4,8,1],[5,3,1],[5,10,1],[6,1,0],[6,5,2],[6,6,2],[6,9,2],[7,3,1],[7,5,2],[7,7,0],[7,10,1],[8,3,2],[8,5,0],[8,5,1],[8,9,1],[9,6,1],[9,7,0],[10,0,0],[10,9,0],[11,3,1],[11,3,2],[11,7,0],[11,8,2],[11,9,1]]",39,390,19575,"[1,1,1,1,1,1,1,1,1,1,1,1,0,0,0,0,0,0,0,0,0,0,0,0,0,0,0,0,0,0,0,0,0,0,0,0,0,0,0,0,0,0,0,0,0]",4095,12,12,0
cklr_m12_s153_66a9b7a7a3d28e58,66a9b7a7a3d28e58,12,45,153,7450022102835550582,0.09,3,14,"[[0,4,1],[0,6,1],[0,8,2],[1,8,2],[2,1,0],[2,4,2],[2,5,1],[2,6,2],[2,7,1],[3,0,0],[3,1,0],[3,2,0],[3,5,1],[4,1,2],[4,3,0],[4,8,0],[4,9,1],[4,9,2],[5,1,2],[5,2,2],[5,10,2],[6,6,0],[6,7,2],[7,5,0],[8,0,0],[8,1,2],[8,2,0],[8,2,2],[8,8,0],[8,9,2],[8,10,1],[9,3,1],[9,8,0],[9,8,1],[10,2,0],[10,5,0],[10,5,2],[11,4,0],[11,8,2]]",39,390,19575,"[1,1,1,1,1,1,1,1,1,1,1,1,0,0,0,0,0,0,0,0,0,0,0,0,0,0,0,0,0,0,0,0,0,0,0,0,0,0,0,0,0,0,0,0,0]",4095,12,12,0
cklr_m12_s154_6b906e4003ae93ad,6b906e4003ae93ad,12,45,154,4188199547238155565,0.09,3,15,"[[0,0,0],[0,0,2],[0,3,2],[0,4,2],[0,6,2],[0,7,0],[0,7,1],[0,9,1],[1,6,1],[2,3,0],[3,1,0],[3,2,1],[3,6,1],[3,7,2],[3,10,1],[4,3,1],[4,7,0],[5,0,2],[5,2,0],[5,6,0],[5,8,2],[5,10,0],[6,2,0],[6,2,2],[6,4,2],[6,5,0],[7,3,0],[7,4,0],[7,7,0],[7,8,2],[8,0,0],[8,2,0],[8,5,2],[8,7,2],[8,9,1],[8,10,0],[9,5,2],[9,7,2],[9,8,1],[10,1,0],[11,3,1],[11,5,2],[11,6,2]]",43,386,19395,"[1,1,1,1,1,1,1,1,1,1,1,1,0,0,0,0,0,0,0,0,0,0,0,0,0,0,0,0,0,0,0,0,0,0,0,0,0,0,0,0,0,0,0,0,0]",4095,12,12,0
cklr_m12_s155_54ee3549f63def96,54ee3549f63def96,12,45,155,7530732919073883146,0.09,3,16,"[[0,1,2],[0,6,1],[0,8,2],[0,10,2],[1,5,2],[2,1,0],[2,3,2],[2,8,1],[3,1,2],[3,4,2],[3,9,1],[3,10,0],[4,2,1],[4,3,0],[5,7,2],[6,0,0],[6,1,0],[6,1,2],[6,8,1],[6,9,2],[6,10,0],[7,0,1],[7,10,0],[8,6,0],[8,7,1],[9,0,2],[9,4,2],[9,5,1],[9,10,1],[10,0,0],[10,0,2],[10,2,1],[10,8,1],[10,10,1],[11,0,1],[11,0,2],[11,2,0],[11,6,2],[11,10,1]]",39,390,19575,"[1,1,1,1,1,1,1,1,1,1,1,1,0,0,0,0,0,0,0,0,0,0,0,0,0,0,0,0,0,0,0,0,0,0,0,0,0,0,0,0,0,0,0,0,0]",4095,12,12,0
cklr_m12_s156_d33e32aee9d656e0,d33e32aee9d656e0,12,45,156,4041554330515378629,0.09,3,17,"[[0,3,2],[0,4,0],[0,8,1],[1,1,0],[1,2,0],[1,5,1],[1,6,2],[3,0,0],[3,4,2],[3,9,0],[4,0,0],[4,2,2],[4,8,2],[4,9,0],[5,3,2],[5,7,1],[6,1,0],[6,3,0],[6,7,1],[7,4,2],[8,2,1],[8,2,2],[8,8,0],[8,8,1],[8,10,2],[9,1,0],[9,1,1],[10,0,0],[10,7,2],[10,9,1],[10,10,1],[11,0,0],[11,1,0],[11,3,1],[11,4,2],[11,6,0]]",36,393,19710,"[1,1,1,1,1,1,1,1,1,1,1,1,0,0,0,0,0,0,0,0,0,0,0,0,0,0,0,0,0,0,0,0,0,0,0,0,0,0,0,0,0,0,0,0,0]",4095,12,12,0
cklr_m12_s157_47dd73a839699237,47dd73a839699237,12,45,157,6415938044285325092,0.09,3,18,"[[0,0,2],[0,2,2],[0,6,0],[0,6,2],[0,9,0],[0,9,2],[1,8,2],[2,1,1],[2,6,0],[2,7,0],[3,0,2],[3,1,0],[4,3,2],[5,0,0],[6,1,0],[7,4,0],[7,5,2],[7,9,2],[7,10,2],[8,5,0],[8,9,2],[8,10,1],[9,0,2],[9,1,1],[9,5,0],[9,5,2],[10,5,0],[10,9,0],[11,0,2],[11,7,1],[11,8,1]]",31,398,19935,"[1,1,1,1,1,1,1,1,1,1,1,1,0,0,0,0,0,0,0,0,0,0,0,0,0,0,0,0,0,0,0,0,0,0,0,0,0,0,0,0,0,0,0,0,0]",4095,12,12,0
cklr_m12_s158_fa4c1ac5eecc4ec4,fa4c1ac5eecc4ec4,12,45,158,3754239032985568317,0.09,3,19,"[[0,5,0],[1,9,2],[2,0,0],[2,1,2],[2,2,0],[2,3,0],[2,4,0],[2,5,0],[3,0,0],[3,1,2],[3,2,2],[3,5,0],[3,5,2],[3,10,0],[4,5,1],[4,8,1],[6,0,1],[6,0,2],[6,2,2],[6,8,0],[6,8,1],[7,1,2],[7,2,0],[7,3,1],[7,3,2],[7,4,0],[7,7,0],[7,7,1],[7,10,0],[8,0,1],[8,3,0],[8,4,0],[8,6,2],[9,0,0],[9,2,1],[9,2,2],[9,10,2],[10,0,0],[11,1,0]]",39,390,19575,"[1,1,1,1,1,1,1,1,1,1,1,1,0,0,0,0,0,0,0,0,0,0,0,0,0,0,0,0,0,0,0,0,0,0,0,0,0,0,0,0,0,0,0,0,0]",4095,12,12,0
cklr_m12_s159_0e74150dfe48e439,0e74150dfe48e439,12,45,159,2071752572859409650,0.09,3,20,"[[0,2,0],[0,3,0],[0,4,2],[0,5,0],[0,6,0],[0,8,1],[1,0,2],[1,2,0],[1,3,1],[1,5,1],[1,10,0],[2,0,2],[3,3,0],[3,3,1],[3,4,0],[4,8,1],[4,8,2],[4,9,1],[5,6,0],[5,8,2],[5,10,2],[6,0,0],[6,3,2],[6,8,2],[7,2,0],[7,3,1],[7,4,1],[8,1,1],[8,3,1],[8,4,2],[8,9,1],[8,10,1],[9,5,1],[9,7,1],[10,1,2],[10,7,2],[11,1,2],[11,5,2],[11,8,2],[11,9,0]]",40,389,19530,"[1,1,1,1,1,1,1,1,1,1,1,1,0,0,0,0,0,0,0,0,0,0,0,0,0,0,0,0,0,0,0,0,0,0,0,0,0,0,0,0,0,0,0,0,0]",4095,12,12,0
cklr_m12_s160_0b6199f5cab21dff,0b6199f5cab21dff,12,45,160,7698928016086207773,0.09,3,21,"[[0,1,2],[0,2,2],[0,3,0],[1,3,1],[1,6,2],[1,8,0],[1,10,2],[2,2,1],[2,3,2],[2,7,2],[3,4,1],[3,4,2],[4,6,1],[5,8,0],[5,9,1],[6,2,0],[6,3,1],[6,7,1],[6,10,0],[7,1,1],[7,4,2],[7,6,2],[7,7,0],[8,0,0],[8,5,2],[8,7,0],[9,3,1],[9,4,2],[9,6,1],[9,10,2],[10,1,0],[10,1,1]]",32,397,19890,"[1,1,1,1,1,1,1,1,1,1,1,1,0,0,0,0,0,0,0,0,0,0,0,0,0,0,0,0,0,0,0,0,0,0,0,0,0,0,0,0,0,0,0,0,0]",4095,12,12,0
cklr_m12_s161_abe703dd484653a3,abe703dd484653a3,12,45,161,7937850029873681535,0.09,3,22,"[[0,0,1],[0,0,2],[0,8,0],[1,2,0],[1,8,2],[2,0,2],[2,1,0],[2,7,1],[3,6,1],[4,1,1],[4,2,0],[4,4,2],[4,6,1],[4,6,2],[5,0,2],[5,2,0],[5,2,2],[5,8,0],[6,1,1],[6,2,0],[6,3,0],[6,8,0],[6,8,2],[7,6,0],[7,7,0],[7,10,1],[8,3,2],[8,9,1],[10,5,2],[10,9,0],[10,10,1],[11,1,0],[11,5,1],[11,6,0]]",34,395,19800,"[1,1,1,1,1,1,1,1,1,1,1,1,0,0,0,0,0,0,0,0,0,0,0,0,0,0,0,0,0,0,0,0,0,0,0,0,0,0,0,0,0,0,0,0,0]",4095,12,12,0
cklr_m12_s162_f8e5b7a0dd1a5d98,f8e5b7a0dd1a5d98,12,45,162,7192586366787509203,0.09,3,23,"[[0,0,0],[0,7,0],[0,8,0],[1,2,2],[1,4,0],[1,7,2],[2,1,2],[2,5,2],[3,4,2],[3,9,2],[4,1,0],[4,4,0],[4,8,0],[4,9,2],[5,0,1],[5,3,2],[6,3,2],[6,5,1],[6,6,0],[7,0,2],[7,1,0],[7,4,1],[8,3,0],[8,3,2],[9,2,0],[10,0,1],[10,3,2],[10,4,1],[10,7,2],[10,10,1],[11,0,0],[11,1,1],[11,3,0],[11,8,1]]",34,395,19800,"[1,1,1,1,1,1,1,1,1,1,1,1,0,0,0,0,0,0,0,0,0,0,0,0,0,0,0,0,0,0,0,0,0,0,0,0,0,0,0,0,0,0,0,0,0]",4095,12,12,0
cklr_m12_s163_9388aec4118dd9b4,9388aec4118dd9b4,12,45,163,7442007125238678753,0.09,3,24,"[[0,2,2],[0,4,2],[0,9,0],[1,0,2],[1,1,2],[1,2,0],[2,0,2],[2,2,0],[2,7,2],[3,8,1],[4,4,0],[4,7,1],[4,9,1],[4,10,0],[6,4,2],[6,5,2],[6,6,0],[7,0,2],[7,3,1],[7,7,0],[7,9,2],[8,0,1],[8,2,0],[8,3,0],[9,5,1],[9,6,0],[10,0,2],[10,2,1],[10,4,1],[10,5,1],[10,8,1],[11,2,2]]",32,397,19890,"[1,1,1,1,1,1,1,1,1,1,1,1,0,0,0,0,0,0,0,0,0,0,0,0,0,0,0,0,0,0,0,0,0,0,0,0,0,0,0,0,0,0,0,0,0]",4095,12,12,0
cklr_m12_s164_4dd2798fa9e13202,4dd2798fa9e13202,12,45,164,7694913348831130253,0.09,3,25,"[[0,1,0],[0,1,1],[0,6,2],[0,7,0],[0,10,0],[1,6,2],[2,2,2],[2,3,0],[4,5,0],[4,5,2],[4,8,0],[5,0,2],[5,2,1],[5,5,2],[5,6,2],[6,1,2],[6,9,1],[7,2,2],[7,4,2],[7,6,2],[8,9,2],[9,0,2],[9,1,2],[9,2,0],[9,9,2],[10,1,1],[10,2,1],[10,5,2],[10,6,2],[11,1,0],[11,5,0],[11,5,1],[11,6,2],[11,7,0],[11,8,0],[11,8,2],[11,10,0]]",37,392,19665,"[1,1,1,1,1,1,1,1,1,1,1,1,0,0,0,0,0,0,0,0,0,0,0,0,0,0,0,0,0,0,0,0,0,0,0,0,0,0,0,0,0,0,0,0,0]",4095,12,12,0
cklr_m12_s165_7bfa83bd621d2bf5,7bfa83bd621d2bf5,12,45,165,76377730315459027,0.09,3,26,"[[0,5,0],[0,7,0],[0,8,2],[0,9,0],[0,10,1],[1,1,1],[1,10,0],[2,0,2],[3,2,1],[3,5,0],[3,5,2],[3,6,1],[4,0,0],[4,9,2],[4,10,0],[5,0,2],[5,2,0],[5,2,2],[5,6,1],[6,8,2],[6,10,2],[8,1,1],[8,7,2],[9,1,1],[9,6,2],[9,8,1],[10,4,0],[10,5,1],[11,7,2]]",29,400,20025,"[1,1,1,1,1,1,1,1,1,1,1,1,0,0,0,0,0,0,0,0,0,0,0,0,0,0,0,0,0,0,0,0,0,0,0,0,0,0,0,0,0,0,0,0,0]",4095,12,12,0
cklr_m12_s166_fcba247217fb9ff8,fcba247217fb9ff8,12,45,166,524536756048548399,0.09,3,27,"[[0,0,2],[0,3,1],[0,8,1],[0,10,1],[1,1,0],[1,6,0],[1,8,0],[1,8,2],[1,9,0],[2,5,1],[3,6,0],[3,7,2],[4,1,0],[4,7,2],[4,8,2],[4,10,1],[5,0,2],[5,4,0],[5,5,1],[5,5,2],[5,10,1],[6,2,0],[6,3,0],[6,3,2],[6,4,0],[6,8,0],[7,4,1],[7,5,2],[7,6,0],[7,8,0],[7,10,1],[8,1,2],[9,0,2],[10,7,1],[10,9,2],[11,7,0],[11,8,0]]",37,392,19665,"[1,1,1,1,1,1,1,1,1,1,1,1,0,0,0,0,0,0,0,0,0,0,0,0,0,0,0,0,0,0,0,0,0,0,0,0,0,0,0,0,0,0,0,0,0]",4095,12,12,0
cklr_m12_s167_a22c82b4797e2cae,a22c82b4797e2cae,12,45,167,930879087265927717,0.09,3,28,"[[1,3,2],[1,8,2],[2,5,0],[2,8,2],[2,9,0],[3,5,0],[3,8,2],[3,9,0],[4,8,0],[5,0,1],[5,6,0],[5,6,1],[5,8,1],[5,10,1],[5,10,2],[6,4,1],[7,0,1],[7,9,1],[8,1,0],[8,5,0],[8,8,2],[9,0,0],[9,4,2],[9,9,0],[9,10,2],[10,0,0],[10,4,2],[10,7,1],[11,0,0],[11,3,0]]",30,399,19980,"[1,1,1,1,1,1,1,1,1,1,1,1,0,0,0,0,0,0,0,0,0,0,0,0,0,0,0,0,0,0,0,0,0,0,0,0,0,0,0,0,0,0,0,0,0]",4095,12,12,0
cklr_m12_s168_9b3bcd3cd8b92a8b,9b3bcd3cd8b92a8b,12,45,168,75002013508474972,0.09,3,29,"[[0,6,0],[0,8,0],[0,8,1],[0,8,2],[1,4,1],[1,5,2],[3,6,1],[3,7,2],[4,5,1],[4,5,2],[5,6,1],[5,7,0],[5,9,0],[6,1,0],[6,2,1],[6,3,0],[6,6,1],[6,9,0],[7,0,0],[7,1,2],[8,4,0],[8,5,2],[8,9,1],[9,0,1],[9,10,0],[11,9,2]]",26,403,20160,"[1,1,1,1,1,1,1,1,1,1,1,1,0,0,0,0,0,0,0,0,0,0,0,0,0,0,0,0,0,0,0,0,0,0,0,0,0,0,0,0,0,0,0,0,0]",4095,12,12,0
cklr_m12_s169_da1b9e9e0d9a0640,da1b9e9e0d9a0640,12,45,169,2736591161758261530,0.09,3,30,"[[0,5,2],[0,8,2],[1,1,0],[1,7,2],[1,10,2],[2,1,2],[2,7,0],[2,9,1],[2,10,0],[3,0,1],[4,0,2],[4,1,1],[4,6,0],[4,6,1],[4,9,2],[4,10,0],[5,5,1],[5,8,0],[5,8,1],[6,3,2],[6,4,0],[7,1,2],[7,8,1],[7,8,2],[8,0,1],[8,5,1],[8,8,0],[8,8,2],[9,4,1],[9,8,0],[9,8,2],[9,10,0],[10,3,0],[10,5,2],[10,7,1],[10,8,0],[10,9,0],[10,10,1],[11,5,1],[11,8,1],[11,10,0]]",41,388,19485,"[1,1,1,1,1,1,1,1,1,1,1,1,0,0,0,0,0,0,0,0,0,0,0,0,0,0,0,0,0,0,0,0,0,0,0,0,0,0,0,0,0,0,0,0,0]",4095,12,12,0
cklr_m12_s170_67a0df2d6f8f6b3d,67a0df2d6f8f6b3d,12,45,170,3197447406207812399,0.11,4,1,"[[0,4,1],[0,5,0],[0,5,2],[1,3,0],[1,5,0],[1,7,1],[1,7,2],[2,4,0],[3,6,2],[3,8,0],[3,9,0],[4,4,0],[4,8,2],[5,2,0],[6,3,0],[6,3,1],[6,4,2],[6,5,1],[6,7,2],[6,8,1],[7,0,2],[7,3,1],[7,6,1],[7,6,2],[7,7,0],[7,9,2],[8,4,2],[8,7,0],[8,10,2],[9,0,1],[9,3,2],[9,8,2],[9,10,0],[10,0,1],[10,1,0],[10,3,1],[10,7,1],[10,9,0],[11,4,1],[11,7,2],[11,10,1]]",41,388,19485,"[1,1,1,1,1,1,1,1,1,1,1,1,0,0,0,0,0,0,0,0,0,0,0,0,0,0,0,0,0,0,0,0,0,0,0,0,0,0,0,0,0,0,0,0,0]",4095,12,12,0
cklr_m12_s171_04fdeee68009bc4f,04fdeee68009bc4f,12,45,171,217579097700616154,0.11,4,2,"[[0,0,1],[0,0,2],[0,1,0],[0,5,0],[1,1,2],[1,2,0],[1,8,0],[1,10,1],[2,1,1],[2,3,1],[2,3,2],[2,4,0],[2,5,1],[2,7,1],[2,9,0],[2,10,1],[3,4,0],[3,5,1],[3,8,2],[3,9,2],[3,10,0],[3,10,1],[4,3,1],[5,1,0],[5,1,2],[5,2,0],[5,5,0],[5,9,1],[6,1,2],[6,8,0],[6,10,2],[8,5,2],[8,10,2],[9,2,1],[9,3,1],[9,6,0],[9,8,0],[9,10,1],[10,0,2],[10,6,1],[10,7,1],[10,8,0],[11,4,0],[11,5,1]]",44,385,19350,"[1,1,1,1,1,1,1,1,1,1,1,1,0,0,0,0,0,0,0,0,0,0,0,0,0,0,0,0,0,0,0,0,0,0,0,0,0,0,0,0,0,0,0,0,0]",4095,12,12,0
cklr_m12_s172_3784681af07e018a,3784681af07e018a,12,45,172,8956920121770858224,0.11,4,3,"[[0,2,2],[0,6,0],[0,7,1],[0,10,0],[1,0,0],[1,1,0],[1,7,0],[2,1,2],[2,5,1],[2,7,1],[3,5,1],[3,8,2],[3,9,1],[4,0,0],[4,0,1],[4,6,0],[4,8,0],[5,2,0],[5,3,0],[5,9,0],[5,10,1],[6,4,1],[6,8,1],[7,1,0],[7,3,1],[7,5,2],[7,6,1],[7,7,0],[7,7,1],[8,0,1],[8,5,2],[9,3,2],[9,10,0],[10,1,1]]",34,395,19800,"[1,1,1,1,1,1,1,1,1,1,1,1,0,0,0,0,0,0,0,0,0,0,0,0,0,0,0,0,0,0,0,0,0,0,0,0,0,0,0,0,0,0,0,0,0]",4095,12,12,0
cklr_m12_s173_b946670f5efccaa6,b946670f5efccaa6,12,45,173,5043960191254029036,0.11,4,4,"[[0,8,0],[0,10,2],[1,2,1],[1,9,1],[1,10,2],[2,2,1],[2,3,0],[2,7,1],[3,2,1],[3,10,0],[4,0,1],[4,1,1],[4,2,0],[4,5,0],[4,6,0],[4,9,0],[5,1,0],[5,2,0],[5,6,2],[6,1,0],[6,3,1],[6,4,0],[6,6,1],[6,8,0],[6,9,0],[7,1,1],[7,4,0],[7,7,0],[8,4,0],[8,7,0],[8,8,1],[9,0,0],[9,1,2],[9,5,1],[9,7,1],[9,9,1],[10,1,0],[10,1,1],[10,4,0],[10,4,1],[10,5,0],[10,5,2],[10,6,0],[10,6,2],[10,7,1],[10,8,0],[10,10,0],[10,10,1],[11,3,0],[11,7,0]]",50,379,19080,"[1,1,1,1,1,1,1,1,1,1,1,1,0,0,0,0,0,0,0,0,0,0,0,0,0,0,0,0,0,0,0,0,0,0,0,0,0,0,0,0,0,0,0,0,0]",4095,12,12,0
cklr_m12_s174_48ff9b7ec571a255,48ff9b7ec571a255,12,45,174,1537380358452297965,0.11,4,5,"[[0,7,1],[0,7,2],[0,8,2],[1,1,0],[1,1,2],[1,5,0],[1,7,0],[2,2,0],[2,3,1],[2,5,0],[3,0,1],[3,1,0],[3,5,1],[3,7,0],[4,7,1],[4,10,0],[5,6,0],[5,9,2],[6,1,0],[6,10,2],[7,0,0],[7,2,1],[7,2,2],[7,4,1],[7,5,1],[7,7,1],[7,10,1],[8,0,0],[8,5,0],[8,8,0],[8,10,2],[9,2,2],[9,4,0],[9,4,1],[9,5,2],[9,6,0],[9,6,1],[9,6,2],[10,0,2],[10,9,1],[11,6,2],[11,7,0],[11,8,0],[11,9,1]]",44,385,19350,"[1,1,1,1,1,1,1,1,1,1,1,1,0,0,0,0,0,0,0,0,0,0,0,0,0,0,0,0,0,0,0,0,0,0,0,0,0,0,0,0,0,0,0,0,0]",4095,12,12,0
cklr_m12_s175_391778d8bde250ed,391778d8bde250ed,12,45,175,6461762821316998561,0.11,4,6,"[[0,0,2],[0,1,1],[0,3,1],[0,7,2],[1,5,1],[1,5,2],[1,7,1],[1,7,2],[2,0,2],[2,3,2],[2,7,0],[2,9,1],[3,9,2],[4,4,2],[4,7,1],[4,7,2],[4,10,0],[4,10,1],[5,0,0],[5,1,1],[5,6,0],[5,8,2],[5,9,2],[6,0,2],[6,2,1],[6,8,2],[6,9,0],[6,9,1],[6,10,2],[7,3,0],[7,9,1],[8,0,1],[8,2,0],[8,2,1],[8,5,0],[9,1,1],[9,5,0],[9,8,2],[10,8,1],[10,9,2],[11,3,2]]",41,388,19485,"[1,1,1,1,1,1,1,1,1,1,1,1,0,0,0,0,0,0,0,0,0,0,0,0,0,0,0,0,0,0,0,0,0,0,0,0,0,0,0,0,0,0,0,0,0]",4095,12,12,0
cklr_m12_s176_236ff8bc107f8764,236ff8bc107f8764,12,45,176,609321479553536352,0.11,4,7,"[[0,1,1],[0,9,2],[2,3,0],[2,7,2],[3,2,1],[3,2,2],[3,7,0],[3,7,2],[3,9,1],[4,3,0],[4,8,0],[4,8,2],[4,10,1],[5,3,1],[5,3,2],[5,4,2],[6,4,2],[6,5,0],[6,10,1],[7,0,0],[7,7,1],[7,8,1],[8,0,1],[8,2,2],[8,3,2],[8,4,0],[8,7,1],[9,1,1],[9,3,2],[10,5,2],[11,1,1],[11,5,0]]",32,397,19890,"[1,1,1,1,1,1,1,1,1,1,1,1,0,0,0,0,0,0,0,0,0,0,0,0,0,0,0,0,0,0,0,0,0,0,0,0,0,0,0,0,0,0,0,0,0]",4095,12,12,0
cklr_m12_s177_5f0d27360101d099,5f0d27360101d099,12,45,177,2214436612412506874,0.11,4,8,"[[0,1,2],[0,5,0],[0,7,0],[0,7,1],[1,3,1],[1,4,0],[1,5,1],[1,10,0],[2,2,2],[2,5,0],[2,6,1],[2,7,0],[2,7,2],[2,9,2],[3,2,2],[3,5,1],[4,0,2],[4,4,1],[4,8,2],[5,0,0],[5,1,2],[5,2,1],[5,6,1],[5,7,0],[5,8,2],[5,10,0],[6,0,2],[6,2,0],[6,3,2],[7,7,1],[7,8,0],[8,0,1],[8,4,0],[8,4,1],[8,4,2],[9,3,2],[9,4,0],[9,4,1],[9,10,0],[10,1,2],[10,4,1],[10,7,0],[11,1,0],[11,3,0],[11,9,1],[11,10,0]]",46,383,19260,"[1,1,1,1,1,1,1,1,1,1,1,1,0,0,0,0,0,0,0,0,0,0,0,0,0,0,0,0,0,0,0,0,0,0,0,0,0,0,0,0,0,0,0,0,0]",4095,12,12,0
cklr_m12_s178_3a46badc5554068e,3a46badc5554068e,12,45,178,7075756191909024075,0.11,4,9,"[[0,1,2],[1,1,0],[1,4,2],[1,9,2],[2,0,2],[2,3,2],[2,4,2],[2,8,2],[3,7,0],[3,9,0],[4,0,0],[4,6,0],[4,6,1],[4,9,2],[4,10,1],[5,2,1],[6,0,2],[6,2,2],[6,6,1],[6,10,1],[7,0,0],[7,0,2],[7,5,0],[7,6,1],[8,0,1],[8,2,0],[8,3,2],[8,4,2],[8,6,0],[9,7,1],[9,9,0],[10,1,0],[11,0,0],[11,1,1],[11,2,2],[11,3,1],[11,4,1],[11,7,0],[11,10,0]]",39,390,19575,"[1,1,1,1,1,1,1,1,1,1,1,1,0,0,0,0,0,0,0,0,0,0,0,0,0,0,0,0,0,0,0,0,0,0,0,0,0,0,0,0,0,0,0,0,0]",4095,12,12,0
cklr_m12_s179_efbdc5d5e65621a9,efbdc5d5e65621a9,12,45,179,4288264309073632737,0.11,4,10,"[[0,0,1],[0,6,0],[0,8,1],[1,10,2],[2,3,2],[2,7,2],[2,9,1],[3,2,1],[4,4,1],[4,5,0],[4,7,0],[5,3,0],[5,4,0],[5,4,2],[5,5,2],[5,9,1],[6,6,0],[6,7,0],[6,7,2],[6,9,2],[7,1,0],[7,5,1],[7,6,2],[8,2,1],[8,5,2],[9,2,1],[10,1,1],[10,3,0],[10,8,1],[11,1,2],[11,2,0],[11,4,0],[11,8,0],[11,10,1]]",34,395,19800,"[1,1,1,1,1,1,1,1,1,1,1,1,0,0,0,0,0,0,0,0,0,0,0,0,0,0,0,0,0,0,0,0,0,0,0,0,0,0,0,0,0,0,0,0,0]",4095,12,12,0
cklr_m12_s180_7b949f4ba49b16a5,7b949f4ba49b16a5,12,45,180,1020537985795478732,0.11,4,11,"[[0,0,2],[0,4,0],[0,5,2],[0,10,0],[0,10,2],[1,1,0],[1,3,2],[1,6,0],[1,8,0],[2,0,1],[2,9,1],[3,6,0],[3,10,0],[3,10,1],[4,2,0],[5,1,0],[5,4,0],[5,4,2],[5,8,2],[6,2,0],[7,2,1],[7,10,1],[8,0,0],[8,9,2],[9,1,2],[9,2,1],[9,5,2],[10,0,1],[10,1,0],[10,1,2],[10,7,1],[10,9,1],[10,10,1],[11,1,2],[11,2,2],[11,3,1],[11,6,2]]",37,392,19665,"[1,1,1,1,1,1,1,1,1,1,1,1,0,0,0,0,0,0,0,0,0,0,0,0,0,0,0,0,0,0,0,0,0,0,0,0,0,0,0,0,0,0,0,0,0]",4095,12,12,0
cklr_m12_s181_8de0277f481c480e,8de0277f481c480e,12,45,181,8064095032546128854,0.11,4,12,"[[0,0,1],[0,2,0],[1,1,1],[1,5,1],[1,10,0],[2,6,0],[2,8,1],[2,10,0],[3,0,0],[3,1,2],[3,2,1],[3,2,2],[3,4,0],[3,7,1],[3,10,0],[3,10,2],[4,0,1],[4,7,0],[5,0,0],[5,3,2],[5,6,1],[5,7,1],[5,8,1],[5,8,2],[5,10,2],[6,0,1],[6,0,2],[6,5,0],[6,7,2],[7,6,1],[8,0,2],[8,3,2],[8,6,0],[8,6,2],[8,9,2],[9,5,2],[9,6,1],[9,8,2],[10,2,1],[10,6,0],[11,0,2],[11,2,0],[11,3,2],[11,6,1],[11,6,2],[11,9,2],[11,10,0]]",47,382,19215,"[1,1,1,1,1,1,1,1,1,1,1,1,0,0,0,0,0,0,0,0,0,0,0,0,0,0,0,0,0,0,0,0,0,0,0,0,0,0,0,0,0,0,0,0,0]",4095,12,12,0
cklr_m12_s182_61400c4e5b7bf764,61400c4e5b7bf764,12,45,182,83502656659827418,0.11,4,13,"[[0,9,0],[1,3,0],[1,9,2],[2,0,0],[2,0,2],[2,4,0],[2,5,1],[2,7,0],[2,7,1],[3,3,1],[3,3,2],[3,4,1],[3,4,2],[3,5,2],[4,2,2],[4,6,1],[4,9,0],[5,1,2],[5,3,1],[6,1,2],[6,8,1],[6,9,1],[7,0,1],[7,0,2],[7,4,1],[7,5,1],[7,6,2],[8,7,2],[8,10,1],[9,4,1],[10,0,0],[10,0,2],[10,1,0],[10,3,0],[10,4,1],[10,5,1],[10,10,1],[11,0,1],[11,7,0],[11,7,2]]",40,389,19530,"[1,1,1,1,1,1,1,1,1,1,1,1,0,0,0,0,0,0,0,0,0,0,0,0,0,0,0,0,0,0,0,0,0,0,0,0,0,0,0,0,0,0,0,0,0]",4095,12,12,0
cklr_m12_s183_1a189654b40014f2,1a189654b40014f2,12,45,183,2548083367299955587,0.11,4,14,"[[0,0,0],[0,2,0],[0,2,1],[0,5,1],[0,7,1],[0,8,2],[1,1,0],[1,1,2],[1,3,2],[1,4,2],[1,7,0],[2,0,2],[2,1,0],[2,6,2],[3,1,0],[3,5,2],[4,0,1],[4,2,0],[4,2,2],[4,9,0],[5,1,2],[5,6,0],[5,8,0],[6,2,1],[6,3,0],[6,4,0],[6,6,0],[6,6,2],[6,8,0],[7,8,0],[8,1,0],[8,6,2],[8,7,1],[8,8,0],[8,8,1],[8,8,2],[9,0,0],[9,1,0],[9,2,0],[9,5,1],[9,6,2],[10,5,0],[11,10,0]]",43,386,19395,"[1,1,1,1,1,1,1,1,1,1,1,1,0,0,0,0,0,0,0,0,0,0,0,0,0,0,0,0,0,0,0,0,0,0,0,0,0,0,0,0,0,0,0,0,0]",4095,12,12,0
cklr_m12_s184_5f5608427ac90ed8,5f5608427ac90ed8,12,45,184,7990910536001240761,0.11,4,15,"[[0,5,0],[0,7,1],[0,8,1],[0,9,0],[0,10,1],[1,8,0],[2,1,1],[2,2,2],[2,7,1],[2,8,2],[3,1,1],[3,2,1],[3,5,1],[3,5,2],[3,9,2],[3,10,1],[4,4,1],[4,4,2],[4,5,0],[4,8,2],[5,0,2],[5,1,1],[5,2,2],[5,3,1],[5,9,0],[6,1,2],[6,2,2],[6,4,2],[6,5,2],[6,9,2],[7,3,1],[7,4,2],[7,9,2],[8,0,1],[8,6,2],[8,8,0],[9,3,0],[9,5,2],[9,7,0],[9,10,2],[10,4,2],[11,2,1],[11,9,2],[11,10,2]]",44,385,19350,"[1,1,1,1,1,1,1,1,1,1,1,1,0,0,0,0,0,0,0,0,0,0,0,0,0,0,0,0,0,0,0,0,0,0,0,0,0,0,0,0,0,0,0,0,0]",4095,12,12,0
cklr_m12_s185_aed950469c9c4f02,aed950469c9c4f02,12,45,185,1423525545725953656,0.11,4,16,"[[0,6,0],[0,7,1],[0,10,2],[1,1,1],[1,2,0],[1,6,0],[1,7,1],[2,1,1],[2,1,2],[2,9,2],[2,10,0],[3,6,0],[3,10,0],[4,3,0],[4,3,2],[4,7,2],[4,10,1],[5,0,0],[5,0,2],[5,1,0],[5,2,1],[5,3,1],[5,4,2],[5,8,0],[6,0,0],[6,1,2],[6,7,0],[6,9,0],[7,4,2],[7,5,0],[7,9,2],[8,5,1],[8,7,2],[9,8,1],[10,2,0],[10,3,1],[10,5,2],[10,6,1],[11,3,0],[11,4,0],[11,10,2]]",41,388,19485,"[1,1,1,1,1,1,1,1,1,1,1,1,0,0,0,0,0,0,0,0,0,0,0,0,0,0,0,0,0,0,0,0,0,0,0,0,0,0,0,0,0,0,0,0,0]",4095,12,12,0
cklr_m12_s186_c1cc0505ad1ca2ac,c1cc0505ad1ca2ac,12,45,186,8804725855666997342,0.11,4,17,"[[0,2,0],[0,4,1],[0,6,2],[1,0,0],[1,1,1],[2,0,1],[2,3,2],[3,1,0],[3,2,0],[3,9,0],[4,2,0],[4,5,0],[4,5,1],[4,9,2],[5,1,2],[5,2,0],[5,2,1],[5,2,2],[5,9,0],[5,9,2],[6,2,1],[6,3,2],[6,6,2],[6,7,2],[7,0,1],[7,1,0],[7,1,2],[7,8,2],[8,0,0],[8,0,1],[8,1,1],[8,5,2],[8,7,1],[8,7,2],[9,0,0],[9,2,2],[9,5,2],[9,7,2],[9,10,2],[10,1,0],[10,2,0],[10,3,1],[11,1,2],[11,3,1],[11,5,0],[11,10,0]]",46,383,19260,"[1,1,1,1,1,1,1,1,1,1,1,1,0,0,0,0,0,0,0,0,0,0,0,0,0,0,0,0,0,0,0,0,0,0,0,0,0,0,0,0,0,0,0,0,0]",4095,12,12,0
cklr_m12_s187_c4acfe062f32e1af,c4acfe062f32e1af,12,45,187,2520294742377053819,0.11,4,18,"[[0,0,0],[0,1,2],[0,2,0],[0,8,2],[0,9,1],[1,0,1],[1,7,0],[1,8,1],[1,8,2],[2,2,0],[2,6,0],[3,1,0],[3,6,2],[3,8,1],[4,2,0],[4,2,1],[4,7,0],[5,2,1],[5,3,1],[5,8,0],[5,10,0],[5,10,2],[6,4,0],[6,9,2],[7,4,2],[7,5,1],[7,6,1],[7,8,0],[8,4,2],[8,5,0],[8,5,2],[8,8,0],[8,8,2],[9,7,0],[9,9,2],[10,9,1],[10,9,2],[11,2,0],[11,3,2],[11,5,2],[11,6,0],[11,6,2]]",42,387,19440,"[1,1,1,1,1,1,1,1,1,1,1,1,0,0,0,0,0,0,0,0,0,0,0,0,0,0,0,0,0,0,0,0,0,0,0,0,0,0,0,0,0,0,0,0,0]",4095,12,12,0
cklr_m12_s188_b14895f1f18ac5ca,b14895f1f18ac5ca,12,45,188,7143393329282464230,0.11,4,19,"[[0,0,1],[0,1,1],[0,2,0],[0,2,2],[0,7,1],[0,9,0],[0,9,1],[1,2,0],[1,2,1],[1,4,0],[1,4,1],[1,10,1],[2,3,0],[2,5,1],[2,8,1],[2,9,2],[3,4,2],[3,6,2],[3,7,2],[4,1,0],[4,7,2],[4,10,0],[5,2,1],[5,3,2],[6,7,0],[6,9,0],[7,2,1],[7,6,2],[7,9,2],[8,0,0],[8,1,1],[8,5,0],[8,8,2],[9,0,0],[9,3,2],[9,5,0],[9,10,0],[10,2,2],[10,3,0],[10,4,1],[11,0,0],[11,3,1],[11,6,1],[11,8,1]]",44,385,19350,"[1,1,1,1,1,1,1,1,1,1,1,1,0,0,0,0,0,0,0,0,0,0,0,0,0,0,0,0,0,0,0,0,0,0,0,0,0,0,0,0,0,0,0,0,0]",4095,12,12,0
cklr_m12_s189_555a4ddc3befd2fb,555a4ddc3befd2fb,12,45,189,952276860683406116,0.11,4,20,"[[0,1,0],[0,1,1],[0,10,0],[1,4,0],[1,4,1],[1,6,2],[2,0,0],[2,9,1],[3,1,1],[3,6,0],[3,6,1],[3,7,2],[3,10,1],[4,7,2],[5,2,1],[5,3,0],[5,4,2],[6,7,0],[6,7,1],[6,8,1],[7,1,2],[7,4,2],[7,7,2],[7,8,1],[8,4,0],[8,4,2],[8,8,1],[9,1,2],[9,4,0],[9,4,2],[9,7,0],[9,7,2],[9,8,0],[9,8,2],[10,3,0],[10,5,1],[10,9,2],[11,1,1]]",38,391,19620,"[1,1,1,1,1,1,1,1,1,1,1,1,0,0,0,0,0,0,0,0,0,0,0,0,0,0,0,0,0,0,0,0,0,0,0,0,0,0,0,0,0,0,0,0,0]",4095,12,12,0
cklr_m12_s190_d75791ac99da4869,d75791ac99da4869,12,45,190,5702249218598138491,0.11,4,21,"[[0,0,0],[0,6,2],[0,10,2],[1,1,2],[1,6,0],[1,9,1],[2,2,1],[2,3,0],[2,6,0],[2,6,1],[2,7,2],[3,4,2],[3,8,1],[4,3,2],[4,5,0],[4,9,1],[5,10,1],[6,1,2],[6,2,2],[6,3,0],[6,3,2],[7,1,1],[7,6,0],[7,7,1],[8,2,1],[8,7,2],[8,9,2],[9,0,0],[9,5,1],[9,7,0],[9,9,0],[9,10,1],[9,10,2],[10,2,0],[10,8,2],[11,0,2],[11,2,1],[11,4,0],[11,5,0],[11,10,0]]",40,389,19530,"[1,1,1,1,1,1,1,1,1,1,1,1,0,0,0,0,0,0,0,0,0,0,0,0,0,0,0,0,0,0,0,0,0,0,0,0,0,0,0,0,0,0,0,0,0]",4095,12,12,0
cklr_m12_s191_c2c9dac4bf53a154,c2c9dac4bf53a154,12,45,191,214227814508542828,0.11,4,22,"[[0,2,0],[0,4,1],[0,6,0],[0,10,2],[1,0,0],[1,1,2],[1,3,2],[1,4,2],[1,9,0],[1,9,2],[1,10,2],[2,0,1],[2,1,1],[2,4,2],[2,6,1],[2,9,0],[2,10,1],[3,6,2],[3,8,0],[4,0,1],[4,0,2],[4,3,1],[4,6,2],[5,3,1],[5,3,2],[5,5,2],[6,3,1],[6,8,1],[6,10,1],[7,0,1],[7,1,0],[7,7,2],[7,9,0],[8,1,1],[8,2,1],[8,3,0],[8,3,2],[8,5,0],[8,6,2],[8,7,2],[8,8,0],[9,0,2],[9,4,1],[10,3,1],[10,4,1],[10,6,0],[10,8,0],[11,0,0],[11,2,2],[11,7,0],[11,10,1]]",51,378,19035,"[1,1,1,1,1,1,1,1,1,1,1,1,0,0,0,0,0,0,0,0,0,0,0,0,0,0,0,0,0,0,0,0,0,0,0,0,0,0,0,0,0,0,0,0,0]",4095,12,12,0
cklr_m12_s192_8cbd96645e2d3bc4,8cbd96645e2d3bc4,12,45,192,1284182186038653420,0.11,4,23,"[[0,0,1],[0,0,2],[0,10,1],[1,2,0],[1,3,2],[1,6,0],[2,0,2],[2,1,1],[2,10,0],[3,0,1],[3,1,0],[3,2,0],[3,6,2],[3,7,0],[4,3,1],[5,1,2],[5,4,2],[5,7,0],[6,0,2],[6,2,2],[6,3,2],[6,9,2],[7,5,1],[8,3,0],[8,8,2],[8,10,0],[9,3,1],[9,6,0],[9,6,1],[9,6,2],[9,8,1],[10,1,0],[10,1,2],[10,2,0],[10,3,0],[10,6,1],[11,0,1],[11,2,0],[11,6,1],[11,6,2]]",40,389,19530,"[1,1,1,1,1,1,1,1,1,1,1,1,0,0,0,0,0,0,0,0,0,0,0,0,0,0,0,0,0,0,0,0,0,0,0,0,0,0,0,0,0,0,0,0,0]",4095,12,12,0
cklr_m12_s193_cb8d1db4b847ba73,cb8d1db4b847ba73,12,45,193,2134156188507974369,0.11,4,24,"[[0,0,0],[0,1,2],[0,5,1],[1,1,0],[1,3,2],[1,9,2],[2,0,2],[2,2,1],[2,4,1],[2,7,1],[3,0,2],[3,4,0],[3,4,1],[3,9,1],[3,10,1],[4,0,2],[4,3,0],[4,4,0],[4,10,1],[5,3,1],[5,6,0],[5,9,0],[5,9,1],[6,7,0],[6,8,0],[7,0,1],[7,3,1],[7,4,2],[7,8,2],[8,0,1],[8,1,1],[8,4,1],[8,4,2],[8,6,0],[9,3,2],[9,6,0],[10,4,0],[10,7,0],[10,9,1],[11,3,0],[11,5,1],[11,7,0],[11,8,0],[11,8,2]]",44,385,19350,"[1,1,1,1,1,1,1,1,1,1,1,1,0,0,0,0,0,0,0,0,0,0,0,0,0,0,0,0,0,0,0,0,0,0,0,0,0,0,0,0,0,0,0,0,0]",4095,12,12,0
cklr_m12_s194_eb57f0dc7ad3e7bc,eb57f0dc7ad3e7bc,12,45,194,6350265118261488232,0.11,4,25,"[[0,1,1],[0,6,2],[0,10,2],[1,2,0],[1,4,1],[1,4,2],[1,5,2],[1,7,0],[2,7,2],[2,9,0],[2,10,1],[3,1,1],[3,6,0],[3,7,2],[3,9,1],[4,0,0],[4,0,2],[4,8,1],[4,10,0],[5,2,0],[5,3,2],[5,4,2],[5,9,1],[6,7,0],[6,8,1],[7,1,1],[7,2,2],[7,7,1],[8,1,0],[8,1,1],[8,2,0],[8,3,0],[8,6,2],[8,7,1],[8,7,2],[9,2,0],[9,2,2],[9,5,0],[9,6,1],[9,8,2],[9,10,2],[10,1,0],[10,3,0],[10,3,2],[10,7,0],[10,7,2],[10,9,2],[10,10,1],[11,2,2],[11,3,1],[11,5,0],[11,7,2]]",52,377,18990,"[1,1,1,1,1,1,1,1,1,1,1,1,0,0,0,0,0,0,0,0,0,0,0,0,0,0,0,0,0,0,0,0,0,0,0,0,0,0,0,0,0,0,0,0,0]",4095,12,12,0
cklr_m12_s195_ace5ee0aec6214c7,ace5ee0aec6214c7,12,45,195,989406595461648776,0.11,4,26,"[[0,1,2],[0,5,1],[0,7,1],[1,0,2],[1,2,2],[1,6,2],[2,0,2],[2,2,1],[2,3,0],[2,5,0],[2,7,2],[3,8,2],[3,10,1],[4,7,1],[5,0,1],[5,1,1],[5,1,2],[5,10,0],[6,5,0],[6,7,1],[7,6,2],[7,9,0],[8,2,2],[9,2,1],[9,3,0],[9,3,1],[9,5,1],[9,10,2],[10,1,1],[10,7,0],[11,2,2],[11,5,1],[11,8,2],[11,9,1],[11,10,1]]",35,394,19755,"[1,1,1,1,1,1,1,1,1,1,1,1,0,0,0,0,0,0,0,0,0,0,0,0,0,0,0,0,0,0,0,0,0,0,0,0,0,0,0,0,0,0,0,0,0]",4095,12,12,0
cklr_m12_s196_547f64fc3d0c630d,547f64fc3d0c630d,12,45,196,8103320613174372979,0.11,4,27,"[[0,0,1],[0,2,1],[0,4,1],[0,5,0],[0,6,1],[0,7,0],[0,8,0],[1,3,0],[1,4,1],[2,2,2],[2,8,1],[3,0,1],[3,3,2],[3,4,2],[4,3,0],[4,3,2],[4,8,1],[4,10,1],[5,8,0],[5,8,1],[5,10,2],[6,5,0],[6,10,2],[7,3,2],[7,4,0],[7,8,2],[8,6,2],[8,8,0],[9,0,0],[9,9,0],[10,2,2],[10,4,1],[11,0,1],[11,8,2]]",34,395,19800,"[1,1,1,1,1,1,1,1,1,1,1,1,0,0,0,0,0,0,0,0,0,0,0,0,0,0,0,0,0,0,0,0,0,0,0,0,0,0,0,0,0,0,0,0,0]",4095,12,12,0
cklr_m12_s197_51ab320c68ef6607,51ab320c68ef6607,12,45,197,2672462984383731167,0.11,4,28,"[[0,1,1],[1,2,1],[1,3,2],[1,4,0],[1,6,1],[1,9,2],[2,0,0],[2,2,0],[3,1,2],[3,4,0],[3,4,2],[4,0,0],[4,0,2],[4,1,1],[4,2,2],[4,7,2],[4,10,2],[5,0,2],[5,2,2],[5,8,2],[5,10,1],[6,1,2],[6,5,2],[6,7,1],[6,8,1],[7,2,1],[7,3,1],[7,4,0],[7,5,1],[7,8,0],[7,10,1],[8,3,0],[8,7,2],[8,9,1],[9,0,2],[9,4,1],[9,4,2],[9,8,1],[10,1,1],[10,1,2],[10,5,1],[10,7,1],[10,8,2],[10,9,1],[10,10,1],[11,3,1],[11,8,0],[11,9,2]]",48,381,19170,"[1,1,1,1,1,1,1,1,1,1,1,1,0,0,0,0,0,0,0,0,0,0,0,0,0,0,0,0,0,0,0,0,0,0,0,0,0,0,0,0,0,0,0,0,0]",4095,12,12,0
cklr_m12_s198_f771c2d81583e285,f771c2d81583e285,12,45,198,6293315283642073544,0.11,4,29,"[[0,2,0],[0,2,1],[0,3,1],[0,5,0],[0,6,1],[0,9,2],[0,10,0],[1,2,0],[1,5,0],[1,7,2],[1,8,1],[1,8,2],[1,9,1],[1,9,2],[2,1,1],[2,5,0],[2,5,1],[2,9,0],[3,0,2],[3,2,1],[3,3,2],[3,5,2],[3,6,2],[4,3,1],[4,5,2],[4,6,0],[4,6,1],[5,1,1],[5,1,2],[5,2,2],[5,7,0],[5,9,2],[6,0,0],[6,1,0],[6,2,2],[7,0,1],[7,1,0],[7,3,1],[8,9,2],[9,0,2],[9,1,0],[9,3,0],[9,6,0],[10,1,2],[10,4,1],[11,2,2],[11,4,2],[11,7,0],[11,8,2]]",49,380,19125,"[1,1,1,1,1,1,1,1,1,1,1,1,0,0,0,0,0,0,0,0,0,0,0,0,0,0,0,0,0,0,0,0,0,0,0,0,0,0,0,0,0,0,0,0,0]",4095,12,12,0
cklr_m12_s199_3eedae57fdc2bae0,3eedae57fdc2bae0,12,45,199,3466663299903853753,0.11,4,30,"[[0,0,1],[0,0,2],[0,3,0],[0,3,1],[0,6,2],[0,8,2],[1,2,0],[1,8,0],[1,9,2],[2,0,2],[2,6,1],[2,7,1],[2,9,2],[2,10,1],[3,4,1],[3,10,0],[5,5,0],[5,10,2],[6,3,1],[6,6,1],[6,7,0],[7,0,1],[7,1,1],[7,2,1],[7,3,1],[7,3,2],[7,4,2],[7,5,2],[7,6,1],[7,10,0],[8,0,2],[8,1,1],[8,5,2],[8,6,1],[9,9,0],[10,1,2],[10,3,2],[10,5,0],[10,8,0],[11,0,2],[11,2,2],[11,3,0],[11,7,1],[11,8,0]]",44,385,19350,"[1,1,1,1,1,1,1,1,1,1,1,1,0,0,0,0,0,0,0,0,0,0,0,0,0,0,0,0,0,0,0,0,0,0,0,0,0,0,0,0,0,0,0,0,0]",4095,12,12,0
